week_end,week_last_trade_date,regime,regime_name,spy_weekly_close,tlt_weekly_close,gld_weekly_close,next_return_spy,next_return_tlt,next_return_gld,jm_pc1,jm_pc2,jm_pc3,jm_pc4,jm_pc5,jm_pc6,jm_regime_distance_0,jm_regime_score_0,jm_regime_distance_1,jm_regime_score_1,jm_regime_distance_2,jm_regime_score_2,jm_regime_changed,jm_regime_duration_weeks,jm_stress_score,best_asset_next_week
2014-03-28,2014-03-28,0,R0: Calm / risk-on,151.3328094482422,78.87637329101562,124.55999755859376,0.0049053479585636,-0.0057689309186917,0.0081085593772216,-0.979522681097189,-1.1666483958266451,0.1059424936327411,-0.5151613989532409,0.005594423759615734,-0.024203586124527426,4.680391506099027,0.5747751265487048,18.79795489869842,0.3726428267069303,82.5919217970551,0.05258204674436499,1,1,0.05258204674436499,GLD
2014-04-04,2014-04-04,0,R0: Calm / risk-on,152.0751495361328,78.42134094238281,125.56999969482422,-0.0262337532811506,0.0209292058385566,0.0108306172943919,-0.9795226810971961,-1.1666483958266505,0.1059424936327391,-0.51516139895324,0.005594423759617513,-0.024203586124522572,4.680391506099015,0.5747751265487051,18.797954898698435,0.37264282670693016,82.59192179705524,0.05258204674436475,0,2,0.05258204674436475,TLT
2014-04-11,2014-04-11,0,R0: Calm / risk-on,148.0856475830078,80.06263732910156,126.93000030517578,0.0268856863735698,-0.0061410505271122,-0.017174823130343,-0.9795226810972079,-1.166648395826673,0.10594249363273678,-0.5151613989532379,0.005594423759624242,-0.02420358612452071,4.680391506099025,0.5747751265487052,18.797954898698404,0.3726428267069307,82.59192179705568,0.05258204674436409,0,3,0.05258204674436409,SPY
2014-05-02,2014-05-02,0,R0: Calm / risk-on,153.4295654296875,81.69205474853516,125.05999755859376,-0.0005322640316016,-0.0130422101582426,-0.0076763081977743,-0.979522681097196,-1.1666483958266525,0.10594249363273975,-0.5151613989532423,0.005594423759618186,-0.024203586124527044,4.680391506099019,0.5747751265487051,18.79795489869844,0.37264282670693016,82.59192179705526,0.0525820467443647,0,4,0.0525820467443647,SPY
2014-05-09,2014-05-09,0,R0: Calm / risk-on,153.347900390625,80.6266098022461,124.0999984741211,0.000479014126439,0.0206758377806886,0.0032232194262462,-0.9795226810971912,-1.1666483958266505,0.10594249363273633,-0.5151613989532414,0.005594423759614168,-0.024203586124527984,4.680391506099035,0.5747751265487048,18.797954898698404,0.37264282670693044,82.59192179705519,0.05258204674436481,0,5,0.05258204674436481,TLT
2014-05-16,2014-05-16,0,R0: Calm / risk-on,153.42135620117188,82.29363250732422,124.5,0.0122311907896686,-0.007398396739002,8.033844361832188e-05,-0.9795226810971933,-1.166648395826653,0.10594249363274388,-0.5151613989532446,0.00559442375961432,-0.02420358612452304,4.680391506099032,0.5747751265487049,18.797954898698418,0.37264282670693044,82.59192179705524,0.05258204674436476,0,6,0.05258204674436476,SPY
2014-05-23,2014-05-23,0,R0: Calm / risk-on,155.29788208007812,81.6847915649414,124.51000213623048,0.0122401131425653,0.0124225371871471,-0.0327684664770195,-0.9795226810971908,-1.1666483958266542,0.10594249363273847,-0.5151613989532399,0.005594423759616934,-0.024203586124526902,4.680391506099043,0.5747751265487046,18.79795489869838,0.3726428267069308,82.59192179705524,0.052582046744364744,0,7,0.052582046744364744,TLT
2014-05-30,2014-05-30,0,R0: Calm / risk-on,157.19874572753906,82.69952392578125,120.43000030517578,0.0140130576284993,-0.0194716738415984,0.0014946467219103,-0.9795226810971941,-1.1666483958266525,0.10594249363273775,-0.5151613989532383,0.005594423759618192,-0.02420358612453136,4.680391506099025,0.5747751265487049,18.79795489869842,0.3726428267069303,82.59192179705522,0.05258204674436478,0,8,0.05258204674436478,SPY
2014-06-06,2014-06-06,0,R0: Calm / risk-on,159.40158081054688,81.08922576904297,120.61000061035156,-0.0063977151482279,0.0050185693652562,0.0194842754516941,-0.9795226810971922,-1.1666483958266534,0.10594249363274043,-0.5151613989532403,0.005594423759617225,-0.024203586124529688,4.680391506099034,0.5747751265487048,18.797954898698404,0.37264282670693044,82.59192179705524,0.052582046744364744,0,9,0.052582046744364744,GLD
2014-06-13,2014-06-13,0,R0: Calm / risk-on,158.38177490234375,81.49617767333984,122.95999908447266,0.0141600322475352,-0.0031208963751374,0.0287898580179346,-0.9795226810971928,-1.166648395826652,0.10594249363273843,-0.5151613989532371,0.005594423759619286,-0.02420358612452891,4.680391506099028,0.5747751265487048,18.797954898698407,0.37264282670693044,82.5919217970552,0.0525820467443648,0,10,0.0525820467443648,GLD
2014-06-20,2014-06-20,0,R0: Calm / risk-on,160.6244659423828,81.24183654785156,126.5,-0.0006124435185436,0.0128802754934249,0.0012648510838686,-0.9795226810971918,-1.1666483958266525,0.10594249363273436,-0.515161398953238,0.0055944237596164004,-0.0242035861245266,4.6803915060990375,0.5747751265487046,18.79795489869839,0.3726428267069306,82.59192179705519,0.05258204674436483,0,11,0.05258204674436483,TLT
2014-06-27,2014-06-27,0,R0: Calm / risk-on,160.52609252929688,82.28825378417969,126.66000366210938,0.0121539075446772,-0.0200861586365485,0.0039475760740845,-0.9795226810971915,-1.1666483958266523,0.1059424936327396,-0.5151613989532408,0.005594423759617893,-0.024203586124528578,4.680391506099034,0.5747751265487048,18.797954898698407,0.37264282670693044,82.59192179705522,0.052582046744364765,0,12,0.052582046744364765,SPY
2014-07-18,2014-07-18,0,R0: Calm / risk-on,162.07542419433594,83.4329605102539,126.12999725341795,5.074481430833444e-05,0.0100415838913285,-0.0026956025156132,0.45472580578499333,0.9425340104734736,2.772616331233495,-2.0044103300526226,-3.2093817422055544,0.7302123133421041,33.08638203972446,0.5009665856589717,47.85142051790277,0.3183991408880676,66.31714309001994,0.18063427345296068,0,13,0.18063427345296068,TLT
2014-07-25,2014-07-25,0,R0: Calm / risk-on,162.08364868164062,84.27075958251953,125.79000091552734,-0.0264013095451706,-0.0069821865609612,-0.011209187151976,0.3555024815896982,0.3633466671342062,3.2253501487747718,-1.9094617711045105,-2.5042772684023134,0.8137002601832022,29.49908829824324,0.5174247305304746,42.876695919149924,0.3431678075602123,72.22275268457601,0.13940746190931325,0,14,0.13940746190931325,TLT
2014-08-01,2014-08-01,1,R1: Growth / trend,157.80442810058594,83.68236541748047,124.37999725341795,0.0038445654562893,0.0083800622058884,0.0145522208390187,4.361189702986105,4.623130074838144,-1.1177757470107703,-2.3139693241533665,0.2258633321339194,2.334694738816698,83.88254878847968,0.11420879126543233,78.74060533257416,0.13373596834374624,22.48183072989312,0.7520552403908215,1,1,0.7520552403908215,GLD
2014-08-08,2014-08-08,1,R1: Growth / trend,158.41111755371094,84.38362884521484,126.19000244140624,0.0128333399636337,0.0189574796631313,-0.0056264289621701,3.2414325266943314,1.7147057038634423,1.711192736858579,-1.0218258766250752,-1.4511896255724144,-2.4682116881905696,49.366011599229694,0.2561320218113195,45.69610196048125,0.28667411017722005,30.49036677568139,0.45719386801146045,0,2,0.45719386801146045,TLT
2014-08-15,2014-08-15,1,R1: Growth / trend,160.44406127929688,85.98332977294922,125.4800033569336,0.0177298570347381,-0.0035674334541229,-0.0182499271139907,2.2663099798203943,0.0058738002103867325,3.359463274635176,-1.5768448845105287,-1.287423590411373,-0.1759637832355454,38.29780796171506,0.3670574456909608,32.74908896541385,0.4352167168668127,58.45120663620787,0.19772583744222658,0,3,0.19772583744222658,SPY
2014-08-22,2014-08-22,1,R1: Growth / trend,163.28871154785156,85.67658996582031,123.19000244140624,0.0076309498790285,0.015005607400736,0.0054387381740981,-0.3569142712011049,-1.7100390346711458,0.8572235571498269,1.1982867847885452,-1.9716278582666906,-0.15586415439912277,16.53109927209304,0.4793452233279398,17.612362801399467,0.46369645574269913,85.92362408999594,0.05695832092936116,0,4,0.05695832092936116,TLT
2014-08-29,2014-08-29,1,R1: Growth / trend,164.53475952148438,86.96221923828125,123.86000061035156,0.0019927756319002,-0.0256702045004558,-0.0145325613021785,-0.020728170030441095,-4.370401376108307,2.434433139349425,-2.4164041176541002,-1.3418712285573569,-0.9729815496340344,38.76127443790633,0.40158187791213223,26.625756012384816,0.5828490710866678,144.64097185350982,0.015569051001199886,0,5,0.015569051001199886,SPY
2014-09-05,2014-09-05,1,R1: Growth / trend,164.86264038085938,84.7298812866211,122.05999755859376,-0.0098455838239804,-0.0203052212306906,-0.0301491100998037,-0.9285778540021601,-1.7003137831458786,-2.6181356966583578,3.398420788066929,-2.069948142516867,4.076880802141085,52.671898596666324,0.41112617657638945,43.3576731522582,0.5471994889706899,127.24136271330865,0.041674334452920625,0,6,0.041674334452920625,SPY
2014-09-12,2014-09-12,1,R1: Growth / trend,163.23947143554688,83.0094223022461,118.37999725341795,0.0125952719286914,0.0107594420733201,-0.0108971189851085,-0.5138344366100673,0.1352385993639249,-6.137874641315396,2.925300717884212,-0.22117756242732634,5.1055220082607535,85.62425839036327,0.4108732068163113,79.31997662294084,0.49859965245202176,134.9015209223408,0.09052714073166696,0,7,0.09052714073166696,SPY
2014-09-19,2014-09-19,1,R1: Growth / trend,165.29551696777344,83.90255737304688,117.08999633789062,-0.0139506777883147,0.0122168435165217,-0.0002562027520291,0.3387291074242381,-0.6422195756806827,-1.7383312590671025,1.1919303164503556,0.0027032530967075596,2.935755046185457,26.269851543774713,0.41308433772831626,19.997137378009107,0.5007973729543601,77.3484651224981,0.08611828931732367,0,8,0.08611828931732367,TLT
2014-09-26,2014-09-26,1,R1: Growth / trend,162.98953247070312,84.92758178710938,117.05999755859376,-0.0069734335847106,0.0171839195488745,-0.02092941226157,2.6860078518597823,1.2610262671161672,-0.4740449862350859,0.5688709033317367,0.2518783395943472,1.5766652259958782,35.45366978775651,0.2814745952352061,23.946847882593804,0.400718945547632,31.498797207128884,0.3178064592171619,0,9,0.3178064592171619,TLT
2014-10-03,2014-10-03,2,R2: Stress / risk-off,161.85293579101562,86.38697052001953,114.61000061035156,-0.0304296310598259,0.0199655336042943,0.026001184117173,3.797737762634233,1.8457337573760721,2.0856921850940484,-0.4841127971261643,-2.584239464319219,2.440773373032239,64.40936794920323,0.20049784661534265,45.93712327211856,0.353482885273947,38.3620648900677,0.44601926811071047,1,1,0.44601926811071047,GLD
2014-10-10,2014-10-10,2,R2: Stress / risk-off,156.9278106689453,88.11173248291016,117.58999633789062,-0.0108634214799258,0.0084965937687488,0.0119057876475821,8.450110869150267,4.814396897303666,4.119857632354922,-2.542772132380022,1.8383611037893606,2.299766110514821,175.7045940665786,0.025760421829146524,142.23377309061829,0.07197171963616905,59.858070911690035,0.9022678585346844,0,2,0.9022678585346844,GLD
2014-10-17,2014-10-17,2,R2: Stress / risk-off,155.22303771972656,88.86038208007812,118.98999786376952,0.0422343258626498,-0.011150836757073,-0.0053785982110963,7.289531354508379,3.1218335383587954,3.9132655230912268,-1.1325858650819203,-1.2942498197583516,1.053569971293487,127.68445729946916,0.05269896164267979,90.36347625190275,0.16570611368126925,39.832457162775235,0.781594924676051,0,3,0.781594924676051,SPY
2014-10-24,2014-10-24,1,R1: Growth / trend,161.77877807617188,87.86951446533203,118.3499984741211,0.0266257410868211,-0.0039255956704183,-0.0480776923140892,2.4584742151480263,-0.5330090826424099,1.7029792016458303,2.4188775418584845,-5.712911755592202,-0.0867356458579516,73.19845423247432,0.2548693480483854,48.37029134507867,0.5461460743718753,81.26205990725404,0.19898457757973928,1,1,0.19898457757973928,SPY
2014-10-31,2014-10-31,1,R1: Growth / trend,166.0862579345703,87.52457427978516,112.66000366210938,0.0083308305685017,0.0066409397263131,0.0027516203489883,1.2703314000301285,-3.1868645208192765,-1.0588157237927023,0.28333071811805055,-5.512382026697221,2.287505829905717,68.76451101047543,0.2284670619078208,30.549886142880244,0.7383690548026955,131.63605639789648,0.03316388328948365,0,2,0.03316388328948365,SPY
2014-11-07,2014-11-07,1,R1: Growth / trend,167.4698944091797,88.10581970214844,112.97000122070312,0.0044260265339275,-0.0021709865584316,0.0132778612356525,-0.22352859831800054,-1.7688241691200155,2.4259415738238963,1.105769891912322,-3.4578814740464003,4.680308563990787,53.84056603488909,0.4179727312820393,45.72964954772173,0.5361383253062829,125.8096373997161,0.045888943411677804,0,3,0.045888943411677804,GLD
2014-11-14,2014-11-14,1,R1: Growth / trend,168.21112060546875,87.91454315185547,114.47000122070312,0.0119464246902452,0.0051049475685218,0.0080370241909188,-0.2986693934685837,-2.4041969099310934,2.419254402445594,0.5591993550908121,-3.308057802937747,5.2142885269759125,59.195460874767925,0.3962842045208245,47.21697215240972,0.5723943753161794,141.8705873575594,0.03132142016299605,0,4,0.03132142016299605,SPY
2014-11-21,2014-11-21,1,R1: Growth / trend,170.22064208984375,88.36334228515625,115.38999938964844,0.002516498469824,0.0198997406311192,-0.0284253297222143,-1.0872156877496522,-1.7639019097758668,3.1806120857013624,1.3242292193367644,-1.0794379677708685,3.659671969164002,33.42164767711786,0.5345545809182374,40.69269453372874,0.4276216541213659,119.70197788463179,0.03782376496039668,0,5,0.03782376496039668,TLT
2014-11-28,2014-11-28,1,R1: Growth / trend,170.6490020751953,90.12174987792967,112.11000061035156,0.0038608136357591,-0.0091887889697281,0.0206939584532479,0.5189734941680229,-3.709873633488905,4.4200067501003275,-2.1321427560646047,-2.1208221006756087,2.3755940067821175,56.88631442838534,0.36822925403624807,40.41534984616137,0.6105164076504345,149.80092093817353,0.021254338313317498,0,6,0.021254338313317498,GLD
2014-12-05,2014-12-05,1,R1: Growth / trend,171.30784606933594,89.29364013671875,114.43000030517578,-0.0341828428699069,0.0430257582603264,0.0260421510878805,-1.1043844347657223,-0.337656099834337,4.294432487446446,3.378631370107915,-1.6374270286213177,4.529100372964312,58.251158910777356,0.5681480090371945,73.53872364615829,0.3553519251861443,123.57119088647667,0.07650006577666123,0,7,0.07650006577666123,TLT
2014-12-12,2014-12-12,2,R2: Stress / risk-off,165.45205688476562,93.13556671142578,117.41000366210938,0.0336993245268451,-0.0034040646440519,-0.0224853669763998,4.708962322938048,3.1092802169191436,8.895655145829217,-2.584005490409922,3.594446300777482,3.677145663200811,168.84198375636754,0.20224315411057703,171.6005482161924,0.18582264291287354,132.7741137861997,0.6119342029765494,1,1,0.6119342029765494,SPY
2014-12-19,2014-12-19,2,R2: Stress / risk-off,171.02767944335938,92.81852722167967,114.7699966430664,0.009296897792473,-0.0095069748173377,0.0005228299184749,2.1905149806207214,1.9245727187356207,4.5710555338559855,3.044147939401406,-4.6136679553130255,2.771372311928191,90.35636874044864,0.2763742160170817,87.03381806936034,0.30604929204245584,76.91141006971597,0.4175764919404625,0,2,0.4175764919404625,SPY
2014-12-26,2014-12-26,2,R2: Stress / risk-off,172.61770629882812,91.93610382080078,114.83000183105467,-0.014440706061184,0.0233903880326455,-0.0065313941308078,0.15831905502123128,0.3351339078804116,3.620370391797229,3.448496762267733,-4.641249732831639,2.432703365812957,65.06850079024206,0.44911777818439347,70.00215594073569,0.3860008892713573,97.71268317971531,0.16488133254424917,0,3,0.16488133254424917,TLT
2015-01-02,2015-01-02,2,R2: Stress / risk-off,170.12498474121094,94.0865249633789,114.08000183105467,-0.0057439423835248,0.0294531940968083,0.0278751775432577,3.1890723745048737,1.4174168683645088,5.813005280783957,0.030580437287479143,-1.2994272141234957,4.388807862373256,90.67336116713676,0.27556156111470953,80.66154478435004,0.3747045535297869,82.9082350183571,0.34973388535550365,0,4,0.34973388535550365,TLT
2015-01-09,2015-01-09,2,R2: Stress / risk-off,169.14779663085938,96.85767364501952,117.26000213623048,-0.0128273826438146,0.0161745315934704,0.0448575337797194,5.295071610878257,2.3527775416040484,7.470660012452498,-0.2528130870837381,-2.085382937734058,3.241128415657006,138.35227327043862,0.13394877232914673,117.43210308629,0.2545841714262838,88.88708370738432,0.6114670562445694,0,5,0.6114670562445694,GLD
2015-01-16,2015-01-16,2,R2: Stress / risk-off,166.9780731201172,98.42430114746094,122.5199966430664,0.0165650879665908,0.0118631047844801,0.013956960175643,5.44574520685587,2.1615090601352667,7.837330880315242,0.5032609212467951,-1.6258515238413442,3.4256280685453624,145.2892956916237,0.12998452680624586,121.7729183185391,0.26754391936526867,95.32823760194528,0.6024715538284854,0,6,0.6024715538284854,SPY
2015-01-23,2015-01-23,1,R1: Growth / trend,169.74407958984375,99.5919189453125,124.2300033569336,-0.0269306569697388,0.0260444691900663,-0.0062787280657983,3.250154719747342,-0.5085308208902263,7.715018877782194,0.8668118084530982,-4.347019857196738,1.2809686453224305,115.97627809889195,0.2721441791593094,95.82619646699337,0.5051559163101528,122.50821009541673,0.22269990453053784,1,1,0.22269990453053784,TLT
2015-01-30,2015-01-30,1,R1: Growth / trend,165.17276000976562,102.18573760986328,123.4499969482422,0.0305840442496565,-0.0510218655965507,-0.038963124159577,7.503261291046154,0.7081979478912701,6.568275739393946,-4.0739761403948656,-2.7846791850577186,3.6010430340437414,182.0575362465447,0.08678363896106783,127.0879465476782,0.4690864478218449,128.8689353166759,0.4441299132170873,0,2,0.4441299132170873,SPY
2015-02-06,2015-02-06,1,R1: Growth / trend,170.2244110107422,96.97203063964844,118.63999938964844,0.020578662612821,-0.0211513984150514,-0.0055630144648536,2.0955919908443725,0.12989945767828912,-1.023973035530595,5.622048599859578,-5.553446983742754,7.1825081234139025,149.37032695643134,0.19893544236933217,112.10398120685865,0.6244825096066332,153.25334582725935,0.17658204802403465,0,3,0.17658204802403465,SPY
2015-02-13,2015-02-13,1,R1: Growth / trend,173.72740173339844,94.92093658447266,117.9800033569336,0.0069596155567319,-0.0128714621262411,-0.0228852729345006,0.068367781511767,-1.611816867876613,-0.6915379038257331,5.644552771240802,-3.317602436707571,4.685443105356718,84.20751960597103,0.32744431594564166,63.9022037413738,0.6107075950833788,138.50171595009343,0.0618480889709795,0,4,0.0618480889709795,SPY
2015-02-20,2015-02-20,1,R1: Growth / trend,174.9364776611328,93.69916534423828,115.27999877929688,-0.0027455731917198,0.0236285349062566,0.0076336302232034,0.4382664161993277,-1.0129387212915535,-2.3075075835852483,5.140152597458319,-3.0093572214840023,6.01047863832964,97.4560083199102,0.29592423373400983,72.9940293476417,0.6270324826183374,141.29618850120204,0.07704328364765278,0,5,0.07704328364765278,TLT
2015-02-27,2015-02-27,1,R1: Growth / trend,174.4561767578125,95.91313934326172,116.16000366210938,-0.0150001399438125,-0.0446940932473837,-0.0370179314410649,0.7996610776197951,-3.180760431770747,0.6387657707495525,0.37621946936074796,-1.962035139544993,3.395262384088301,41.28157561891954,0.29524218078288994,14.283677137594232,0.6762308304702459,117.41248140487623,0.028526988746864112,0,6,0.028526988746864112,SPY
2015-03-06,2015-03-06,1,R1: Growth / trend,171.8393096923828,91.62638854980467,111.86000061035156,-0.0080485463023616,0.0260724413875705,-0.008760981151317,1.6104997242376564,0.6455023171093514,-4.832553133526263,6.094027850147336,-0.15178886555085797,9.583176864361807,182.72839206421526,0.22407873899372638,149.72053773229374,0.6172166352807075,193.9659520676871,0.1587046257255661,0,7,0.1587046257255661,TLT
2015-03-13,2015-03-13,1,R1: Growth / trend,170.4562530517578,94.01531219482422,110.87999725341795,0.0268144693309591,0.0378004142735706,0.0242604843798672,2.9196482539480297,0.44962994493407826,-0.14776495236036583,2.6151618425715695,2.3776825153437815,3.985820538060608,62.58662974628718,0.2581839836786208,40.432873120802405,0.5096443868168719,66.04617343951193,0.23217162950450737,0,8,0.23217162950450737,TLT
2015-03-20,2015-03-20,1,R1: Growth / trend,175.02694702148438,97.56912994384766,113.56999969482422,-0.0221947199466878,-0.0034218808169569,0.0131196431079805,0.76758163156858,-2.127128223365242,3.110777068571928,2.9282598221162344,0.060286350417863066,2.0461323814011916,40.21087810607221,0.38618189035687034,28.441739705346738,0.5542294403201281,101.0923669925933,0.059588669323001484,0,9,0.059588669323001484,GLD
2015-03-27,2015-03-27,1,R1: Growth / trend,171.14227294921875,97.23526000976562,115.05999755859376,0.0034023776789902,-0.0004299786109179,0.0019120565389467,1.7059506524840244,-0.4176750999477398,1.2036139589570543,2.6129309177870006,0.4945188331937311,4.396762675826738,50.26624771404112,0.3270306835912282,33.86379081279097,0.5410710018980646,79.84699585509085,0.13189831451070724,0,10,0.13189831451070724,SPY
2015-04-03,2015-04-02,1,R1: Growth / trend,171.7245635986328,97.19345092773438,115.27999877929688,0.0174384699818492,-0.0084913347159272,0.0059854480283891,2.2531406529616467,-1.4525998162229508,1.5132182704271062,3.885423700321008,-0.4886342189554648,2.793292612307024,55.69272347641019,0.26204781247494807,27.13932346423331,0.6295553641234463,84.44944929045221,0.10839682340160567,0,11,0.10839682340160567,SPY
2015-04-10,2015-04-10,1,R1: Growth / trend,174.71917724609375,96.36814880371094,115.97000122070312,-0.0099504855552593,0.0141186490621689,-0.0031905039466014,-0.22052023049011268,-2.733727706093116,1.055350016665113,4.159842416003074,-0.9528059780803619,2.66364900183276,44.28981478216796,0.3839589923827886,30.826173133113155,0.5804601759510385,121.78190070609486,0.0355808316661729,0,12,0.0355808316661729,TLT
2015-04-17,2015-04-17,1,R1: Growth / trend,172.9806365966797,97.7287368774414,115.5999984741211,0.0177925046965723,-0.0181058575193521,-0.0220587842216464,1.3674278736706933,-0.7141565498511908,2.0617359815940204,2.500164241550177,1.6007397841422615,3.677012787776613,44.82912740384957,0.3741435903678459,34.45325682671809,0.5144722477489243,84.30131921132056,0.11138416188322989,0,13,0.11138416188322989,SPY
2015-04-24,2015-04-24,1,R1: Growth / trend,176.0583953857422,95.9592742919922,113.0500030517578,-0.0043937670147319,-0.0373086256538821,0.0002653585005489,-0.2478507897953849,-3.481543532998365,0.18244406601156565,5.442444971733404,-1.1184371072999826,4.135258128612505,72.47266599131775,0.3151725582691333,48.320877965024856,0.661489054035918,157.271536685259,0.02333838769494866,0,14,0.02333838769494866,GLD
2015-05-01,2015-05-01,1,R1: Growth / trend,175.2848358154297,92.37916564941406,113.08000183105467,0.0042709154246101,-0.0120163636216481,0.0078705286101616,0.22522496316357657,-1.905412776917189,-2.227039161712623,5.859462251080419,-0.2478800452975935,6.507960769703198,102.35704773075354,0.2960202011286459,76.3551555269548,0.6575970747858039,162.73872575761263,0.046382724085550324,0,15,0.046382724085550324,GLD
2015-05-08,2015-05-08,1,R1: Growth / trend,176.03346252441406,91.26910400390624,113.97000122070312,0.0038746489520373,-0.007509180106637,0.0312362684957756,0.07000586973902705,-1.303860114881786,-0.7144009210482987,4.870227400573833,0.6169813755765536,5.272180867812926,67.54268690373958,0.3768731749560641,54.63100947319642,0.5601759022160748,125.84114627805606,0.06295092282786102,0,16,0.06295092282786102,GLD
2015-05-15,2015-05-15,1,R1: Growth / trend,176.7155303955078,90.58374786376952,117.52999877929688,0.0025894488400151,-0.0097875910480195,-0.0164213419996712,0.3665934938221832,-1.9213066998222978,0.4744902027123959,4.510077945831685,0.36200120625152604,4.3663004271118435,57.47541693852078,0.35634786150621434,41.03993517145978,0.5901741422283268,119.26235623066653,0.053477996265458995,0,17,0.053477996265458995,SPY
2015-05-22,2015-05-22,1,R1: Growth / trend,177.17312622070312,89.69715118408203,115.5999984741211,-0.0086861688412016,0.0191867079307821,-0.0129757787179884,-0.3657719878059179,-2.961093839893576,-1.007156268682681,4.789850035370587,0.14908669321785178,3.316512752621858,54.7430967994774,0.3565643738666895,37.005414525740626,0.6146161524123283,136.6896050590545,0.02881947372098226,0,18,0.02881947372098226,TLT
2015-05-29,2015-05-29,1,R1: Growth / trend,175.63417053222656,91.41814422607422,114.0999984741211,-0.006488241333178,-0.0395767644751755,-0.0163014954883934,2.3127518517292134,-2.415539597716982,-0.033785051020802905,1.213140675527323,1.8590780275709067,3.015194866834994,46.41969390115386,0.24917875899494493,13.045516658987031,0.694115180983723,94.64323375138262,0.056706060021332036,0,19,0.056706060021332036,SPY
2015-06-05,2015-06-05,1,R1: Growth / trend,174.49461364746094,87.80010986328125,112.23999786376952,0.0011437886635328,0.0029757208291594,0.0088204339986328,1.0589769466467096,-0.76823515121885,-4.166411828511932,5.52192240232692,0.3446639467935973,4.423697600520258,90.6848446919801,0.2811800275754278,65.03819040827203,0.6178559254201842,124.05131032957098,0.10096404700438787,0,20,0.10096404700438787,GLD
2015-06-12,2015-06-12,1,R1: Growth / trend,174.69419860839844,88.0613784790039,113.2300033569336,0.0086922084742984,0.0095810387822061,0.0166916835963577,1.5590582296489546,-0.4014252838005013,-1.3801982223431697,3.433081949260634,1.6820091215412525,1.7727586836191438,41.3516983816,0.33504927371871934,27.031729422645515,0.5200106119313143,68.64990699878042,0.1449401143499664,0,21,0.1449401143499664,GLD
2015-06-19,2015-06-19,1,R1: Growth / trend,176.21267700195312,88.90509796142578,115.12000274658205,-0.0046961130295315,-0.0323314169976767,-0.0222377095805297,0.8458336191403532,-1.8872093694144263,0.5156295416057038,2.830880821049531,2.048471573030561,0.8913450167240569,30.578313598341545,0.38846924328340265,19.56735620738526,0.5446867404565242,87.90919737093225,0.0668440162600731,0,22,0.0668440162600731,SPY
2015-06-26,2015-06-26,1,R1: Growth / trend,175.38516235351562,86.03067016601562,112.55999755859376,-0.0119628934712435,0.0088988216965057,-0.0071072800258976,-0.21978095402748282,-1.4607676707786632,-3.99904836979261,5.0048501203538835,0.5897996015452569,3.354720808496103,68.29989349058734,0.3698967592794418,54.09830329966276,0.5720130163264726,128.6074881908931,0.05809022439408554,0,23,0.05809022439408554,TLT
2015-07-17,2015-07-17,1,R1: Growth / trend,177.60867309570312,88.83139038085938,108.6500015258789,-0.0210850531136289,0.0224900861507741,-0.0303727842191682,-1.009796619917389,-3.1628687265465905,0.5823018301945656,3.0597291007554563,-0.8270636918696959,-0.7011230879723046,26.2625868840745,0.4707860921531177,24.1698821614775,0.5020212012769169,119.15472662395855,0.027192706569965617,0,24,0.027192706569965617,TLT
2015-07-24,2015-07-24,1,R1: Growth / trend,173.86378479003906,90.82921600341795,105.3499984741211,0.0120196550268787,0.0093908804471203,-0.0039866936405175,2.0133622920467587,-0.46862760376620943,0.8596332998216629,1.0545918447966458,1.4296217243006473,2.664135446800117,34.24224414924247,0.33485908374879264,19.48740311692565,0.52669962824028,63.016407899880505,0.13844128801092737,0,25,0.13844128801092737,SPY
2015-07-31,2015-07-31,1,R1: Growth / trend,175.9535675048828,91.68218231201172,104.93000030517578,-0.0121142529289647,0.0169880636270367,-0.0026684339891597,0.9048177383696642,-3.490204862818703,0.37495945654458385,-0.33758218621716346,-0.9141974689960308,1.3567204018508014,29.40975599053782,0.30823786234156925,4.373376243070249,0.664741801709733,108.71160739047657,0.027020335948697877,0,26,0.027020335948697877,TLT
2015-08-07,2015-08-07,1,R1: Growth / trend,173.822021484375,93.23968505859376,104.6500015258789,0.0070690684363916,-0.0030557775757231,0.0210224263369758,0.7061756606562887,-0.9530622231547047,1.9720845194245507,1.7820041570183935,1.924432711729668,2.1393236786747227,27.837903404375492,0.4445105270183252,26.306119762102018,0.4659107039880907,80.0217090718754,0.08957876899358409,0,27,0.08957876899358409,GLD
2015-08-14,2015-08-14,1,R1: Growth / trend,175.05078125,92.95476531982422,106.8499984741211,-0.05534308891951,0.0196838137170549,0.040056142633764,0.44063135166479267,-1.3187644997061638,1.7625757281593195,1.949449808654832,-0.45020997552712994,0.5963795398542542,20.309988014270882,0.44112269481601557,17.729509603871016,0.4774858255919771,75.366998350537,0.08139147959200738,0,28,0.08139147959200738,GLD
2015-08-21,2015-08-21,2,R2: Stress / risk-off,165.36293029785156,94.7844696044922,111.12999725341795,0.0073293670658309,-0.0319623393882123,-0.0218662860184766,8.12193418098131,5.57265822111081,3.429081960443394,-1.5731296515525537,6.448020195287486,3.3173721021978992,209.48085443240595,0.026524605088213464,187.18811400396643,0.052582315479160355,93.92104295275735,0.9208930794326262,1,1,0.9208930794326262,SPY
2015-08-28,2015-08-28,2,R2: Stress / risk-off,166.57493591308594,91.75493621826172,108.6999969482422,-0.0335709977094631,0.0047914177546042,-0.0111315466278147,7.073340221231838,4.821001056417,-0.6619506607557811,2.082242715650834,-1.8790607858907515,-0.631032387888322,131.15299975276957,0.02462911311305315,98.0774151031127,0.0679811764574717,13.659030943122584,0.9073897104294751,0,2,0.9073897104294751,TLT
2015-09-04,2015-09-04,2,R2: Stress / risk-off,160.98284912109375,92.19457244873048,107.48999786376952,0.0215481794988745,-0.0105151989878955,-0.0123731903255384,7.743865317288446,5.925541692877876,0.5507610161943052,0.43903503164305224,1.386422496584721,-0.27279965409023477,146.4582495265142,0.01693515697110017,122.10899999037485,0.03575986795384264,15.360522823309175,0.9473049750750573,0,3,0.9473049750750573,SPY
2015-09-11,2015-09-11,2,R2: Stress / risk-off,164.4517364501953,91.22512817382812,106.16000366210938,-0.0013914161426356,0.0058495984798938,0.0287301744268109,5.657895335102736,3.9129849251335687,-0.8445498803237803,2.619404954194321,-1.6153594442887722,-1.38079865118702,100.92795939424433,0.05527051758865794,76.97265850521522,0.11530506146484105,12.69312925773488,0.8294244209465009,0,4,0.8294244209465009,GLD
2015-09-18,2015-09-18,2,R2: Stress / risk-off,164.22291564941406,91.75875854492188,109.20999908447266,-0.0133029339894874,-0.0045867615908332,0.005493988454821,5.387695143079923,3.7780501324400495,1.1373483295058537,1.101072061937239,0.24734478710986837,-0.5873862993743106,82.97766156570418,0.07938433195128687,67.45119232874869,0.1278564123037731,8.010630971523083,0.79275925574494,0,5,0.79275925574494,GLD
2015-09-25,2015-09-25,2,R2: Stress / risk-off,162.03826904296875,91.33788299560548,109.80999755859376,0.0111485271212712,0.0269759725302016,-0.0074674411534041,4.182868419522734,2.9368630232031787,0.27062136566905237,0.5858765627669235,0.0444882947493728,0.32523184662639143,57.53750564040976,0.15125658606712952,45.55685899569991,0.21849004651538642,11.045282159993032,0.630253367417484,0,6,0.630253367417484,TLT
2015-10-02,2015-10-02,2,R2: Stress / risk-off,163.84475708007812,93.80181121826172,108.98999786376952,0.0324616096698278,-0.0183045811840152,0.0172493340642359,5.592896600539533,2.1399829344184207,2.1427784611053426,0.8075577729429102,-0.494816196318772,-1.5135773953922778,80.87114530914313,0.10730118592712586,54.550436585160625,0.24070952604202736,22.089400546220777,0.6519892880308468,0,7,0.6519892880308468,SPY
2015-10-09,2015-10-09,1,R1: Growth / trend,169.16342163085938,92.08480834960938,110.87000274658205,0.0096359522848663,0.0134939112192971,0.0146116630022128,0.7907476090052927,-1.6098757899189964,1.0586091021750816,3.044389072122498,-1.8849489928868477,-1.2800435688913354,33.11377734380003,0.38872526019803616,23.675505630089177,0.5193582231443828,80.08969962500377,0.091916516657581,1,1,0.091916516657581,GLD
2015-10-16,2015-10-16,1,R1: Growth / trend,170.79347229003906,93.327392578125,112.48999786376952,0.0208587935393533,-0.0058907307419644,-0.0088007634684859,0.31662165962694405,-2.1749411069267124,2.742083432043497,1.6246491315604283,-0.773103896673221,-1.3433894457467428,26.312816185970135,0.45457345704141866,24.162374682243126,0.4855927707406511,92.37231267237482,0.05983377221793025,0,2,0.05983377221793025,SPY
2015-10-23,2015-10-23,1,R1: Growth / trend,174.35601806640625,92.77762603759766,111.5,0.0020239623418907,-0.003409056614138,-0.0197309143340107,-0.5689106335692111,-3.5181301368818088,0.6027366356062421,1.6555616819915469,-1.4443841023202841,-1.0889644808294818,25.174556676093296,0.4284839134331896,17.232526161238642,0.5467791680339381,118.0830290454598,0.024736918532872368,0,3,0.024736918532872368,SPY
2015-10-30,2015-10-30,1,R1: Growth / trend,174.7089080810547,92.46134185791016,109.3000030517578,0.0101475817362568,-0.028674258048849,-0.047575520882413,0.5627536355972085,-4.84477748906245,-1.9377584395490626,-2.406255669581465,-1.4147801058288756,0.19655966164712493,47.10044625333839,0.26847800536174127,14.971270588201431,0.7198330314560158,149.2011186628329,0.011688963182242853,0,4,0.011688963182242853,SPY
2015-11-06,2015-11-06,0,R0: Calm / risk-on,176.48178100585938,89.8100814819336,104.0999984741211,-0.0357072638469433,0.0057140978527363,-0.0051873287554521,-2.6909885205801807,-1.8888485518778197,-3.3725552407093935,2.988557862482814,0.16744259056098612,1.33420305605824,30.70708004798473,0.594068383708653,45.22330132514415,0.3804666719684902,133.31490455769728,0.0254649443228568,1,1,0.0254649443228568,TLT
2015-11-13,2015-11-13,0,R0: Calm / risk-on,170.1800994873047,90.3232650756836,103.55999755859376,0.0334253181878867,0.0064340703333456,-0.004538443721353,0.9860457021335253,0.598355532504711,-1.7477234315872463,-0.4121163237928494,4.0320055147943945,0.7624533066312127,33.105243196802405,0.46174992413893107,39.83591426060574,0.3755591674388274,67.08874105874146,0.1626909084222414,0,2,0.1626909084222414,SPY
2015-11-20,2015-11-20,0,R0: Calm / risk-on,175.86842346191406,90.90441131591795,103.08999633789062,0.0011942862016431,0.0043164834847571,-0.0178484470196294,-1.4230308614978757,-1.8935881540930515,-0.71854139984034,1.4537742633106137,-0.8612650827238095,-1.9461351813058556,14.211273012165032,0.5680278895199937,26.44671220236257,0.3901715379124543,99.21341615672739,0.041800572567551944,0,3,0.041800572567551944,TLT
2015-11-27,2015-11-27,0,R0: Calm / risk-on,176.07846069335938,91.29679870605467,101.25,0.0002864081026889,-0.0011092676243102,0.0273579915364583,-1.9971986312449184,-2.1543340432766995,-0.4105872592278216,1.118688060180308,-0.18560060818191004,-1.2828184430636667,9.403026043968303,0.6097135179514853,26.488805684348097,0.36086976748305216,108.1581035636901,0.02941671456546249,0,4,0.02941671456546249,GLD
2015-12-04,2015-12-04,0,R0: Calm / risk-on,176.12889099121094,91.19552612304688,104.0199966430664,-0.0369238510331521,0.0263720616605789,-0.0087482797739111,0.9811186128881317,1.402623811899613,0.30053052962677845,1.27022020804146,-1.0154193863499608,0.731708900561834,20.917317929053343,0.4116522633667814,28.571857063958564,0.3254510656318168,35.525473398834194,0.26289667100140185,0,5,0.26289667100140185,TLT
2015-12-11,2015-12-11,2,R2: Stress / risk-off,169.6255340576172,93.6005401611328,103.11000061035156,-0.0033169377017875,-0.0042824620305317,-0.0103772639752733,3.632396033434844,2.963719499831959,2.1448772198489894,-1.1694679045880134,3.396158769610499,1.7537197680166645,66.32191484742151,0.2313855666035189,67.83056057301539,0.22091443036135908,38.252107660690044,0.5477000030351221,1,1,0.5477000030351221,SPY
2015-12-18,2015-12-18,2,R2: Stress / risk-off,169.06289672851562,93.19969940185548,102.04000091552734,0.0282972309915081,-0.009287835472395,0.0098981000310511,1.9940326665445975,4.836681193662952,2.5522094034478338,5.109187222446609,1.2911262463566793,-0.14028384307277544,81.07478673646406,0.17898827147525154,107.67837479003842,0.0790978491952716,34.7529864265565,0.7419138793294767,0,2,0.7419138793294767,SPY
2016-01-15,2016-01-15,2,R2: Stress / risk-off,158.74266052246094,95.30501556396484,104.08000183105467,0.0144297625411178,-0.0032603738494769,0.0088393365945427,6.127394820249033,7.834444041948037,4.792442688454893,2.5454588462419396,2.2054655785148434,-0.7877799280187077,171.7175895280375,0.016274894399508424,185.71403165412383,0.010590773516305139,38.4479766888827,0.9731343320841865,0,3,0.9731343320841865,SPY
2016-01-22,2016-01-22,2,R2: Stress / risk-off,161.0332794189453,94.9942855834961,105.0,0.0167957915670826,0.0156372642365234,0.0185713995070686,3.43094645468039,5.671533070622524,4.134191800592871,3.9645055372700537,-0.0992721550969347,-2.206573969302441,107.21871820277539,0.08203516998976086,130.58204964324958,0.0400439539449199,29.99768308359868,0.8779208760653192,0,4,0.8779208760653192,GLD
2016-01-29,2016-01-29,2,R2: Stress / risk-off,163.7379608154297,96.479736328125,106.9499969482422,-0.0297849233197626,0.0130728862217566,0.0502104057953438,3.2217623338520847,4.352045732085233,5.9218348547110455,3.496217398261226,-0.02127363064433881,-2.9625675111215863,108.05999872556707,0.13780452842755897,129.70469989130973,0.07091072124864987,51.12103503518761,0.7912847503237912,0,5,0.7912847503237912,GLD
2016-02-05,2016-02-05,2,R2: Stress / risk-off,158.8610382080078,97.74100494384766,112.31999969482422,-0.0070228775644342,0.021597427670001,0.053774937072099,3.470587073680956,6.928632308377501,6.635557398045559,2.3882720865170186,2.0445915494922056,0.537024788059215,136.86372615853526,0.0719826885950074,173.25043682682133,0.02355844444088148,54.4139763504928,0.9044588669641112,0,6,0.9044588669641112,GLD
2016-02-12,2016-02-12,2,R2: Stress / risk-off,157.74537658691406,99.85195922851562,118.36000061035156,0.0287729707126165,-0.0037260666349018,-0.0065900538634221,4.308030898051206,5.48717195348087,7.515272830061222,2.4233513197632695,-1.5667949180147653,-1.5846398721002937,144.27467154409447,0.06869034660730425,162.14798159452874,0.03968456231342732,60.76532236843144,0.8916250910792686,0,7,0.8916250910792686,SPY
2016-02-19,2016-02-19,2,R2: Stress / risk-off,162.2841796875,99.47990417480467,117.58000183105467,0.0160939032609415,-0.0045804787626072,-0.0039972887683606,1.069829818927719,2.5693572887925566,6.124750334894079,5.134545935319968,-5.08132166626875,-2.0691142345064004,117.27800988323081,0.32382034242717944,138.83443161440871,0.16708190530392467,102.538461857951,0.5090977522688959,0,8,0.5090977522688959,SPY
2016-02-26,2016-02-26,0,R0: Calm / risk-on,164.89596557617188,99.02423858642578,117.11000061035156,0.027371920661239,-0.0120085782713327,0.029288705382114,0.3788366584904891,2.3946826549230065,5.822739244117207,4.381849698509897,-2.992883660683083,-0.39216669983297664,78.7961645987488,0.428377627235072,106.47382173906372,0.18316739332157844,81.98311183329942,0.3884549794433495,1,1,0.3884549794433495,GLD
2016-03-04,2016-03-04,0,R0: Calm / risk-on,169.40948486328125,97.83509826660156,120.54000091552734,0.0116250331008915,-0.0096424189386904,-0.0093744586430678,-0.8376367419473447,1.1942425987460763,4.819286473207152,5.336219336195512,-3.49385723291374,0.33772934665745186,72.13223017111237,0.5530185862954062,99.16415047843402,0.24119572756197571,104.3365303162219,0.205785686142618,0,2,0.205785686142618,SPY
2016-03-11,2016-03-11,0,R0: Calm / risk-on,171.37887573242188,96.89173126220705,119.41000366210938,0.0131886377279017,0.0133480128376894,0.0032660529075267,-1.7873602912026767,1.264537145739498,3.200098101041987,5.233035962317918,-2.153844112145562,1.2060474505094576,49.739104367312,0.6320679453950471,84.4533961686573,0.2177598448298483,96.55937689095524,0.15017220977510462,0,3,0.15017220977510462,TLT
2016-03-18,2016-03-18,0,R0: Calm / risk-on,173.63912963867188,98.18504333496094,119.8000030517578,-0.0061649718522965,0.0037194690313622,-0.0289649510209442,-3.9336528330922627,-0.10116451106840486,5.281458591084072,4.009615641818172,-0.29540432061160066,-0.062568360548896,45.21884251292085,0.8199688630126636,102.68759348749003,0.14049643720560032,143.99546773688814,0.039534699781736106,0,4,0.039534699781736106,TLT
2016-04-08,2016-04-08,0,R0: Calm / risk-on,173.7410430908203,100.6373519897461,118.43000030517578,0.0160390216552481,-0.0009845543907736,-0.0043063593254771,-1.6559242875639884,0.43758056776076637,5.6480011709136555,3.309102935236115,0.9789167281810583,0.08623297539744688,43.35780220783351,0.6998842188367752,83.92260365626214,0.20148626533965108,107.19407721147334,0.09862951582357363,0,5,0.09862951582357363,SPY
2016-04-15,2016-04-15,0,R0: Calm / risk-on,176.52767944335938,100.53826904296876,117.91999816894533,0.005727242599524,-0.0266904400689891,-0.0002543994213255,-3.0533696803477857,-0.33925442256074334,5.1985307922373325,3.8695396258131556,-0.5178616314270404,-0.6306689422628544,42.5007960412076,0.7694088723956717,89.82862725986271,0.17997682575411697,131.15573980076977,0.05061430185021123,0,6,0.05061430185021123,SPY
2016-04-22,2016-04-22,0,R0: Calm / risk-on,177.5386962890625,97.8548583984375,117.88999938964844,-0.0126332425053131,0.0079463391327887,0.0488591243197193,-3.7159218532980405,0.22706169302859455,2.987830141313497,4.504946229785421,-0.3356886552038887,1.2877293360358244,34.06371418589329,0.7835863451495751,84.23575098778383,0.16796908415425102,124.74080488337366,0.04844457069617386,0,7,0.04844457069617386,GLD
2016-04-29,2016-04-29,0,R0: Calm / risk-on,175.29580688476562,98.6324462890625,123.6500015258789,-0.0029564284561548,0.0103000846537797,-0.003801061179969,-1.7922804322377004,1.7213399005331498,5.134816485411142,2.0775357502435687,1.980136573760695,1.5944113924851326,38.53532450714283,0.7156645796477481,88.49114507249428,0.1544309906846412,94.12529971531147,0.12990442966761076,0,8,0.12990442966761076,TLT
2016-05-06,2016-05-06,0,R0: Calm / risk-on,174.77755737304688,99.64836883544922,123.18000030517578,-0.0046665762196681,0.0140284390814839,-0.0119337653601333,-2.444071796727083,1.3286858154546877,4.71697495662234,3.351619964751353,1.3713577524301759,-1.1678929703552279,36.69183465628588,0.7546536405591232,92.55751224467144,0.13582716713266244,99.57082273710341,0.10951919230821446,0,9,0.10951919230821446,TLT
2016-05-13,2016-05-13,0,R0: Calm / risk-on,173.96194458007812,101.04627990722656,121.70999908447266,0.0035653732160196,-0.0161025790794526,-0.0164325036155156,-0.8392742191827816,1.2977549722371968,5.422214594476575,2.487033625920352,1.8069539626940998,-1.365453211850793,42.696952910484434,0.6501411810413988,84.87955427815841,0.17809821922688424,86.059938187126,0.17176059973171678,0,10,0.17176059973171678,SPY
2016-05-20,2016-05-20,0,R0: Calm / risk-on,174.58218383789062,99.41917419433594,119.70999908447266,0.0231152292486822,-0.0023047992221667,-0.0341658705970294,-1.951137006992925,0.8671077442258797,2.8847845174057545,4.245000669907882,0.14291937129046492,-1.0391634145431747,29.601683610642365,0.6864070336547298,70.7439734272559,0.19413431675394896,86.56276200323445,0.11945864959132119,0,11,0.11945864959132119,SPY
2016-05-27,2016-05-27,0,R0: Calm / risk-on,178.61769104003906,99.19003295898438,115.62000274658205,0.0001903315502136,0.028139526726947,0.028195765692734,-3.7944256409619053,-0.4369585362348895,2.768232015735048,4.868127062993553,-0.5556476099670621,-2.0970942270364863,38.80555134578802,0.7925305577622794,89.95056891458204,0.16488738543767592,134.05441839688376,0.042582056800044635,0,12,0.042582056800044635,GLD
2016-06-03,2016-06-03,0,R0: Calm / risk-on,178.6516876220703,101.98119354248048,118.87999725341795,-0.0009985380228093,0.0116337553440857,0.0240578791758789,-3.5026121123862106,1.0967846825111482,6.776214811693016,1.688526109739678,0.9078494832197052,1.2491288885501646,49.73889585467884,0.8327228553545027,115.69645758928034,0.10995164113018512,136.91376181391882,0.057325503515312175,0,13,0.057325503515312175,GLD
2016-06-10,2016-06-10,0,R0: Calm / risk-on,178.47329711914062,103.16761779785156,121.73999786376952,-0.0117866774004298,0.0061578629688576,0.0181534345593281,-2.6060331781039823,1.5298154049435606,6.654858662261552,1.3938883706076015,1.7361110246842457,2.0701994820525207,52.292117527248934,0.7866377460708913,111.77974043334052,0.1266859882494201,124.14377322287886,0.0866762656796884,0,14,0.0866762656796884,GLD
2016-06-17,2016-06-17,0,R0: Calm / risk-on,176.36968994140625,103.80290985107422,123.9499969482422,-0.0158823362486897,0.0012540373837202,0.0165389520147694,-1.7857252821128018,1.6218937778570792,6.84446953738887,1.305105984524868,1.717548387358234,2.3003315153891926,56.62860594822331,0.7326392899280424,108.28413833776912,0.15005684261528598,116.30613380808875,0.11730386745667154,0,15,0.11730386745667154,GLD
2016-06-24,2016-06-24,0,R0: Calm / risk-on,173.5685272216797,103.9330825805664,126.0,0.0328674661342469,0.0371818632068772,0.0191270131913443,4.179129328984518,6.134827914548644,7.353308989479758,-0.2341298059424059,1.51521859896194,4.651356499218699,159.22131832312024,0.09075410381768854,178.73248546365696,0.04986059157636305,85.98592004256615,0.8593853046059484,0,16,0.8593853046059484,TLT
2016-07-01,2016-07-01,0,R0: Calm / risk-on,179.27328491210938,107.7975082397461,128.41000366210938,0.0130051833140492,0.0215545286068212,0.016431746360694,-0.8464176319209571,0.6783085315635479,7.790348021694425,1.0900601132363497,-3.5939112781849256,-2.245143698997849,81.30032753258037,0.6451796593628568,119.05909675358741,0.20244540141183107,128.3150995073843,0.1523749392253121,0,17,0.1523749392253121,TLT
2016-07-08,2016-07-08,0,R0: Calm / risk-on,181.60476684570312,110.12103271484376,130.52000427246094,0.0149539769695798,-0.0362814075643644,-0.0281949725261139,-0.898498136866242,-0.6316190664929496,7.356388883583527,-0.14243627687090069,-2.6379127079364424,-1.0807043706441493,62.761011196841395,0.6516118950419055,91.57363325903778,0.26907902893850605,131.3715322070241,0.07930907601958848,0,18,0.07930907601958848,SPY
2016-07-15,2016-07-15,0,R0: Calm / risk-on,184.3204803466797,106.1256866455078,126.83999633789062,0.0065327348269943,0.0029635288185438,-0.0038631179274415,-2.6046413255086946,-0.7773846106571944,0.7113185041451765,2.9887922570661654,-4.641750704282372,3.207135674024808,47.968059690878356,0.614698118096721,67.21444819610154,0.3404731558354823,133.26410236904204,0.044828726067796656,0,19,0.044828726067796656,SPY
2016-07-22,2016-07-22,0,R0: Calm / risk-on,185.52459716796875,106.44019317626952,126.3499984741211,-0.000552204458759,0.0198833387127495,0.0208151743979374,-2.3886267880594416,-1.6817884192113934,2.332914486921289,0.720939227679927,-3.338396974386468,0.3711546443627306,21.85011970783128,0.6470011252152745,44.6617045357149,0.32121616723823354,120.01879346910034,0.031782707546492005,0,20,0.031782707546492005,GLD
2016-07-29,2016-07-29,0,R0: Calm / risk-on,185.42214965820312,108.55657958984376,128.97999572753906,0.0048820646378577,-0.0233675842281897,-0.0110869338126047,-1.9023069607755898,-2.4526353480103404,3.314762803925083,-1.730973349278308,-1.3819276652778958,1.2263871607361814,22.508562341671464,0.6209507021797877,40.45090446427344,0.35798326404526204,132.73610770846562,0.02106603377495022,0,21,0.02106603377495022,SPY
2016-08-05,2016-08-05,0,R0: Calm / risk-on,186.327392578125,106.0198745727539,127.5500030517578,0.0012830894251418,0.0150722098363751,-0.001176021342924,-2.3332595268580563,-2.031498760875802,-0.8753959416541577,1.5851777770071085,-2.3406658086780827,3.1030638798798535,27.36238878401992,0.5576170121988511,36.74593216441438,0.41806264551483907,129.4055731110846,0.024320342286309995,0,22,0.024320342286309995,TLT
2016-08-12,2016-08-12,0,R0: Calm / risk-on,186.56646728515625,107.61782836914062,127.4000015258789,0.0003665711934912,-0.009779745526697,0.0044740948822392,-2.1256927325237034,-2.270357824119597,2.462610490599508,-0.8196929033250762,-0.37124947940178826,1.7308307618797532,14.485945058466228,0.6319627993752857,34.03317382079006,0.34681823280185736,125.05051082889717,0.021218967822857145,0,23,0.021218967822857145,GLD
2016-08-19,2016-08-19,0,R0: Calm / risk-on,186.6348571777344,106.56535339355467,127.97000122070312,-0.0057199961214269,-0.0025236734892,-0.0150035019975814,-2.928661917295602,-2.067216271299067,-0.008344954795078461,0.42919903471542015,-0.4802684977548327,2.1854177131397075,11.30201668417094,0.6525518520714227,33.64407529487738,0.32867507615081226,126.90078941377936,0.01877307177776507,0,24,0.01877307177776507,TLT
2016-08-26,2016-08-26,0,R0: Calm / risk-on,185.5673065185547,106.29641723632812,126.0500030517578,0.0049704230759457,0.0037744884544637,0.0041253203528515,-1.193372026582691,-0.4089980127195943,-0.40823663427460954,-0.559518400316469,0.6739782980490802,4.39481131955913,24.155895830985457,0.5725612623842707,38.08686409124358,0.37333981992558807,101.01523210908658,0.05409891769014129,0,25,0.05409891769014129,SPY
2016-09-02,2016-09-02,0,R0: Calm / risk-on,186.4896545410156,106.6976318359375,126.56999969482422,-0.0233091137416412,-0.0224341354838932,0.0014221403619323,-2.4467817588036875,-2.048401313635287,0.1567974189204972,0.8551891488965377,0.7767746617083244,0.2561533640940359,6.176147176548005,0.650324579592346,28.700685311452776,0.32572360195338906,113.72708032700002,0.023951818454264993,0,26,0.023951818454264993,GLD
2016-09-09,2016-09-09,0,R0: Calm / risk-on,182.1427459716797,104.30396270751952,126.75,0.0054756227890524,-0.0056814520373253,-0.0133333525949209,-0.008047580194664524,0.8014856878621851,-2.605917172207019,0.6477745980420271,2.4359509822146297,3.6458176571645633,36.68977244521578,0.4913295143535414,45.17037511408443,0.378717661229906,80.01547714561507,0.12995282441655265,0,27,0.12995282441655265,SPY
2016-09-16,2016-09-16,0,R0: Calm / risk-on,183.1400909423828,103.71136474609376,125.05999755859376,0.0122791782120528,0.0153623866897909,0.0207100912989515,-1.707416099864666,-0.6621123066463134,-2.322348447860206,1.3436547161282124,0.4381233193862642,0.30555053449001135,11.620441990281504,0.6040277099919502,30.337445268686132,0.3400440955314801,89.13933066480723,0.05592819447656966,0,28,0.05592819447656966,GLD
2016-09-23,2016-09-23,0,R0: Calm / risk-on,185.3889007568359,105.30461883544922,127.6500015258789,0.0014354326508416,0.0050424246007259,-0.0157461975104087,-2.723534911328784,-1.4480655146164925,0.017647075110660656,0.9205887743229266,0.269531400787458,-1.7487988450950904,6.29589827996081,0.704886075358497,38.33255717438902,0.2636508886639634,107.58536450099871,0.031463035977539563,0,29,0.031463035977539563,TLT
2016-09-30,2016-09-30,0,R0: Calm / risk-on,185.6550140380859,105.83560943603516,125.63999938964844,-0.0058257165416831,-0.0243548824852211,-0.0469595793898501,-1.0347393421687914,-1.4982881961584273,-1.6837446258552429,-1.2529746788573288,-0.9406900912449592,0.7362703341059373,12.522674521793478,0.5301056046034189,19.475989928736087,0.428218865461409,95.3715238680794,0.04167552993517198,0,30,0.04167552993517198,SPY
2016-10-07,2016-10-07,0,R0: Calm / risk-on,184.5734405517578,103.25799560546876,119.73999786376952,-0.0089283374413711,-0.017398105780956,-0.0031735197945325,-2.806094028521712,0.20721465932077968,-3.430615158321939,1.0791071538268873,-1.34684746207387,2.7986825074780524,27.853525824081935,0.6620829923564447,55.283090363605254,0.2852602167875303,110.3255755998357,0.05265679085602505,0,31,0.05265679085602505,GLD
2016-10-14,2016-10-14,0,R0: Calm / risk-on,182.92550659179688,101.46150207519533,119.36000061035156,0.0040352993600545,0.0130710663142927,0.0123156938102062,-2.7381721850371283,0.9972139794763972,-3.823008448599385,0.7546161267521487,0.15954627469619045,2.1097031550443694,24.67203227328456,0.6927361452173316,59.813949415635214,0.23554890378161517,98.55526719651583,0.07171495100105311,0,32,0.07171495100105311,TLT
2016-10-21,2016-10-21,0,R0: Calm / risk-on,183.6636657714844,102.78771209716795,120.83000183105467,-0.0067295682445399,-0.021453853976566,0.0062070676871184,-3.7255996398043583,-0.3058848790543093,-1.0481733647250675,0.09113713676375258,0.5814621973873938,-1.2966199869298338,4.499967419309457,0.790599298698973,53.312441809963964,0.17669474266134105,108.26565763120398,0.0327059586396858,0,33,0.0327059586396858,GLD
2016-10-28,2016-10-28,0,R0: Calm / risk-on,182.4276885986328,100.58251953125,121.58000183105467,-0.0187729061431644,0.01181654230969,0.0231123335768532,-2.7581970777072344,0.5538910418683896,-3.290064433291101,0.2897967404704461,1.2452010768075874,1.9256829684435588,19.063447571048997,0.706394295336536,54.65240360958387,0.23691950747908022,101.24383864958371,0.0566861971843837,0,34,0.0566861971843837,GLD
2016-11-04,2016-11-04,0,R0: Calm / risk-on,179.00299072265625,101.77105712890624,124.38999938964844,0.0377365712113231,-0.0736303516157025,-0.0586060049143629,-1.8718280876724087,1.8598121262348122,-0.6197268574721204,-1.9734101919732054,4.126454253315656,-0.9558464566851402,22.776911755276434,0.7386855792843168,74.7928641762297,0.1496305798729519,84.32158245473543,0.11168384084273125,0,35,0.11168384084273125,SPY
2016-11-25,2016-11-25,0,R0: Calm / risk-on,190.1354217529297,93.33514404296876,112.61000061035156,-0.0083062649294202,-0.0080926142572308,-0.00417370764724,-6.954652300097517,0.27153658134116265,-6.772405654530845,1.8966936939388295,-2.0637179423658707,-1.131048233336703,79.98796543684088,0.8801254687299835,149.43006714121125,0.10442210399126173,211.67432939788088,0.015452427278754698,0,36,0.015452427278754698,GLD
2016-12-02,2016-12-02,0,R0: Calm / risk-on,188.5561065673828,92.57981872558594,112.13999938964844,0.031090586526266,-0.017558437337397,-0.0155162999218827,-6.634213530428255,2.2994950123233058,-6.0921050424116965,-0.13381761667321257,-0.7822192067376482,2.595144254994031,70.66932320653497,0.8929949940490948,149.5989347250481,0.07918013154138316,183.66790505883378,0.027824874409522235,0,37,0.027824874409522235,SPY
2016-12-09,2016-12-09,0,R0: Calm / risk-on,194.41842651367188,90.95426177978516,110.4000015258789,-0.0006341529341424,-0.0030642809492081,-0.0212862177684866,-7.859699185730991,0.9950275642306272,-6.459658601773056,0.31937802308949426,-1.5112784391845795,1.4570562575018442,79.86110444891325,0.9153589505167585,162.16180285049768,0.07318426603044383,222.5727293209576,0.011456783452797525,0,38,0.011456783452797525,SPY
2016-12-16,2016-12-16,0,R0: Calm / risk-on,194.29513549804688,90.67555236816406,108.0500030517578,0.0029776195159065,0.0104067084077057,-0.0011106223340366,-8.68798923931045,4.313661987957401,-4.097085693772208,2.6632077490795014,2.4500055736462625,2.4349226673428603,93.87543229115488,0.9499047608641591,214.1914563643806,0.023643587656079768,210.5354373801544,0.02645165147976116,0,39,0.02645165147976116,TLT
2016-12-23,2016-12-23,0,R0: Calm / risk-on,194.87367248535156,91.6191864013672,107.93000030517578,-0.0096584975571285,0.0091489427257382,0.0155656471826695,-9.603110021683865,2.7349073168491462,-2.4688239537687124,2.297047771691412,1.2674969058720273,-1.2525184177285615,71.42184504721455,0.9690848411885252,198.43701528416443,0.019637532403997324,216.50498765088219,0.01127762640747742,0,40,0.01127762640747742,GLD
2016-12-30,2016-12-30,0,R0: Calm / risk-on,192.99148559570312,92.45740509033205,109.61000061035156,0.0164629040891404,0.0145219195290007,0.0195237604026281,-7.028967651098397,3.81997378767069,-0.8298419194826531,-0.17700991578009095,3.67687705302073,-0.07482276675014707,45.54094075061341,0.9369077711372076,160.4085399492264,0.027565421321346394,152.14290132751074,0.03552680754144614,0,41,0.03552680754144614,GLD
2017-01-06,2017-01-06,0,R0: Calm / risk-on,196.1686859130859,93.80006408691406,111.75,-0.0007041787364777,0.0037231094527807,0.0220134146261534,-8.96386161966086,3.886934483129729,0.07574497636561842,0.19244039136316865,1.125937631463461,-0.48991195601155646,54.90020752919974,0.9656208004400714,188.80211233882335,0.015838816787211434,183.6716254429411,0.018540382772717138,0,42,0.018540382772717138,GLD
2017-01-13,2017-01-13,0,R0: Calm / risk-on,196.03054809570312,94.1492919921875,114.20999908447266,-0.0013653709666446,-0.0112934526256011,0.0073549073988159,-9.527457839951543,3.5726069391985193,0.8511097261313032,-0.8446344325504065,1.771517529359874,-0.0948780805684263,61.44688624755009,0.9753080656239298,201.7280883111013,0.01315266432373344,205.99139958030244,0.011539270052336643,0,43,0.011539270052336643,GLD
2017-01-20,2017-01-20,0,R0: Calm / risk-on,195.7628936767578,93.08602142333984,115.0500030517578,0.0098350545854533,-0.0025843844723504,-0.0135593667675651,-8.83110704881352,4.184395235125448,-1.158947166887772,-0.46813117413411093,1.392919744880805,1.8197548412835205,61.93398659038423,0.9621321509066952,191.14503040310973,0.01822577627372006,188.707058938648,0.01964207281958474,0,44,0.01964207281958474,SPY
2017-01-27,2017-01-27,0,R0: Calm / risk-on,197.688232421875,92.84545135498048,113.48999786376952,0.00161612313225,-0.0031164953454305,0.023261956466132,-9.487791639220939,3.461073376916658,-0.9063526246784186,0.13291821795987613,0.7752913353017863,-0.9112824583930744,60.00422897940351,0.9712717259539226,194.74866964730833,0.015524756148748587,200.02461653721147,0.013203517897328704,0,45,0.013203517897328704,GLD
2017-02-03,2017-02-03,0,R0: Calm / risk-on,198.0077209472656,92.55609893798828,116.12999725341795,0.0094618527423984,0.0147898287707395,0.012658238659003,-8.966911584712793,4.148994880679228,-0.4153293202534303,-0.4955760855672992,2.005210636901834,-0.018083070459553065,59.3809883722101,0.9664461659836752,195.28839832636208,0.014905887474494223,187.99178673763117,0.018647946541830437,0,46,0.018647946541830437,TLT
2017-02-10,2017-02-10,0,R0: Calm / risk-on,199.88124084472656,93.92498779296876,117.5999984741211,0.0154637416306391,-0.0036430211317808,0.0006802876878633,-8.788562809939965,3.7409738330412616,2.158812679835068,-1.1489490038822454,1.1625864195012965,-1.2822086907941843,56.47623954224227,0.9687901260516802,194.3138982223928,0.014082416575321253,187.93673835371536,0.017127457372998624,0,47,0.017127457372998624,SPY
2017-02-17,2017-02-17,0,R0: Calm / risk-on,202.97215270996097,93.58281707763672,117.68000030517578,0.007018727959583,0.0140457996099327,0.0171651651752891,-9.594756700331006,3.4242913018896,1.0304772253682224,-0.4550215373344719,1.2653551410056139,-0.8684627927629688,60.573442201064076,0.9755814904777381,201.11425713069985,0.013051922927035844,205.61828319382164,0.011366586595225877,0,48,0.011366586595225877,GLD
2017-02-24,2017-02-24,0,R0: Calm / risk-on,204.39675903320312,94.8972625732422,119.6999969482422,0.0070962706002517,-0.0199178767256879,-0.018295696473231,-8.79564405812528,3.10873176174646,2.8583021919093965,-1.6348870391646424,2.8544473214984842,-0.9631703749313086,61.40616024399758,0.9735915325590823,198.55939831733298,0.014452682918496752,204.7381291852131,0.011955784522421001,0,49,0.011955784522421001,SPY
2017-03-03,2017-03-03,0,R0: Calm / risk-on,205.8472137451172,93.00711059570312,117.51000213623048,-0.003061954487201,-0.0175954019760099,-0.0237426675585699,-8.453047580845986,3.7686935471334984,-0.6605078404279117,0.638041199717408,0.47817714641443343,-0.2895936164437531,48.78160385242567,0.9558142427069926,173.43466826594067,0.020825167726376912,169.69194523519283,0.023360589566630573,0,50,0.023360589566630573,SPY
2017-03-10,2017-03-10,0,R0: Calm / risk-on,205.2169189453125,91.37061309814452,114.72000122070312,0.0015615175919632,0.011855416721046,0.0197872787562063,-8.960867555816272,4.489300475477171,-1.7452716000121078,0.35018946091232467,2.122560080103719,-0.06632849574039931,66.83161641277223,0.9619817435807144,201.9078188222631,0.01522046995282659,188.74594610783907,0.02279778646645892,0,51,0.02279778646645892,GLD
2017-03-17,2017-03-17,0,R0: Calm / risk-on,205.5373687744141,92.45384979248048,116.98999786376952,-0.0133738457859658,0.0188797577444206,0.0159842959289526,-7.786504358492847,4.647634093575595,0.9650047999839136,0.5865619847334713,2.3002138618511148,-1.5870158549345004,54.13407628717492,0.9437174317103842,186.06927115849751,0.016442841187948802,157.23937088170382,0.03983972710166688,0,52,0.03983972710166688,TLT
2017-03-24,2017-03-24,0,R0: Calm / risk-on,202.78854370117188,94.19935607910156,118.86000061035156,0.0080392326532454,-0.0014057781962724,-0.0011778511604368,-5.367771191527103,5.816971017187491,2.1734146299225667,-1.1488455294936604,3.3654711211537114,-1.3997251832621571,55.38202132207166,0.8486440866843123,175.6404645846944,0.02116052934575893,116.45117303957535,0.13019538396992883,0,53,0.13019538396992883,SPY
2017-03-31,2017-03-31,0,R0: Calm / risk-on,204.41880798339844,94.06693267822266,118.72000122070312,-0.0022904738903519,0.0021169482302705,0.0062331355808686,-6.488759333777479,3.7342453869379786,2.0793432334615374,-0.005283250967681146,1.1777832284093719,-2.0037918622029793,35.16441219586341,0.9233317689980465,149.12770481637773,0.02793065606366579,130.99120430117944,0.04873757493828758,0,54,0.04873757493828758,GLD
2017-04-07,2017-04-07,0,R0: Calm / risk-on,203.9505920410156,94.2660675048828,119.45999908447266,-0.0114374373508633,0.0228646152097966,0.0262849440290726,-5.801729131791238,4.723927466409807,2.472194454247074,-0.9263944154418045,1.6881816721800267,-0.4290144958302898,38.43338736387047,0.8928120044068081,151.83790876036738,0.027474671938793143,117.1376865543014,0.07971332365439888,0,55,0.07971332365439888,GLD
2017-04-28,2017-04-28,0,R0: Calm / risk-on,206.4478759765625,95.54679870605467,120.7699966430664,0.0068046251790865,-0.0065938383089084,-0.0311335150397372,-7.190582026809653,2.408081860614048,1.6974695708560592,1.1803678332546172,-1.4020146818944015,-2.276574935457427,37.16333324043969,0.9373481785263278,144.05064952579454,0.035233527412777854,152.22058439643587,0.027418294060894393,0,56,0.027418294060894393,SPY
2017-05-05,2017-05-05,0,R0: Calm / risk-on,207.85267639160156,94.91677856445312,117.01000213623048,-0.0030037807687115,0.0008247774362886,-0.0015383326372923,-7.538294753768937,1.988016542848324,0.5491323554202373,1.8511391862806066,0.32584914516431424,-0.7983753067920095,32.20049828535504,0.9426766729698081,136.7441890060266,0.038076890551082695,158.9709466584273,0.019246436479109303,0,57,0.019246436479109303,TLT
2017-05-12,2017-05-12,0,R0: Calm / risk-on,207.22833251953125,94.99506378173828,116.83000183105467,-0.0028034191508142,0.0191124657693444,0.0219977715873072,-7.227728661966192,1.6468486496946177,1.3977090216542192,1.1604050219290054,1.529653424015006,-0.7268399316875809,27.988231277451323,0.9425851588033894,130.82059065345894,0.04012670980859175,158.2512258181425,0.017288131388018952,0,58,0.017288131388018952,GLD
2017-05-19,2017-05-19,0,R0: Calm / risk-on,206.6473846435547,96.81065368652344,119.4000015258789,0.0142669452787718,-0.0018597754966716,0.0095477334596294,-3.6908533023501375,3.647537321295685,3.48266341712211,-0.2335797110446442,2.3349020131551734,-0.8270935315375276,28.49678848365469,0.8189799667705219,115.38028417726123,0.05688594939828821,89.9599182966354,0.12413408383119004,0,59,0.12413408383119004,SPY
2017-05-26,2017-05-26,0,R0: Calm / risk-on,209.5956115722656,96.63060760498048,120.54000091552734,0.0101776652369989,0.0194867707067514,0.008876718821116,-6.887389670602107,0.4664100056934592,3.2274837918745236,1.6698523779072552,0.00691858157061172,-2.48284448098928,35.29118482723871,0.9348879034898246,130.28913789192367,0.050619186785161766,171.03237851769154,0.01449290972501347,0,60,0.01449290972501347,TLT
2017-06-02,2017-06-02,0,R0: Calm / risk-on,211.7288055419922,98.5136260986328,121.61000061035156,-0.0031128162948327,-0.0097119988277912,-0.0087986159810374,-5.645400144251222,1.014107282992552,5.045787747833934,-0.037692912119494985,2.1641223484507557,-1.7918270209474925,37.768907340368166,0.923655398534362,130.7602796776841,0.053188272744985915,157.85041374808884,0.02315632872065205,0,61,0.02315632872065205,SPY
2017-06-09,2017-06-09,0,R0: Calm / risk-on,211.0697326660156,97.5568618774414,120.54000091552734,0.0016980096244643,0.0156747808883306,-0.0099552394933003,-4.389575381299046,2.2323720194453003,2.822248572816514,0.9586969177069765,1.8591911721580763,0.4917501489812777,18.322410059183,0.8618734864448204,97.13364184736663,0.07669885291825915,104.36662229556913,0.06142766063692033,0,62,0.06142766063692033,TLT
2017-06-16,2017-06-16,0,R0: Calm / risk-on,211.4281311035156,99.08604431152344,119.33999633789062,0.0020192471879283,0.0113179644957583,0.0007541810796636,-5.295338632932848,1.1415663716952813,3.6490829197024617,1.5047539984358405,3.2421346648927734,-0.28128166042648706,30.72458195974584,0.9045786632681533,115.66603163597932,0.06669112327687135,143.09994352420838,0.02873021345497534,0,63,0.02873021345497534,TLT
2017-06-23,2017-06-23,0,R0: Calm / risk-on,211.8550567626953,100.2074966430664,119.43000030517578,-0.0054703451774771,-0.0208169434805419,-0.0118061095077153,-3.9278081110281815,0.42478790269309097,2.889344157737275,0.5361737640332065,1.2248552628569864,-1.3624213533661813,11.104870688930973,0.8431445840788467,75.3518543943654,0.11732957074979447,110.79678484774759,0.03952584517135882,0,64,0.03952584517135882,SPY
2017-06-30,2017-06-30,0,R0: Calm / risk-on,210.69613647460935,98.1214828491211,118.0199966430664,0.0012820659519119,-0.017154914878564,-0.0232163865591035,-2.1137341883985585,1.4523877899888704,-1.4947163556452656,0.14702333096706247,0.740715506849845,1.3672257871536775,8.570376265550424,0.6899854213485563,47.64508597867535,0.20793327402673736,70.82198753484155,0.10208130462470631,0,65,0.10208130462470631,SPY
2017-07-07,2017-07-07,0,R0: Calm / risk-on,210.9662628173828,96.43821716308594,115.27999877929688,0.0142497207231218,0.004970511101354,0.0129250336532542,-2.2391833939404444,0.7271618794749379,-2.2785605285216772,1.0413607776301228,-0.14521720599616142,0.23664532355875173,9.85617273367276,0.675616828012114,43.482088281266044,0.24067109829570715,77.88507254473504,0.08371207369217891,0,66,0.08371207369217891,SPY
2017-07-14,2017-07-14,0,R0: Calm / risk-on,213.97247314453125,96.91756439208984,116.7699966430664,0.0053755642556103,0.0191357612137876,0.0213240178534501,-3.2502135076625516,-1.16777285356905,0.10774649239727313,0.14622989509271672,-0.3107153138494771,-1.7987905132195723,4.99258311436579,0.7494041617165328,44.64411427520315,0.22187604155227664,111.2490465674726,0.02871979673119055,0,67,0.02871979673119055,GLD
2017-07-21,2017-07-21,0,R0: Calm / risk-on,215.12269592285156,98.77215576171876,119.26000213623048,0.0001215041748705,-0.0143207337653551,0.0119906110981138,-3.442283479351633,-1.7121682540164178,2.2309130893798,-0.9347179858091677,1.3171953514598123,-1.4330620824063882,10.012452014894892,0.7826748764906075,54.678361179030006,0.19866786348873913,131.73620591841131,0.018657260020653377,0,68,0.018657260020653377,GLD
2017-07-28,2017-07-28,0,R0: Calm / risk-on,215.1488342285156,97.357666015625,120.69000244140624,0.0020251781667426,0.0105857252298904,-0.0086171256482676,-3.315632028456543,-1.5004037748442087,0.5384370277867901,-0.21651174183885472,0.49347940575937466,0.5854233006433648,3.3007178853560855,0.7363244366381091,39.474521471659386,0.2425638542448502,119.00946762555948,0.021111709117040744,0,69,0.021111709117040744,TLT
2017-08-04,2017-08-04,0,R0: Calm / risk-on,215.5845489501953,98.38826751708984,119.6500015258789,-0.0132979685316588,0.01200726088592,0.0262432039248181,-3.357564983661325,-1.7639484067263624,1.6743157614150095,-0.8983772127321067,0.8881067743991341,-0.08806861243678209,5.996303242413553,0.7560174570144189,45.35697335407721,0.22584146515084036,127.50516465934136,0.018141077834740706,0,70,0.018141077834740706,GLD
2017-08-11,2017-08-11,0,R0: Calm / risk-on,212.71771240234375,99.56964111328124,122.79000091552734,-0.0057756199344249,0.0015024375532153,-0.0039905355494429,1.4654381039940407,1.9168430054176706,2.2420416634272136,-2.6290708630892277,3.946383935454722,0.02575906209299266,43.28358753884149,0.47797525195294044,65.32474249960478,0.24297891443684985,60.81602675636691,0.2790458336102097,0,71,0.2790458336102097,TLT
2017-08-18,2017-08-18,0,R0: Calm / risk-on,211.4891357421875,99.71923828125,122.3000030517578,0.0076220664823878,0.0055283694454646,0.0035976680378781,2.768544021304971,2.7038525471455204,1.197220487624092,-1.291444633015893,1.027623885433165,-1.083593335525191,40.46523882178809,0.2805321978494172,48.98223814181688,0.21599326317196257,21.412695807712716,0.5034745389786203,0,72,0.5034745389786203,SPY
2017-08-25,2017-08-25,0,R0: Calm / risk-on,213.1011199951172,100.27052307128906,122.73999786376952,0.0134118394262554,-0.0024270585143433,0.0270490447499367,-0.12181652501874823,0.4406090433948766,2.6580503171050873,-0.8093861785612138,-0.562047317721543,-2.4955400537660593,18.80151431706171,0.5844068763941725,44.01214225398413,0.2695413257630654,63.974099332222394,0.14605179784276204,0,73,0.14605179784276204,GLD
2017-09-01,2017-09-01,0,R0: Calm / risk-on,215.95919799804688,100.02716064453124,126.05999755859376,-0.0050838325054112,0.0177513736808547,0.0151515444954817,-1.9506400906172938,-1.3550321190771557,3.0070710823411626,-0.558600542833127,-1.340633286744426,-1.0735802818484173,13.279729304633204,0.6776172560971089,41.73369885515994,0.28291540934098436,105.89998757105776,0.039467334561906736,0,74,0.039467334561906736,TLT
2017-09-08,2017-09-08,0,R0: Calm / risk-on,214.86129760742188,101.8027801513672,127.97000122070312,0.0156000752779426,-0.0165888334794471,-0.0190669877168955,-0.32361042554599284,-0.27798085557596847,3.4966380301737385,-1.2212824555977628,-0.032628213150508886,-0.02752566526401191,16.835172001276483,0.5947059465918345,37.584006551856646,0.3145529364884346,78.08196290265516,0.09074111691973087,0,75,0.09074111691973087,SPY
2017-09-15,2017-09-15,0,R0: Calm / risk-on,218.2131500244141,100.1139907836914,125.52999877929688,0.0010033692480644,-0.0052028095110393,-0.0182426586297795,-2.287871164343137,-2.3988538550122964,0.7580425294237958,1.5395365300179429,-2.1963621846550767,-0.6848181934194147,16.348837587069074,0.6070694174182607,32.70455170392859,0.3674478741356356,119.63919671045706,0.02548270844610369,0,76,0.02548270844610369,SPY
2017-09-22,2017-09-22,0,R0: Calm / risk-on,218.43209838867188,99.5931167602539,123.23999786376952,0.0071759559057855,-0.0114105634122726,-0.013469620752102,-2.926178714561416,-2.086125558969756,0.7894189406040363,0.9169016334098242,-0.7265225688342521,-0.5571360110643896,7.485567534625196,0.6851500329664226,35.17088144274611,0.29289030240224295,119.56482046785594,0.021959664631334308,0,77,0.021959664631334308,SPY
2017-09-29,2017-09-29,0,R0: Calm / risk-on,219.9995574951172,98.45670318603516,121.58000183105467,0.0124986379769411,-0.0073730036388455,-0.0040303132569857,-2.1798204861359616,-1.4474899814295934,-0.8276526864042281,0.16316007664354673,-1.9800397369645433,1.500742895232953,12.174105426164324,0.6046294563269854,28.831966471788796,0.36259238593147847,107.13158103767836,0.032778157741536126,0,78,0.032778157741536126,SPY
2017-10-06,2017-10-06,0,R0: Calm / risk-on,222.7492523193359,97.73078155517578,121.08999633789062,0.0022799550215286,0.0182862782303099,0.0225452427078762,-3.456794580783157,-1.6041529144411648,-0.49356129635992535,0.35795464108383607,-0.20303909750118637,0.6890729096721461,5.3394273450291045,0.7198021665734794,38.52495077742612,0.2599008034140924,121.59087327771351,0.02029703001242819,0,79,0.02029703001242819,GLD
2017-10-13,2017-10-13,0,R0: Calm / risk-on,223.25711059570312,99.51791381835938,123.81999969482422,0.0084719976477949,-0.0148584653249324,-0.0178484823931479,-3.2887366024318108,-2.7009043511168556,2.0727598285669635,-1.1206174955219708,1.968517584350928,-1.4747311403772356,15.714358613330544,0.7474069524561814,52.73725156734648,0.23988028474483505,148.43357978635495,0.012712762798983522,0,80,0.012712762798983522,SPY
2017-10-20,2017-10-20,0,R0: Calm / risk-on,225.14854431152344,98.03923034667967,121.61000061035156,0.0023338677163209,-0.0059690130844675,-0.0058383281054947,-3.4253216637822654,-2.0000467096353938,-1.3442827494876626,0.629998653662503,0.04872701578692061,1.169794777215585,10.173261662651239,0.6885951885256044,37.86701747271071,0.2942867791987713,130.53005115330728,0.01711803227562427,0,81,0.01711803227562427,SPY
2017-10-27,2017-10-27,0,R0: Calm / risk-on,225.67401123046875,97.45403289794922,120.9000015258789,0.002871241017103,0.0216328420686742,-0.0023159534802563,-2.733834959163986,-0.8515571871623809,-0.8788103436862984,-0.1116930686814684,0.8042113396215816,0.27586966182899664,2.7006808897374763,0.7075132596002569,35.51487415279801,0.2583921779995415,101.49459979224561,0.03409456240020164,0,82,0.03409456240020164,TLT
2017-11-03,2017-11-03,0,R0: Calm / risk-on,226.3219757080078,99.56224060058594,120.62000274658205,-0.0013925748354749,-0.0122567189039053,0.0042281088975548,-3.942284483046461,-1.0991731190342973,2.262393969189499,-2.1197094343602236,0.8465562157504092,0.6658431250670075,10.592763558510546,0.8129749645216481,61.62278140518178,0.1697390161357021,136.04073939654037,0.01728601934264997,0,83,0.01728601934264997,GLD
2017-11-10,2017-11-10,0,R0: Calm / risk-on,226.00680541992188,98.34193420410156,121.12999725341795,-0.0008912619867343,0.0184521586479431,0.0142822042116803,-2.8900194971695483,0.2451497240860883,-0.632709508421409,-1.089978753228175,0.23932592602181588,3.7881223120715513,17.2980332949157,0.723064559680069,53.917145398224,0.23496188283217603,110.02740605709363,0.0419735574877551,0,84,0.0419735574877551,TLT
2017-11-17,2017-11-17,0,R0: Calm / risk-on,225.8053741455078,100.15655517578124,122.86000061035156,0.0096950470460248,0.0032445085666057,-0.00439525405213,-1.5133691836347494,0.753542379050849,2.8718846859895275,-2.6035827199223633,1.2630805107027865,0.8673548531313937,15.588040559528473,0.7144011571451887,56.29756463600969,0.20475384093831062,86.5706412637128,0.08084500191650071,0,85,0.08084500191650071,SPY
2017-11-24,2017-11-24,0,R0: Calm / risk-on,227.99456787109375,100.48151397705078,122.31999969482422,0.0157474454973853,6.598172723770723e-05,-0.0059679803691536,-3.6042344809889393,-1.7851219911569287,2.3328159255990144,-0.16408479075734372,-2.0790417605230243,-1.7270333051032343,16.229384364796644,0.7629398582974027,57.216880852895,0.21680759111193887,134.44837742469744,0.020252550590658197,0,86,0.020252550590658197,SPY
2017-12-01,2017-12-01,0,R0: Calm / risk-on,231.58489990234375,100.48814392089844,121.58999633789062,0.0039702452661065,0.0011063547675522,-0.0255777043722787,0.6838645801346037,2.6035337283103797,0.6541608907461922,-2.0431115604149164,-0.4485774765224987,3.707259823687484,37.068347018692094,0.4580839872811541,55.735663798242236,0.2582770821045658,52.68419642800424,0.28363893061427997,0,87,0.28363893061427997,SPY
2017-12-08,2017-12-08,0,R0: Calm / risk-on,232.5043487548828,100.5993194580078,118.4800033569336,0.0088973811485617,0.013103156634046,0.0059081442303252,-3.508269763025216,-0.5387987403773274,0.5474458149707074,-0.04333582813526746,-2.102083729203624,-0.5574910097012614,7.088443302142972,0.7629532930533561,50.15587169894222,0.203401417680382,108.7721237747705,0.033645289266261896,0,88,0.033645289266261896,TLT
2017-12-15,2017-12-15,0,R0: Calm / risk-on,234.57302856445312,101.91748809814452,119.18000030517578,0.0037521032034262,-0.0258369016528688,0.01476759633935,-3.621399271251416,-0.07223771358948512,2.3128968523480853,-0.19043596232744964,-0.24823117413686394,-0.5157612173600744,5.186462033962049,0.8083049631838151,58.80812903179323,0.15585823434839297,106.69553867090211,0.035836802467792056,0,89,0.035836802467792056,GLD
2017-12-22,2017-12-22,0,R0: Calm / risk-on,235.4531707763672,99.28425598144533,120.94000244140624,-0.0024299027021463,0.0167512129433491,0.0224077975009602,-4.7622786613813775,0.6079667305296088,-1.1097989960914125,1.3104811545599837,-0.551109306692681,0.8525938589993162,11.088149859667292,0.8321636436866917,70.39011750918957,0.1347837583449143,116.17956381227486,0.0330525979683939,0,90,0.0330525979683939,GLD
2017-12-29,2017-12-29,0,R0: Calm / risk-on,234.88104248046875,100.9473876953125,123.6500015258789,0.0245824055405372,-0.0090653458869282,0.013586739057372,-2.264391197421172,1.4289610336008955,2.152175776307974,-2.0849162897115106,2.128126955062087,0.20478299355886243,11.977290989310129,0.7687988145772595,65.67810436874632,0.1478809013236638,84.36808267692008,0.08332028409907677,0,91,0.08332028409907677,SPY
2018-01-05,2018-01-05,0,R0: Calm / risk-on,240.6549835205078,100.03226470947266,125.33000183105467,0.0164579101693458,-0.0094658637132536,0.0130056429394713,-4.302992273100692,-0.6543341083737714,0.0890810152429989,1.445453240320104,-1.9874608577785864,-0.7350055561764249,11.815494297483916,0.7947866701684162,60.44733302443459,0.1786182715392404,122.49125479770571,0.026595058292343328,0,92,0.026595058292343328,SPY
2018-01-12,2018-01-12,0,R0: Calm / risk-on,244.61566162109375,99.08537292480467,126.95999908447266,0.0089595045440333,-0.0117253616181568,-0.0042533153703635,-3.9880364307849234,0.3322453839152173,-0.860250570499964,0.8150343179691985,-0.5163472491927291,1.1227480235263827,6.8196979984838855,0.7911443436378005,56.71035214180914,0.17106037254055145,105.89630944504657,0.037795283821648075,0,93,0.037795283821648075,SPY
2018-01-19,2018-01-19,0,R0: Calm / risk-on,246.8072967529297,97.9235610961914,126.41999816894533,0.0220034754141373,0.0043068048810455,0.0130518049293781,-4.702525513313785,0.4840552626081334,-1.9848530151845205,1.4444422392551601,-0.14216388114191358,0.1642014991250484,12.97415808964304,0.8266028570783341,70.74111895169901,0.1403425400542303,117.84517472188108,0.033054602867435494,0,94,0.033054602867435494,SPY
2018-01-26,2018-01-26,0,R0: Calm / risk-on,252.2379150390625,98.34529876708984,128.07000732421875,-0.0388372179121176,-0.0304312966750618,-0.0131178873935506,-4.836319147588593,0.6994729165471971,-1.5255010333225274,1.70686038349475,-1.224901030827139,-1.5979622976480097,16.94918668486196,0.8396608104304851,79.78337142755774,0.12202357101271462,117.51927252329389,0.0383156185568003,0,95,0.0383156185568003,GLD
2018-02-02,2018-02-02,2,R2: Stress / risk-off,242.4416961669922,95.35252380371094,126.38999938964844,-0.0506444250581499,-0.0137145438574957,-0.0128174915294343,3.655059442996543,10.621942033647828,-8.614558516793483,-0.24508351668232314,3.8362243097603757,4.595738377553081,268.43796516372487,0.020639914810595673,297.2279776827901,0.008529040225237573,142.98597035210884,0.9708310449641668,1,1,0.9708310449641668,GLD
2018-02-09,2018-02-09,2,R2: Stress / risk-off,230.1633758544922,94.04480743408205,124.7699966430664,0.0443975455560918,0.006528704778536,0.025567063614917,6.760978649176162,14.147714695172649,-7.197061897479802,-1.8134808305008558,3.3339815440508196,2.053083240729774,362.7376326092257,0.0015441001418612503,392.0002556768753,0.0006288791861120643,151.92669373361065,0.9978270206720267,0,2,0.9978270206720267,SPY
2018-02-16,2018-02-16,2,R2: Stress / risk-off,240.3820648193359,94.65879821777344,127.95999908447266,0.0058586314980773,-0.0048856632136488,-0.0142231924651917,2.7451201346649046,8.7743558576734,-4.921443462156708,1.7790733353629289,-4.089927991279491,-6.683206612362147,200.66123255568382,0.028278522376179973,239.57373341192374,0.008564524217054703,85.72551198074602,0.9631569534067654,0,3,0.9631569534067654,SPY
2018-02-23,2018-02-23,2,R2: Stress / risk-off,241.79037475585935,94.19632720947266,126.13999938964844,-0.0204942908526793,0.0038822335170101,-0.0059457745649993,2.463679647255284,9.06977651746547,-5.999526262417221,1.8129230507486405,-2.7503039672167224,-5.161992212631345,188.02954325404443,0.03100129731603833,229.05027240049688,0.008800776947488383,76.18875836566043,0.9601979257364732,0,4,0.9601979257364732,TLT
2018-03-02,2018-03-02,2,R2: Stress / risk-off,236.8350524902344,94.56201934814452,125.38999938964844,0.0363828311971827,-0.0037173947368142,0.0011962798198346,4.262484024407985,11.063809074976975,-4.423443858375019,-0.6811204571139786,0.7986302551220646,-1.3197526803050168,195.26860398976518,0.01109033982759668,235.40892178787607,0.0032346180865211716,49.08693154614513,0.9856750420858821,0,5,0.9856750420858821,SPY
2018-03-09,2018-03-09,2,R2: Stress / risk-off,245.4517822265625,94.2104949951172,125.54000091552734,-0.0128080269910445,0.0161139643019743,-0.0074876727302141,-0.7080792849351614,6.019109284345641,-3.767782175872716,2.4541361479934602,-4.236619979768144,-4.545810290009655,104.66517525384101,0.25900981814957913,157.73789992765728,0.05079124257388937,72.73590524268131,0.6901989392765315,0,6,0.6901989392765315,TLT
2018-03-16,2018-03-16,2,R2: Stress / risk-off,242.3080291748047,95.72859954833984,124.5999984741211,-0.0588984854374703,0.0030046211391911,0.0241573208113292,0.06924634832198034,6.647608830903004,-1.522489646198804,-0.8802132969652352,1.2612009980585668,-2.4560850860907344,61.647966385961595,0.2607975731983238,122.79743406401266,0.03991193912678111,29.516464171528348,0.6992904876748951,0,7,0.6992904876748951,GLD
2018-03-23,2018-03-23,2,R2: Stress / risk-off,228.0364532470703,96.01622772216795,127.61000061035156,0.0197634636785455,0.0143961413230424,-0.0142622026966481,6.126903067028117,12.966395585900601,-1.0285452192153286,-2.8116383995285408,6.31887488588087,1.6238140488115784,293.337850330327,0.004170105859979017,338.80507957177633,0.0010327868150769243,114.99133657295307,0.994797107324944,0,8,0.994797107324944,SPY
2018-04-13,2018-04-13,2,R2: Stress / risk-off,234.3106231689453,96.80597686767578,127.4499969482422,0.0055063952787552,-0.0201820491272722,-0.0064338934049347,1.8452199492080366,8.423496966104839,-0.31326795617341785,1.4067798280383625,-2.1961408165720857,-4.022889837064714,116.27109969894869,0.05956994811762589,169.39613117860986,0.011662791612883762,26.791348710423055,0.9287672602694903,0,9,0.9287672602694903,SPY
2018-04-20,2018-04-20,2,R2: Stress / risk-off,235.600830078125,94.85223388671876,126.62999725341795,-0.000187495919778,0.0036300906207549,-0.0089236142930378,0.3281465940474593,8.189044545199042,-3.3802354595648465,2.5097094335509733,-0.47990580519099296,-1.2345647119221013,99.82595094137966,0.11966696531580549,157.5897959247559,0.02031927681435007,35.57622569582474,0.8600137578698445,0,10,0.8600137578698445,TLT
2018-04-27,2018-04-27,2,R2: Stress / risk-off,235.55665588378903,95.1965560913086,125.5,-0.0020257243412297,0.0030473801739003,-0.0076493950953996,-0.5126090934616307,7.236373472897232,-1.8321519675542213,1.5412790116297646,0.37491647202319567,-3.0858253896756747,73.74842687915229,0.2280665279461222,141.93738037258558,0.028120010105000117,35.237311900750605,0.7438134619488778,0,11,0.7438134619488778,TLT
2018-05-04,2018-05-04,2,R2: Stress / risk-off,235.07948303222656,95.48665618896484,124.54000091552734,0.025674455472999,0.0020176376301401,0.0036935850416819,-0.6837108429269841,7.495413044513915,-2.3531022842396743,1.016615144793414,1.5417088526733815,-3.114665056837708,79.3010818575042,0.2383397090976,152.27877577538433,0.025369405117941647,42.556448595864744,0.7362908857844583,0,12,0.7362908857844583,SPY
2018-05-11,2018-05-11,0,R0: Calm / risk-on,241.11502075195312,95.67931365966795,125.0,-0.0055704716589605,-0.01694243282309,-0.020719970703125,-4.389081367378389,3.9922448385511755,-1.5016048714973325,1.8845303493564742,0.4849360318528899,-3.1459312282511314,35.6985006593432,0.7959320475821701,121.932577658563,0.05639820821931689,90.5757841221489,0.147669744198513,1,1,0.147669744198513,SPY
2018-05-18,2018-05-18,0,R0: Calm / risk-on,239.7718963623047,94.05827331542967,122.41000366210938,0.0030222052858237,0.0205615389369884,0.0065353761819297,-2.8448355107696357,4.910760987418684,-3.3931019724288416,1.577995845269888,1.0942333799734536,0.4754477428036768,42.52981746654861,0.6355052185068165,110.37023295001477,0.07919896400059538,68.62061283434019,0.28529581749258814,0,2,0.28529581749258814,TLT
2018-05-25,2018-05-25,0,R0: Calm / risk-on,240.4965362548828,95.99225616455078,123.20999908447266,0.0053280905789991,0.0080210480184346,-0.0058436914702799,-2.848722085257693,3.2804307272370705,0.9203000507385543,-0.109046842740415,2.708701073582765,-2.440591161394338,21.871116784343215,0.7630194191490398,95.7080080218187,0.07910342158975439,73.19523964305913,0.15787715926120585,0,3,0.15787715926120585,TLT
2018-06-01,2018-06-01,0,R0: Calm / risk-on,241.7779235839844,96.76221466064452,122.48999786376952,0.0167759134998843,-0.0064006285039039,0.0042452794638734,-1.7680067374411432,4.2655506254987605,0.3954348886404862,0.34222768812196286,-0.8867192833563958,-1.3510559433442442,22.3116719325754,0.5841485830221093,83.39770987683815,0.08957116231680853,41.284532901696274,0.3262802546610823,0,4,0.3262802546610823,SPY
2018-06-08,2018-06-08,0,R0: Calm / risk-on,245.83396911621097,96.14287567138672,123.01000213623048,0.0006632745690435,0.0071116146082268,-0.0135761789231607,-4.39170593996007,2.103585260245428,-0.1341125196354078,1.7343994270460081,-1.3944348280013812,-1.46996913280829,16.25342917144929,0.8283143939849364,86.51325046836762,0.09583889766680508,94.13480420781939,0.0758467083482585,0,5,0.0758467083482585,TLT
2018-06-15,2018-06-15,0,R0: Calm / risk-on,245.9970245361328,96.82660675048828,121.33999633789062,-0.0086245455725685,0.0012459758714207,-0.0082413056715061,-3.0222157496034137,3.307711789031023,1.316862056780728,0.7480307301341795,-0.7249870901450263,0.8228036820310797,15.167538362109312,0.7410847936767063,80.38386618149579,0.10010383846242624,65.34923744547983,0.1588113678608674,0,6,0.1588113678608674,TLT
2018-06-22,2018-06-22,0,R0: Calm / risk-on,243.8754119873047,96.94725036621094,120.33999633789062,-0.0125933678328939,0.0098730077035853,-0.0140435006102754,-2.6847611705815573,4.019489380115237,0.7730700431085619,0.9995168773234261,0.6395546488445311,-1.144758061419576,19.045534566885575,0.691543813408187,89.8058416119499,0.07879418829471697,54.955854999582364,0.22966199829709608,0,7,0.22966199829709608,TLT
2018-06-29,2018-06-29,0,R0: Calm / risk-on,240.80419921875,97.90441131591795,118.6500015258789,0.0152609942473846,0.0107451946136563,0.0017699037654614,-0.06624876072993592,5.618464879925881,0.17215845532297713,-1.0409868923238152,2.0311635844939224,0.30083906375949837,42.15640362829863,0.3756150190787319,97.2355048049892,0.06925768834257048,29.430722245306782,0.5551272925786976,0,8,0.5551272925786976,SPY
2018-07-06,2018-07-06,0,R0: Calm / risk-on,244.47911071777344,98.95641326904295,118.86000061035156,0.0151405086310649,-0.0002440939630687,-0.0105165740668112,-2.0736271265815964,2.0311255692731427,0.877440274978828,0.291103770528704,-1.1402224368145573,-4.025955295506187,22.16542215755631,0.7030412094844051,76.0662758948242,0.1344043646125951,69.87141521610677,0.16255442590299973,0,9,0.16255442590299973,SPY
2018-07-13,2018-07-13,0,R0: Calm / risk-on,248.18064880371097,98.93225860595705,117.61000061035156,0.0003217383931781,-0.0159716991630223,-0.0089278381626449,-2.8407616564312486,0.6555128292584211,0.8085910032449012,0.3436694063291402,-1.0055171250153103,-2.807613753051623,9.81288458173625,0.7629991034765395,59.921596555799425,0.1638742524719987,86.20827439423569,0.07312664405146166,0,10,0.07312664405146166,SPY
2018-07-20,2018-07-20,0,R0: Calm / risk-on,248.260498046875,97.35214233398438,116.55999755859376,0.0062213275968039,-0.0107644586971615,-0.0062628323852883,-2.5559553730725715,0.9909444341282289,-1.2053104677731914,0.7807640094135406,-0.5233974765070318,0.47328942306096,5.737742880956699,0.7103886678971533,45.87971284518715,0.20718206441458867,75.90463874180718,0.08242926768825808,0,11,0.08242926768825808,SPY
2018-07-27,2018-07-27,0,R0: Calm / risk-on,249.8050079345703,96.30419921875,115.83000183105467,0.007746642721395,0.0002214250041829,-0.0078563726817223,-2.2843654304804866,1.537912110069966,-1.644429849732692,1.0444468739583324,0.15211078093360786,0.013327778810436399,8.396813751704986,0.6950564384280872,50.201421794213005,0.19262431483551587,67.77339633132387,0.11231924673639714,0,12,0.11231924673639714,SPY
2018-08-03,2018-08-03,0,R0: Calm / risk-on,251.7401580810547,96.32552337646484,114.91999816894533,-0.0015516385791939,0.0120785747726896,-0.0020013551270768,-3.7874822444021397,0.8568219795572667,-0.8438542228477026,0.31598442984416597,-0.8743173169599744,-0.3111130097957705,5.0917575642160635,0.796505832452208,59.08342587988254,0.15184862908405478,94.217189596441,0.051645538463737345,0,13,0.051645538463737345,TLT
2018-08-10,2018-08-10,0,R0: Calm / risk-on,251.34954833984375,97.48899841308594,114.69000244140624,0.0067100546828389,0.0026518072592764,-0.0223210840831236,-2.4286216526984656,1.7504465952215442,1.1337984946992012,-1.748276172361989,1.720862003339416,0.18554650804887377,7.8141844666520175,0.7654454264559801,62.62317827463296,0.14231155104527862,76.74834986020498,0.09224302249874135,0,14,0.09224302249874135,SPY
2018-08-17,2018-08-17,0,R0: Calm / risk-on,253.03611755371097,97.74752044677734,112.12999725341795,0.0085945977727155,0.0108288636175424,0.0181040440418769,-2.642468046689427,1.246797537034669,0.40316992113965006,-0.3991854734168613,-0.9573528221128248,0.20613983770614336,3.3295806743232292,0.7407362998341883,50.27561263451018,0.17531250638370224,74.26325719533962,0.08395119378210954,0,15,0.08395119378210954,GLD
2018-08-24,2018-08-24,0,R0: Calm / risk-on,255.2108612060547,98.80601501464844,114.16000366210938,0.0097387228925127,-0.0105489262280915,-0.0056937763229473,-2.854413785742077,0.10334707271351584,3.2249214442914593,-1.2953769309500751,-1.2429603476341846,-0.3148110524651724,11.794821923754446,0.7741925479732857,59.77943199794558,0.1774813327494191,102.15876322644743,0.04832611927729511,0,16,0.04832611927729511,SPY
2018-08-31,2018-08-31,0,R0: Calm / risk-on,257.6962890625,97.7637176513672,113.51000213623048,-0.0093349369602206,-0.0132362932479149,-0.002466732217667,-2.7658007245021863,0.4504831374871096,0.7157346302455314,-0.3674119513160329,-1.0691684653822138,0.8638251396549788,3.3684867336501205,0.7382025375901764,45.290590433292365,0.20384506530394675,86.2640580908123,0.05795239710587689,0,17,0.05795239710587689,GLD
2018-09-07,2018-09-07,0,R0: Calm / risk-on,255.29071044921875,96.46968841552734,113.2300033569336,0.0114048805515503,-0.0048687667934018,-0.0018546914037014,-2.484442608808176,1.7483178028723765,-0.9908428642853491,-0.02734422790598963,0.31294702975666255,0.3277382808981463,5.164430777769606,0.7253301499727706,52.50479419709955,0.16960086301704067,68.10370908082685,0.10506898701018888,0,18,0.10506898701018888,SPY
2018-09-14,2018-09-14,0,R0: Calm / risk-on,258.2022705078125,96.0,113.0199966430664,0.008359993627059,-0.0122307936350504,0.0041585669320751,-3.6993177725823934,0.09296719353995628,-0.22469030101074436,0.19724554572420366,-1.256874849520004,-0.749921408212621,4.37475663640468,0.7863684605134911,53.645048666749894,0.1732965808542584,101.13548813070345,0.040334958632250624,0,19,0.040334958632250624,SPY
2018-09-21,2018-09-21,0,R0: Calm / risk-on,260.36083984375,94.82584381103516,113.48999786376952,-0.0043494089670472,0.0014515231418616,-0.0064322472577301,-3.6813649531870722,0.7603162904216553,-1.6050566419220218,0.2407995715898632,-0.3155949070089617,0.4855644791220306,6.392569587164479,0.7831125201576444,56.6093276712313,0.16763722779941184,96.51262170332147,0.049250252042943726,0,20,0.049250252042943726,TLT
2018-09-28,2018-09-28,0,R0: Calm / risk-on,259.2284240722656,94.96348571777344,112.76000213623048,-0.009975045903788,-0.0339204762829823,0.0092231367135915,-3.4397300739857704,1.8381379793155166,-0.20342749379470498,-0.23564253085227438,1.4036712783174534,-0.18326868278442518,5.278395998117977,0.8048854895134617,67.31260672015011,0.11987776099546213,82.48808786998326,0.07523674949107605,0,21,0.07523674949107605,GLD
2018-10-05,2018-10-05,0,R0: Calm / risk-on,256.6426086425781,91.74227905273438,113.8000030517578,-0.0412412385035551,0.0126502264811083,0.0125659074413682,-1.639255180450779,4.5411639660221175,-4.236893124565747,-0.34997669633452183,0.617063105958186,3.899961275276327,59.25295053452928,0.5619778116353478,105.60801809501481,0.13543993979461239,79.4217347106126,0.30258224857003996,0,22,0.30258224857003996,TLT
2018-10-12,2018-10-12,2,R2: Stress / risk-off,246.058349609375,92.90283966064452,115.2300033569336,0.0010873960043853,-0.0066390949268867,0.0067690597637213,5.579305694613249,9.69931641196979,-0.9588055789028194,-3.479868200200335,1.6643229275706526,0.5014736962934363,176.66758471329763,0.014548800028571018,201.0980211777231,0.006872870625608735,39.56384630946344,0.9785783293458202,1,1,0.9785783293458202,GLD
2018-10-19,2018-10-19,2,R2: Stress / risk-off,246.3259124755859,92.28604888916016,116.01000213623048,-0.0395297343187215,0.0112565048767303,0.0065511119113976,2.8672679733397426,7.86957716790485,-1.6762302119949815,-1.044047163030971,0.2511986676759358,-2.222335190594995,101.77870841340012,0.06306145158485969,140.50125558577636,0.019210683555265787,14.544032124846973,0.9177278648598745,0,2,0.9177278648598745,TLT
2018-10-26,2018-10-26,2,R2: Stress / risk-off,236.58871459960935,93.32486724853516,116.7699966430664,0.024724093616298,-0.0236381991676609,-0.0010276194282533,7.611934181223074,10.716068674257947,0.7742553739218936,-4.651758266576618,3.648012679184434,0.43974317513607025,251.7449081413877,0.005081751296536556,269.6355453564285,0.0029343255848004283,79.93161567806267,0.991983923118663,0,3,0.991983923118663,SPY
2018-11-02,2018-11-02,2,R2: Stress / risk-off,242.4381561279297,91.11883544921876,116.6500015258789,0.0215894877447591,0.0120538773426861,-0.0186026415821682,4.5846380110651275,7.368695297933418,-2.853333081730756,1.675592380524147,-2.545297296683882,-2.2222379510941637,134.24409099948977,0.02706488278804971,142.77416430473755,0.02083000379698546,18.255328653693667,0.9521051134149647,0,4,0.9521051134149647,SPY
2018-11-09,2018-11-09,2,R2: Stress / risk-off,247.6722717285156,92.21717071533205,114.4800033569336,-0.0145088701255894,0.0119097327735402,0.0099580656553099,1.1859506227391836,4.063915426256285,-0.38019997369909325,1.0004762624025685,-0.09362722721138741,-2.6687051419986556,40.42826374407068,0.2960661434375184,70.75703579471833,0.11669906422970981,18.11810172089265,0.5872347923327718,0,5,0.5872347923327718,TLT
2018-11-16,2018-11-16,2,R2: Stress / risk-off,244.07882690429688,93.3154525756836,115.62000274658205,-0.0382858786130239,0.0038363040666278,0.001297300578803,2.9672960236572687,4.718509009526913,1.1323053021811924,-0.24529848917536723,1.4875991027866873,-2.1504999971995686,60.49915046673389,0.1662516446703395,82.42261416511143,0.0848199675936644,11.466026209465136,0.748928387735996,0,6,0.748928387735996,TLT
2018-11-23,2018-11-23,2,R2: Stress / risk-off,234.7340545654297,93.6734390258789,115.7699966430664,0.0471033600803352,0.0016499476908427,-0.0019866609156788,3.531523240175558,5.1425640462593005,1.2284131210183091,-0.1809956199617902,2.302436266117262,-2.9969712694276747,78.21128579066477,0.12192194554067162,100.00559453088239,0.06245048809965844,16.296003163773072,0.81562756635967,0,7,0.81562756635967,SPY
2018-11-30,2018-11-30,2,R2: Stress / risk-off,245.7908172607422,93.82799530029295,115.54000091552734,-0.0438236626472305,0.0290884300927054,0.0220702388969826,1.1911912779612446,1.937181454669234,1.7322466994336674,1.349587753944899,-0.9719039789257315,-3.226705271306996,34.88097559746229,0.39953746870119994,53.75481348693724,0.22384380693102143,36.80544229618879,0.37661872436777866,0,8,0.37661872436777866,TLT
2018-12-07,2018-12-07,2,R2: Stress / risk-off,235.0193634033203,96.55730438232422,118.08999633789062,-0.0117617391612603,0.0005912629773847,-0.008722150997022,8.852791064079991,5.418661633506372,5.84183915512754,-2.385918081356014,4.214094786097745,-1.239975903441952,214.20680211944497,0.01835357770425885,193.5052917706923,0.03464961232361659,85.73994122096764,0.9469968099721245,0,9,0.9469968099721245,TLT
2018-12-14,2018-12-14,2,R2: Stress / risk-off,232.255126953125,96.61439514160156,117.05999755859376,-0.0705046267437667,0.0213227177887338,0.0141807935821838,5.84597513714547,2.7428561954487507,3.2977300468765836,-0.03254070635783396,0.858651379400552,-1.330417591953036,91.52489367820988,0.09779306137464044,71.45246465824148,0.181091984106186,26.437639055938273,0.7211149545191735,0,10,0.7211149545191735,TLT
2018-12-21,2018-12-21,2,R2: Stress / risk-off,215.88006591796875,98.67447662353516,118.72000122070312,0.0292897554664586,0.0027339936309391,0.019710211538328,10.346879686599435,6.95581931689709,4.529403553390563,-2.5824202456024588,4.557933711946504,1.6203311527100208,263.02124622665934,0.00615410027657287,230.74135940035933,0.016576651234584763,97.93210611694063,0.9772692484888424,0,11,0.9772692484888424,SPY
2018-12-28,2018-12-28,2,R2: Stress / risk-off,222.20314025878903,98.94425201416016,121.05999755859376,0.0187284911282934,0.0087565400123881,0.0031389797660332,9.54812920110048,4.477526700048014,4.918861747049539,-0.5420505581974885,0.11832155989451208,-2.151060036071567,195.74220714222645,0.013518386205130618,153.45409001076288,0.04950848179579494,57.66077808838648,0.9369731319990745,0,12,0.9369731319990745,SPY
2019-01-04,2019-01-04,2,R2: Stress / risk-off,226.3646697998047,99.81066131591795,121.44000244140624,0.026110285550388,-0.0096634535160757,0.0029644318438255,7.231346110159958,0.15062547026489476,4.813333315734181,2.009222454797266,-3.4290382016422885,-3.256944910208003,148.4691788790124,0.0734001387168225,94.13322107321557,0.38910318471443,83.60827593133169,0.5374966765687476,0,13,0.5374966765687476,SPY
2019-01-11,2019-01-11,1,R1: Growth / trend,232.27511596679688,98.8461456298828,121.8000030517578,0.0288824705620971,-0.0113289927833994,-0.0064039933427582,3.2228421903300792,-2.961241967642601,3.8827776492750905,3.2682274915543323,-2.3610673066669947,-2.313816836009138,81.70886196509562,0.21729462953708661,43.985280553024225,0.6917555385590017,110.0817618430726,0.09094983190391154,1,1,0.09094983190391154,SPY
2019-01-18,2019-01-18,1,R1: Growth / trend,238.9837951660156,97.726318359375,121.0199966430664,-0.0025520299332614,0.0081131631804181,0.0152041316999207,1.8595765527619335,-2.923399918717079,2.2173370442496982,3.6304899499956216,-1.859845801965418,-0.2785624515063607,53.79163634047035,0.26880802222191563,24.047578179509166,0.6698361986137691,101.91805158157497,0.06135577916431537,0,2,0.06135577916431537,GLD
2019-01-25,2019-01-25,1,R1: Growth / trend,238.3739013671875,98.5191879272461,122.86000061035156,0.0161038817386067,0.0058349241588411,0.013348521744271,1.8513955341928503,-3.4110524692122848,4.234273935478446,2.3448497690237455,-0.4558801747757568,-0.37080337035354644,55.80459529036924,0.29725817077092953,30.03994679820493,0.6555556454086542,115.76274670058667,0.0471861838204163,0,3,0.0471861838204163,SPY
2019-02-01,2019-02-01,1,R1: Growth / trend,242.212646484375,99.0940399169922,124.5,0.0015179245501726,0.0114919758733409,-0.0023293246227096,2.539923708941093,-6.149911438386276,2.7322538718428375,3.914685991772675,0.5812867548493033,-2.0286030839856175,93.12198954143982,0.16538885707563217,40.96900869371798,0.8199214953634463,171.99624736921717,0.014689647560921499,0,4,0.014689647560921499,TLT
2019-02-08,2019-02-08,1,R1: Growth / trend,242.5803070068359,100.23282623291016,124.20999908447266,0.0255111684721538,-0.0030241936251176,0.0047500521023584,3.06416529220513,-6.809614589614727,4.171339711999024,3.232912395086058,2.463942439518315,-3.0160751653080813,120.27726852902767,0.1566543618263737,65.91022551439987,0.8312368771530794,203.6783167913451,0.01210876102054698,0,5,0.01210876102054698,SPY
2019-02-15,2019-02-15,1,R1: Growth / trend,248.7688140869141,99.92970275878906,124.8000030517578,0.0063814023566866,-0.0033612037759087,0.0056089497686302,1.6191397968094379,-6.850631165339218,2.9490622040252474,3.567459540043235,0.6776716931015179,-1.79549210745682,90.89746556776225,0.1894078120747682,43.873242754332836,0.8022154108163662,192.48717474288628,0.00837677710886576,0,6,0.00837677710886576,SPY
2019-02-22,2019-02-22,1,R1: Growth / trend,250.35630798339844,99.59381866455078,125.5,0.0045855665548935,-0.0218748929922496,-0.0288446433990601,1.6029042043429749,-6.775216890575298,2.601403947908522,3.660742559076696,-0.09527602754365194,-1.5954084604653063,88.21272329023638,0.1823679317088509,39.67748092359646,0.8090687214774317,187.85093292311862,0.008563346813717326,0,7,0.008563346813717326,SPY
2019-03-01,2019-03-01,1,R1: Growth / trend,251.50433349609375,97.41521453857422,121.87999725341795,-0.0212535798383117,0.024523732678634,0.0078765926001507,1.1442138600677847,-4.741778274860193,-1.4324772627639173,3.905849050303445,-1.5650809608677771,4.342427282995627,82.7507659625375,0.17470082564399847,32.71998245515302,0.8114642201364557,165.36227623078935,0.013834954219545715,0,8,0.013834954219545715,TLT
2019-03-08,2019-03-08,1,R1: Growth / trend,246.15896606445312,99.80419921875,122.83999633789062,0.0294721624490135,0.0014810187427531,0.0010583269837853,2.8481877891932976,-4.611178015164742,3.2708963310933368,1.133526275056746,3.5719424207442896,0.8789811975003772,74.97508909906966,0.21225659896792468,33.31240611730699,0.7625672014511379,144.42610812603112,0.025176199580937385,0,9,0.025176199580937385,SPY
2019-03-15,2019-03-15,1,R1: Growth / trend,253.4138031005859,99.95201110839844,122.97000122070312,-0.0073224349123751,0.0255438744331502,0.0081320646505096,1.4102734298548174,-5.823022650200876,2.1722514571083664,3.0808831994017947,-0.7550564542025865,-0.4817968329043163,67.56454144410495,0.2081492473999196,24.54866185928905,0.779527803029171,159.6532314091739,0.012322949570909379,0,10,0.012322949570909379,TLT
2019-03-22,2019-03-22,1,R1: Growth / trend,251.5581970214844,102.5051727294922,123.97000122070312,0.0115663372056415,0.0126541078532054,-0.0158102691390901,4.962315723333739,-3.22769088464985,4.520496619082673,-0.04153730429872018,2.964187961230343,1.3950234767586935,96.76756817460037,0.15626109526141602,44.67874040379912,0.7731462389131544,122.65339936618193,0.07059266582542961,0,11,0.07059266582542961,TLT
2019-03-29,2019-03-29,1,R1: Growth / trend,254.46780395507812,103.80228424072266,122.01000213623048,0.0215589295837415,-0.0168990310073673,-0.0002458714758761,2.110255356621981,-4.925149952190934,3.9341446420993837,2.0904729377860347,-0.3370712089921642,-0.12447889075586314,67.15546321122912,0.22346022830080103,27.51521405105814,0.7544935406624016,142.607020164424,0.02204623103679732,0,12,0.02204623103679732,SPY
2019-04-05,2019-04-05,1,R1: Growth / trend,259.953857421875,102.04812622070312,121.9800033569336,0.0055102223858463,-0.010964923429527,-0.0012297222639024,-0.3074631265939667,-4.908598723027905,1.6405533031598176,2.1905129150466163,-1.9378316336282735,2.4146327822717315,50.053047606240646,0.3089518393012985,24.35839523116908,0.6798817881188803,158.21809976721008,0.011166372579821239,0,13,0.011166372579821239,SPY
2019-04-12,2019-04-12,1,R1: Growth / trend,261.3862609863281,100.9291763305664,121.83000183105467,-0.0004826560795226,0.0018748976206723,-0.0119839043136291,-0.6410654081288141,-3.9716662909234492,0.9424774052729332,1.7935297736609408,-1.3321693515369726,2.5887548322781058,35.56671149672125,0.3729826692107029,19.474480105366556,0.6112497663430195,138.6268803166131,0.01576756444627748,0,14,0.01576756444627748,TLT
2019-05-03,2019-05-03,1,R1: Growth / trend,264.8725280761719,101.95730590820312,120.6500015258789,-0.0201680011954822,0.0088142188853006,0.0064649711515301,0.151430519538874,-3.922712014428464,1.5585145580986817,0.7675879642338306,1.2106286854192154,3.4764138183774826,40.658962066045646,0.34713082139952095,20.938766391925558,0.6358997286020651,138.98600509646516,0.016969449998413894,0,15,0.016969449998413894,TLT
2019-05-10,2019-05-10,1,R1: Growth / trend,259.53057861328125,102.8559799194336,121.43000030517578,-0.0078447392130426,0.0099397405592935,-0.0064234437728452,2.57678842042278,-1.670627536628903,2.358082206893863,-0.7338323326973818,3.5802856509015966,3.8029862522557236,61.70018066100024,0.30287882343610567,38.39600918270929,0.6193602947356851,105.99507974902781,0.07776088182820927,0,16,0.07776088182820927,TLT
2019-05-17,2019-05-17,1,R1: Growth / trend,257.49462890625,103.87834167480467,120.6500015258789,-0.0107051378688496,0.0142074402913967,0.005387497038195,3.1283603867475973,-1.318600010811677,3.3288774606705185,-0.8604655945681312,1.4135284657555887,2.6199657628533632,54.37449257987149,0.27752223036831736,28.815804301460158,0.6081739646918021,83.27172300175577,0.11430380493988075,0,17,0.11430380493988075,TLT
2019-05-24,2019-05-24,1,R1: Growth / trend,254.7381134033203,105.35418701171876,121.3000030517578,-0.0265577614494627,0.0316952355075506,0.0167353563744816,2.216468653029722,-1.7380368370238506,3.8568558631833736,0.050820503528448885,1.0647503131143707,1.1279374603859629,42.37543792156914,0.3400150000301432,25.576483158792506,0.5694422122168399,85.480389976009,0.09054278775301702,0,18,0.09054278775301702,TLT
2019-05-31,2019-05-31,1,R1: Growth / trend,247.97283935546875,108.69341278076172,123.33000183105467,0.0449738073888688,0.0013682502351604,0.026433101908988,4.787014627961545,-0.9811370540566883,5.864621515053287,-2.087424833843375,2.46376897330976,3.0416396864561452,106.12049732099544,0.21760583578112236,72.59047190198956,0.6090721172247515,113.53289309361527,0.17332204699412607,0,19,0.17332204699412607,SPY
2019-06-07,2019-06-07,1,R1: Growth / trend,259.1251220703125,108.84213256835938,126.58999633789062,0.0055970949045884,-0.0021253097190301,-0.0002369759077707,2.34622915701563,-2.7491026917749313,5.577953433439338,-0.1808757706190303,-2.21773550927843,2.176967405246944,72.98109025781851,0.2795016950020651,44.8488435005241,0.662862306607045,124.41580547031828,0.057635998390889884,0,20,0.057635998390889884,SPY
2019-06-14,2019-06-14,1,R1: Growth / trend,260.5754699707031,108.61080932617188,126.55999755859376,0.0213302349102662,-0.0002281566042204,0.0428255236528112,1.1222383838436727,-3.126483913725963,4.461484743527394,-0.324016758406393,-1.4964711897582617,3.4737959894138277,58.41883099890317,0.3305733298475465,37.069807297625154,0.6366161322531626,133.67450117131253,0.032810537899290955,0,21,0.032810537899290955,GLD
2019-06-21,2019-06-21,1,R1: Growth / trend,266.13360595703125,108.58602905273438,131.97999572753906,-0.0034013457229069,0.010499776990664,0.0092438343703367,0.977453687565933,-3.678708372305017,4.293710457929449,0.1069097772298841,-2.3752737169329996,3.8239518203039298,66.59253120395239,0.30091216339427135,40.28126859976019,0.674842724272433,148.64132818980363,0.02424511233329562,0,22,0.02424511233329562,TLT
2019-06-28,2019-06-28,1,R1: Growth / trend,265.2283935546875,109.72615814208984,133.1999969482422,0.0186349011000339,-0.0009055051836573,-0.0079579398114073,0.4273622087566657,-3.5139309069359017,5.0296226697922,-0.2744992687495463,-1.250697456899011,2.536041015064814,54.346094727359194,0.3856605425895152,40.522996411323646,0.5895013601851223,143.69136570609894,0.024838097225362434,0,23,0.024838097225362434,SPY
2019-07-05,2019-07-05,1,R1: Growth / trend,270.1708984375,109.62680053710938,132.13999938964844,0.0073370940340857,-0.0166878650740163,0.0105191417895325,1.4922862606779788,-3.9761023662929484,2.560105327946113,2.0796246500426916,-4.343636353884403,3.5137165518328137,79.99836663877097,0.2143871961218913,38.74466911927895,0.7606125120098053,150.00317619756487,0.025000291868303427,0,24,0.025000291868303427,GLD
2019-07-12,2019-07-12,1,R1: Growth / trend,272.1531677246094,107.79736328125,133.52999877929688,-0.011574678610415,0.011288453655178,0.0070396349134993,0.42430965361898443,-4.373433871704419,0.431664176623477,2.0775196037795562,-3.9214803986757567,3.7080148435897224,68.18987510268585,0.24030983089989758,31.361269070907625,0.7442931500031178,157.7037723573037,0.01539701909698462,0,25,0.01539701909698462,TLT
2019-07-19,2019-07-19,1,R1: Growth / trend,269.0030822753906,109.01422882080078,134.47000122070312,0.0162871242367714,-0.0016706193202983,-0.0061723940174018,1.721129902176258,-2.3875508610628176,1.7770848447386154,-0.16860058535221548,-1.7938468100881422,3.963807711199305,49.354645112041595,0.27662513722037163,20.340352297071878,0.6740456708533653,105.52236514514571,0.049329191926263075,0,26,0.049329191926263075,SPY
2019-07-26,2019-07-26,1,R1: Growth / trend,273.3843688964844,108.83210754394533,133.63999938964844,-0.0310916440348509,0.0404026206529311,0.0168362766407965,-0.7995111656375248,-3.4908725487797816,0.9486437193870145,1.1204118264434555,-2.4010828619536553,1.305127051941028,28.163550240610988,0.4174286431531492,18.46879590032803,0.5621157285873837,126.41138213462155,0.020455628259467187,0,27,0.020455628259467187,TLT
2019-08-02,2019-08-02,1,R1: Growth / trend,264.8843994140625,113.22920989990234,135.88999938964844,-0.0034175018307016,0.0259325084617603,0.0395172208500029,5.218358968461183,-2.922052088804945,3.248043290507745,-7.092501784347,-0.66867588465165,3.355947414429093,139.47210189403762,0.14079203759440084,82.7018448088454,0.8042634378521123,170.1258465899887,0.05494452455348685,0,28,0.05494452455348685,GLD
2019-08-09,2019-08-09,1,R1: Growth / trend,263.9791564941406,116.16552734375,141.25999450683594,-0.0094983057360582,0.0434128409420488,0.0107603308195469,6.335324345357909,-2.1904560258851236,3.339280407647665,-5.3710238532485,-2.8385476226080932,1.1841777417089918,133.36408475115323,0.10836547972352611,69.35083687687789,0.7731602766776776,130.45866346221837,0.11847424359879632,0,29,0.11847424359879632,TLT
2019-08-16,2019-08-16,1,R1: Growth / trend,261.4718017578125,121.20860290527344,142.77999877929688,-0.0138481879123818,-0.0011631483093088,0.0097352528472636,7.344234536752358,-1.5639117017302453,4.458761847049599,-4.919223987465069,-3.845247731192919,1.4294646619382245,162.06004250993854,0.08424939060714302,91.85202528229445,0.7269918666388768,135.7804737188341,0.18875874275398025,0,30,0.18875874275398025,GLD
2019-08-23,2019-08-23,1,R1: Growth / trend,257.85089111328125,121.06761932373048,144.1699981689453,0.0266809227508497,0.0090431560489834,-0.002913214776164,9.182360998177403,-0.03015977956208447,3.2176569147438405,-5.084498736919783,-4.899305664614736,4.412442258226094,221.2128586967441,0.041472399251614576,133.75209802999433,0.6077474006978442,151.65645728038152,0.35078020005054117,0,31,0.35078020005054117,SPY
2019-08-30,2019-08-30,1,R1: Growth / trend,264.7305908203125,122.1624526977539,143.75,0.0191482302772247,-0.0083654356645923,-0.0127304475203804,4.478430645631462,-3.3194558907455,2.2640224025196014,-2.3779815859864732,-5.937916168076539,1.689186061130783,113.75274382316131,0.11971002861205542,50.82453988372041,0.8261218030779108,139.58569960213904,0.05416816831003382,0,32,0.05416816831003382,SPY
2019-09-06,2019-09-06,1,R1: Growth / trend,269.7997131347656,121.14051055908205,141.9199981689453,0.0101995329154147,-0.063448218615682,-0.012471845372728,5.00505831575588,-5.068263954324738,-0.9890710650738896,-0.5584950288551553,-7.915625629771676,0.1554760188985653,155.56677118145322,0.05992626335340464,66.73760726446328,0.9158486626864577,185.07272009931654,0.024225073960137622,0,33,0.024225073960137622,SPY
2019-09-13,2019-09-13,1,R1: Growth / trend,272.5515441894531,113.45436096191406,140.14999389648438,-0.0047576024505291,0.0391832524247361,0.0199786170081883,2.454976026275064,-4.723178692793297,-8.530850286279023,3.1086425995109632,-8.194153401844948,4.786227685430324,237.02078367802403,0.06460271518437656,150.3940799248209,0.9227746892595433,290.2116301573049,0.01262259555608015,0,34,0.01262259555608015,TLT
2019-09-20,2019-09-20,1,R1: Growth / trend,271.2548522949219,117.89987182617188,142.9499969482422,-0.0096555327407534,0.0059196141787047,-0.0132214020986145,4.26362440332166,-4.392934650434784,-0.5457285548535276,-3.195117393927281,-3.6432598693244214,-0.1573722423932297,93.09836341053077,0.11185545512269193,26.69682269747377,0.8587658114817524,136.65187599976034,0.029378733395555735,0,35,0.029378733395555735,TLT
2019-09-27,2019-09-27,1,R1: Growth / trend,268.6357421875,118.59779357910156,141.05999755859375,-0.0035544953704881,0.0246308584515129,0.0059548869447676,4.495157003223509,-3.844771887923714,-2.3248771926523966,-2.2048352053953932,-4.408103473650704,1.3537695044703657,102.46322427452662,0.09246501276556983,29.371359902660494,0.8717372288992685,133.37710358355056,0.03579775833516161,0,36,0.03579775833516161,TLT
2019-10-04,2019-10-04,1,R1: Growth / trend,267.6808776855469,121.51895904541016,141.89999389648438,0.0065566746893614,-0.0380160817612903,-0.0131782607302411,3.764936402764631,-3.7002392703134284,-0.42141685530079975,-2.804467974772956,-3.848664433538091,0.30731067376385407,80.36277252686527,0.13999311590940028,22.739421336981344,0.8209179437565799,121.92312939519213,0.03908894033401991,0,37,0.03908894033401991,SPY
2019-10-11,2019-10-11,1,R1: Growth / trend,269.43597412109375,116.89928436279295,140.02999877929688,0.0057042355778389,-0.0061233934527646,0.0030708272392978,2.7327433836176587,-4.2767639192647975,-5.123194758576287,-0.4609639382109659,-5.52102730847573,2.811477455978059,121.20123838634856,0.10506566484669327,52.12012783911859,0.8757910197913124,176.66805186979315,0.019143315361994477,0,38,0.019143315361994477,SPY
2019-10-18,2019-10-18,1,R1: Growth / trend,270.972900390625,116.18346405029295,140.4600067138672,0.0121827994287799,-0.0075948233297535,0.0099672065325777,1.26616074770239,-4.883952624148721,-4.20160457159676,-0.8089127867878326,-3.2705097515679147,0.9327895806876461,74.95208847366969,0.17706902297329727,25.40661933958146,0.8103024398686176,160.97454735898935,0.012628537158085141,0,39,0.012628537158085141,SPY
2019-10-25,2019-10-25,1,R1: Growth / trend,274.27410888671875,115.3010711669922,141.86000061035156,0.0150528283219177,0.0164979326716487,0.0049344208743158,0.8190231635524816,-5.745305459742914,-4.069171489709772,-1.2387226300078897,-3.8822480381519857,0.615886452926378,84.3414473877852,0.17341846503454633,33.76347949002674,0.8191518649259831,186.96668225160477,0.007429670039470477,0,40,0.007429670039470477,TLT
2019-11-01,2019-11-01,1,R1: Growth / trend,278.4027099609375,117.20330047607422,142.55999755859375,0.0091459765201091,-0.0401967937786513,-0.036265419875729,1.3360448966991254,-5.806440652065692,-2.3732539927669642,-3.363490908421983,-3.310507065502336,1.6231047776209908,83.41236093366963,0.16751948544974726,31.455394706977835,0.8255021916355954,186.95187082733824,0.006978322914657343,0,41,0.006978322914657343,SPY
2019-11-08,2019-11-08,1,R1: Growth / trend,280.948974609375,112.49210357666016,137.38999938964844,0.0092253688192309,0.0211251400092169,0.0059684644287183,-0.1311539079731261,-5.742406281099555,-7.858627084649739,-0.6994396962164647,-4.9590973183691585,4.591762472665987,157.82645965893624,0.14733994208728446,100.79796456010257,0.8483662246495658,273.00484013091466,0.0042938332631496726,0,42,0.0042938332631496726,TLT
2019-11-15,2019-11-15,1,R1: Growth / trend,283.54083251953125,114.86851501464844,138.2100067138672,-0.0026622348824127,0.015534224589909,-0.0034006309085575,-0.27356076021854847,-5.712180050669417,-3.1856168437400023,-2.9868906634748464,-1.195666137529585,1.1440751019823063,62.32632807467754,0.2665651342317658,29.600853821295495,0.7279068852998697,188.58852933171454,0.005527980468364596,0,43,0.005527980468364596,TLT
2019-11-22,2019-11-22,1,R1: Growth / trend,282.7859802246094,116.65290832519533,137.74000549316406,0.0107730880755285,0.0037176102179667,0.0008711711369393,0.10877875700819557,-5.753492953293843,-2.4725297277828275,-2.7101548947493557,-1.5887750378675578,0.4660871675928063,58.949281475498694,0.2515712724492902,23.709184248924736,0.7420901616042178,178.8679953077486,0.006338565946491977,0,44,0.006338565946491977,SPY
2019-11-29,2019-11-29,1,R1: Growth / trend,285.83245849609375,117.08657836914062,137.86000061035156,0.0017815202348712,-0.0130482162633288,-0.0017409363999817,-0.09459243572356009,-5.611950844177656,-3.04216776498488,-2.3239458317111636,-2.0054179952940943,0.8460797896448741,60.45916159822013,0.25367096907577025,25.586379564619808,0.7398941839884818,180.1575300406807,0.00643484693574795,0,45,0.00643484693574795,SPY
2019-12-06,2019-12-06,1,R1: Growth / trend,286.3416748046875,115.55880737304688,137.6199951171875,0.0077813294135551,0.0049870188037861,0.0103909895749714,-0.08398465490234763,-3.432461930866157,-4.102558553041044,-3.5845263310573383,-3.3352017505512284,2.85169986228846,71.71479772766595,0.3058067445665697,45.78058107957751,0.67792770239231,167.29287875018434,0.016265553041120248,0,46,0.016265553041120248,GLD
2019-12-13,2019-12-13,1,R1: Growth / trend,288.5697937011719,116.13510131835938,139.0500030517578,0.0157152367501405,-0.0156165459865483,0.0033800878129299,0.6108731919695475,-3.1359195798552375,-2.284903711884905,-4.486230744538208,-2.680429449871787,1.954024453836336,58.77809784958851,0.3151436121785461,34.607290460570404,0.6618145733987043,143.99060376032514,0.02304181442274959,0,47,0.02304181442274959,SPY
2019-12-20,2019-12-20,1,R1: Growth / trend,293.104736328125,114.32147216796876,139.52000427246094,0.0066410840967983,0.0049031842835427,0.020140463536012,-0.7584819374833385,-4.5579642764301616,-4.68462873729298,-3.0894948293817834,-1.9060569454680565,1.1675108979957995,64.36851690933274,0.32440498804569806,40.89586781597102,0.6668190473748111,181.971071288997,0.008775964579490767,0,48,0.008775964579490767,GLD
2019-12-27,2019-12-27,1,R1: Growth / trend,295.05126953125,114.88201141357422,142.3300018310547,-0.0013937386742571,0.0131080106907941,0.0248015087043065,-0.5835161152183426,-4.717854130856538,-2.2806579970328227,-4.351028128332921,-0.7368560411748578,-0.2859490547772794,51.12805969732849,0.37383042736790634,34.796213881050086,0.6171618438666532,172.5011959380705,0.009007728765440409,0,49,0.009007728765440409,GLD
2020-01-03,2020-01-03,1,R1: Growth / trend,294.6400451660156,116.38788604736328,145.86000061035156,0.0102354640428845,-0.004887712662829,0.0071987045616623,0.7967758171930794,-2.751168532125168,-0.3144202734492365,-6.210633635344439,-0.5999322820932481,0.9141074722173333,57.10170714893486,0.38885851634902435,43.949475187953595,0.5822744190128372,141.81892351704374,0.028867064638138547,0,50,0.028867064638138547,SPY
2020-01-10,2020-01-10,1,R1: Growth / trend,297.65582275390625,115.81901550292967,146.91000366210938,0.0191581844872235,-0.0030336685631621,-0.002246285636298,-0.3317039789321966,-4.135248742315784,-1.456366787692917,-4.856497900016904,-2.4319839472220344,-0.3990648793669044,54.30373145202579,0.3819779433325686,39.326503751481674,0.6049283140098911,164.19373524606235,0.013093742657540194,0,51,0.013093742657540194,SPY
2020-01-17,2020-01-17,1,R1: Growth / trend,303.3583679199219,115.46765899658205,146.5800018310547,-0.009579951485079,0.0294156883274634,0.0095510566175185,-1.2975351422566241,-4.866980708330613,-2.0208397173916763,-4.661252148533989,-1.142740521841683,0.0686799968053866,52.37679601359706,0.41825903105228857,42.01574774888493,0.5748722825051205,186.24027681331418,0.00686868644259109,0,52,0.00686868644259109,TLT
2020-01-24,2020-01-24,1,R1: Growth / trend,300.45220947265625,118.86421966552734,147.97999572753906,-0.021413035242084,0.0268867238164154,0.0091228959487283,1.1356131690055933,-2.818420861802778,0.4670132795688672,-7.234842246810891,1.2383740000119066,0.5506085549508206,71.97910149458636,0.4015037965849882,60.58967627303376,0.5695413767690196,157.63994040665332,0.02895482664599207,0,53,0.02895482664599207,TLT
2020-01-31,2020-01-31,1,R1: Growth / trend,294.01861572265625,122.06008911132812,149.3300018310547,0.032542964264933,-0.0084302685349898,-0.0103127872901532,3.9964142897566735,0.8521191490236593,2.19554176614609,-6.370098004284259,3.4150608826458098,0.7196676777824698,96.20710902530213,0.3056636270767251,86.14812026736043,0.41623918714523134,99.2861206524827,0.2780971857780436,0,54,0.2780971857780436,SPY
2020-02-07,2020-02-07,0,R0: Calm / risk-on,303.58685302734375,121.03108978271484,147.7899932861328,0.0162552345039683,0.0008300666165022,0.008187338580661,-0.6229284484555061,-1.7366126316856925,0.48610319612239083,-2.542280652786316,-3.273388452454689,-1.355027635497353,26.773437200550465,0.5261845242107427,33.59163068356049,0.42681809163228507,105.46538057554254,0.04699738415697222,1,1,0.04699738415697222,SPY
2020-02-14,2020-02-14,0,R0: Calm / risk-on,308.521728515625,121.13155364990234,149.0,-0.0122037975635136,0.0241439873073898,0.0382550130754508,-1.871367489394653,-2.387571190235572,1.272114731133188,-2.4381257634537166,-1.9774657389888808,-1.9417395050845165,20.254554842554107,0.6293095452256277,39.736450606718776,0.3460554540579682,125.8191868694574,0.024635000716404117,0,2,0.024635000716404117,GLD
2020-02-21,2020-02-21,0,R0: Calm / risk-on,304.756591796875,124.05615234375,154.6999969482422,-0.1116110088818,0.0491084782754156,-0.0408532138985378,2.1684042500043175,0.6280305569977319,4.390436479709242,-4.753836851374876,0.7406377200179951,-0.44275404414710706,60.62766666898875,0.444129613409215,68.8716417030712,0.344831543925787,84.86744849406006,0.21103884266499798,0,3,0.21103884266499798,TLT
2020-02-28,2020-02-28,2,R2: Stress / risk-off,270.7424011230469,130.1483612060547,148.3800048828125,0.0040505261287959,0.0753736222804808,0.0618007674025054,14.63664532650684,9.137713668635845,1.0867423648920536,-7.72405846294757,0.3276408318754662,4.149823013974605,458.77773185959745,0.0005291168551263657,385.2353353587162,0.005057849776678157,213.18878289490172,0.9944130333681954,1,1,0.9944130333681954,TLT
2020-03-06,2020-03-06,2,R2: Stress / risk-off,271.83905029296875,139.95811462402344,157.5500030517578,-0.0946010057454166,-0.0769324362114388,-0.0905744461824795,17.508680961308464,8.242347404975286,6.784216830172925,-8.837199440218326,-5.09425741868943,-1.154084145564081,621.6467956792058,0.00017114552605051602,525.7592531105308,0.003248398450895944,339.21730487482574,0.9965804560230536,0,2,0.9965804560230536,TLT
2020-03-13,2020-03-13,2,R2: Stress / risk-off,246.122802734375,129.1907958984375,143.27999877929688,-0.1454572203281556,0.0356629920128956,-0.0221244988550582,17.53177227945287,9.808208864947995,-6.265929560829759,-2.9334275349208827,-8.375956901999194,8.229705465469658,703.2268683379051,5.879441750677255e-05,566.029460568175,0.0039660048787960814,386.00960068880624,0.9959752007036972,0,3,0.9959752007036972,TLT
2020-03-20,2020-03-20,2,R2: Stress / risk-off,210.3224639892578,133.79812622070312,140.11000061035156,0.1076047616556752,0.0518722841997245,0.0866462018183127,18.582399940382974,9.450034439231967,-3.562707823384743,-6.919510143224728,-5.257408406560339,4.995474245643338,659.79521907974,6.076878753794662e-05,528.3650433551285,0.003434101555691178,343.6366243262884,0.996505129656771,0,4,0.996505129656771,SPY
2020-03-27,2020-03-27,2,R2: Stress / risk-off,232.95416259765625,140.73854064941406,152.25,-0.0206375446358274,0.0062218644863667,0.002627217710899,18.245611635816935,5.637324082951047,2.7566533404737186,-4.872749503910729,-8.947242276407525,-3.8341320556390515,597.5552882885748,0.0001811572060661427,463.349879439456,0.011147708111042608,317.2374156698947,0.9886711346828913,0,5,0.9886711346828913,TLT
2020-04-03,2020-04-03,2,R2: Stress / risk-off,228.1465606689453,141.61419677734375,152.64999389648438,0.1209156374548023,-0.0184564351370373,0.0395676959477493,20.05044072814673,-0.8047315222122351,-1.4954369303577564,1.3920221090868605,-6.216456863429581,-8.027061307233623,630.524236679378,0.0004350508560858622,429.35754964758485,0.20909786412740813,386.03581577191636,0.7904670850165061,0,6,0.7904670850165061,SPY
2020-04-24,2020-04-24,1,R1: Growth / trend,260.11785888671875,143.5809326171875,162.63999938964844,-0.0006368244563117,-0.015641698158925,-0.0175848537941742,15.890492729957911,-4.5413398565404375,-0.38188114348988483,2.537445493972918,-2.158810910874379,-7.3861755497287795,434.51207213509144,0.0032610187320923733,255.98559920794142,0.7822396283764019,298.1356251951843,0.21449935289150568,1,1,0.21449935289150568,SPY
2020-05-01,2020-05-01,1,R1: Growth / trend,259.95220947265625,141.3350830078125,159.77999877929688,0.0341244552491315,-0.0236375869416324,0.0040055037835646,17.835028818737722,-6.962231828887415,-4.206404783454392,5.550796306173722,2.083777510779742,-3.35734593914997,540.1604237342247,0.0008906100064888711,313.1754841158501,0.9455565587585001,406.70776393951616,0.05355283123501085,0,2,0.05355283123501085,SPY
2020-05-08,2020-05-08,1,R1: Growth / trend,268.82293701171875,137.9942626953125,160.4199981689453,-0.0210644140682204,0.0166483627302072,0.021880030837174,14.013333404764088,-11.695470895954271,-6.704849402584692,7.654937208606247,0.5232228819012806,-6.46178828663937,570.4855038826734,0.001022382000013305,346.298904986812,0.9961108489548202,536.8968695804908,0.0028667690451666143,0,3,0.0028667690451666143,GLD
2020-05-15,2020-05-15,1,R1: Growth / trend,263.16033935546875,140.29164123535156,163.92999267578125,0.0319971453878462,-0.0069584441329179,-0.0043920331487968,15.609282592684304,-8.910017035166552,-3.7563327547146983,5.1812053368329964,6.5102359926595526,-4.6104532789428925,521.1247275606939,0.0016649185526926324,313.2590533911141,0.9828984262390327,448.576543028999,0.01543665520827457,0,4,0.01543665520827457,SPY
2020-05-22,2020-05-22,1,R1: Growth / trend,271.5807189941406,139.3154296875,163.2100067138672,0.0300567795354098,-0.0118395308042255,-0.0018381412867886,11.688505735057683,-11.67813372457245,-3.5807225083632543,7.927142818026579,3.0906608864014005,-5.312237688115607,462.298931944046,0.002697393008764376,269.7544320687705,0.9949677394021611,467.0008036080621,0.00233486758907449,0,5,0.00233486758907449,SPY
2020-05-29,2020-05-29,1,R1: Growth / trend,279.7435607910156,137.66600036621094,162.91000366210938,0.0493559415519562,-0.0444969502040494,-0.0300780126764744,10.69704636579475,-12.225946650387622,-3.0879096694043806,6.931447448355473,4.24059803531445,-3.17250016651619,418.9959236423339,0.003271249486376676,232.7181675227673,0.9954849977005921,450.4992428963075,0.001243752813031294,0,6,0.001243752813031294,SPY
2020-06-05,2020-06-05,1,R1: Growth / trend,293.5505676269531,131.540283203125,158.00999450683594,-0.0473788252808354,0.0396513059843464,0.0291753735245661,8.822960661775886,-12.534390007147504,-8.029773276916103,9.636918233614061,1.0843687054892663,-0.7829070263807762,461.33403253446454,0.00293433261132068,271.4838102414734,0.9964509867287109,512.2563563143092,0.0006146806599683635,0,7,0.0006146806599683635,TLT
2020-06-12,2020-06-12,1,R1: Growth / trend,279.6424865722656,136.7560272216797,162.6199951171875,0.0190269361830994,0.0005542015720489,0.0086705430109828,15.28034457996421,-7.86439934934739,-2.3308770958250844,4.7847758430656375,7.957126555246465,-3.3946255415997317,488.43130100025047,0.0025148285268176847,294.371725929792,0.9717869054085673,412.71498633645456,0.025698266064615085,0,8,0.025698266064615085,SPY
2020-06-19,2020-06-19,1,R1: Growth / trend,284.9632263183594,136.83181762695312,164.02999877929688,-0.0278321959160069,0.0176121087359673,0.0153020455131085,12.171845144625033,-9.62298442240278,-2.8916530614133555,5.9560054448474915,4.656787601228512,-3.7834238159946527,396.7675239803805,0.0038975942323474957,216.40243427298634,0.9892231252876654,378.2586951109635,0.006879280479987111,0,9,0.006879280479987111,TLT
2020-06-26,2020-06-26,1,R1: Growth / trend,277.0320739746094,139.24171447753906,166.5399932861328,0.0405934838523971,-0.0088848147659075,0.0026420226921126,13.757053976452244,-7.069379914518013,-1.264382264605052,3.1846357902750086,5.730603152492143,-3.7693544465335016,379.14445560375526,0.004956348738764565,207.564495635644,0.9605997354094399,315.9884330952625,0.03444391585179548,0,10,0.03444391585179548,SPY
2020-07-17,2020-07-17,1,R1: Growth / trend,297.0397033691406,140.69578552246094,170.1199951171875,-0.0026105993621754,0.0177473600256987,0.0504349992788579,6.986870274540651,-10.245631558203712,-0.5304048227418879,3.625901949339173,4.074870154676419,-3.5446875321026945,241.58089805663707,0.020813485660207694,116.20846461655655,0.9766071922739811,309.6043135218832,0.0025793220658112,0,11,0.0025793220658112,GLD
2020-07-24,2020-07-24,1,R1: Growth / trend,296.2642517089844,143.19276428222656,178.6999969482422,0.0175763523375134,0.0074228382547367,0.0376608608979904,6.576628458028456,-8.767936208285997,1.5238084497897313,2.2147814975611873,4.4130322676744775,-3.729896114776252,201.0504657203977,0.03850118623895402,96.42819185509657,0.9554830984176006,261.5237879671879,0.00601571534344534,0,12,0.00601571534344534,GLD
2020-07-31,2020-07-31,1,R1: Growth / trend,301.47149658203125,144.2556610107422,185.42999267578125,0.0246540558608501,-0.0054443973036001,0.0290136714410558,6.645296333839662,-10.07336675592274,0.47172281539017824,2.2038272714609595,4.546589205841208,-4.449855101272036,232.26085569494097,0.028338258532686716,117.20490197584081,0.9687603857589386,306.5051991055418,0.002901355708374508,0,13,0.002901355708374508,GLD
2020-08-07,2020-08-07,1,R1: Growth / trend,308.90399169921875,143.47027587890625,190.80999755859375,0.0067848126576861,-0.039439857705445,-0.0433415668899707,3.9562249664128064,-9.246346629941888,-1.5278108995682098,-0.26354670714264666,1.9526281753441668,-1.0876401065781325,137.4591729797736,0.05527783935033568,45.06140944125395,0.9426089948149978,243.79685444820763,0.0021131658346664186,0,14,0.0021131658346664186,SPY
2020-08-14,2020-08-14,1,R1: Growth / trend,310.9998474121094,137.81182861328125,182.5399932861328,0.0078376244242011,0.0185072781941166,-0.0027938781943336,3.514436532690831,-8.466391513365465,-6.312815781666722,1.5477800518690477,0.5572659266918444,0.9777675744474738,160.05629370276318,0.04563105867865925,61.087222168276156,0.9520176860322436,256.66822393907125,0.0023512552890971147,0,15,0.0023512552890971147,TLT
2020-08-21,2020-08-21,1,R1: Growth / trend,313.4373474121094,140.3623504638672,182.02999877929688,0.0326969446625673,-0.0305652256107245,0.0129648993362514,3.510771046884652,-8.392724824118329,-3.4730428280024213,-0.3653505727302774,2.062483784735364,-1.0146869115826562,127.87532722424918,0.06747309933072575,42.42639785972163,0.9295533516540739,229.5801513966209,0.002973549015200465,0,16,0.002973549015200465,SPY
2020-08-28,2020-08-28,1,R1: Growth / trend,323.685791015625,136.0721435546875,184.38999938964844,-0.0228477987535232,0.0111953587637245,-0.0149140409409556,2.189968896635772,-8.532793659346176,-6.12770537969201,1.454617780883876,1.5475843588893237,0.18008994584767052,143.85824869548543,0.07354039808909835,61.39439661110306,0.9244314983601548,260.83394578306775,0.002028103550746756,0,17,0.002028103550746756,TLT
2020-09-04,2020-09-04,1,R1: Growth / trend,316.290283203125,137.59552001953125,181.63999938964844,-0.0248414735338955,0.010691591645541,0.0044593567568571,6.440188107328764,-3.5641170817052052,-5.704480407298363,-1.418834944034326,5.513619881339729,1.899640389566674,165.77746218084792,0.06442704194063324,80.2639911846692,0.8893491124870163,176.59428629095265,0.046223845572350444,0,18,0.046223845572350444,TLT
2020-09-11,2020-09-11,1,R1: Growth / trend,308.43316650390625,139.06663513183594,182.4499969482422,-0.0062458332253195,-0.0055320072008918,0.004110715333214,5.504034060130252,-3.8801177647966054,-4.686018423482827,-0.7131533322955663,3.8092691909361784,-2.317051473016399,125.05662460764488,0.09436038440289839,53.25717398024845,0.8550043626073892,145.3350002305598,0.050635252989712415,0,19,0.050635252989712415,GLD
2020-09-18,2020-09-18,1,R1: Growth / trend,306.5067443847656,138.2973175048828,183.1999969482422,-0.00580667534681,0.0094755277045073,-0.0450873070110888,5.050546600279333,-2.9439341120640554,-4.449195791234289,-1.254854716454931,3.834090647227326,-1.2241727437237395,106.44372277014637,0.1224015800229022,45.01439158322663,0.8067123027957379,124.23839990878493,0.0708861171813599,0,20,0.0708861171813599,TLT
2020-09-25,2020-09-25,1,R1: Growth / trend,304.7269592285156,139.60775756835938,174.94000244140625,0.0155447616810042,-0.013331462158885,0.0205784314306975,5.656516215171718,-2.3278806496450923,-5.232636373031958,-1.51373150041901,3.6547336276082123,-2.328356565010233,123.93622557645351,0.11240664282276974,60.94017233575836,0.7773382619000764,124.56582062634067,0.11025509527715374,0,21,0.11025509527715374,GLD
2020-10-02,2020-10-02,1,R1: Growth / trend,309.4638671875,137.74658203125,178.5399932861328,0.0389705174649959,-0.0163445348363198,0.0142265522596451,3.6248110223251047,-2.7180855751416235,-4.648877277252261,-0.9196257350095394,3.527244618294025,-0.9593960964670419,83.89988218255569,0.1804602272247243,37.22160293761831,0.7562453936084653,118.03136334226734,0.06329437916681023,0,22,0.06329437916681023,SPY
2020-10-09,2020-10-09,1,R1: Growth / trend,321.5238342285156,135.49517822265625,181.0800018310547,0.001269019513002,0.0081206674195355,-0.0153523235651973,1.4769291927153956,-5.006918464617494,-4.518465002540659,0.725726605840984,1.429055723689298,-1.4297690741597244,70.38963380629392,0.20304433992333196,26.45918631381068,0.7820598920540498,155.49233430603863,0.014895768022618388,0,23,0.014895768022618388,TLT
2020-10-16,2020-10-16,1,R1: Growth / trend,321.9318542480469,136.59548950195312,178.3000030517578,-0.0043480638991348,-0.020943211971686,0.0019068779140285,1.4070175770291875,-4.60089595142158,-3.553443496693574,-0.5249994524955879,3.499450711546968,-0.4492956645691657,63.72201440415741,0.24444052130779442,27.667074988555957,0.7393187467287655,152.05318305532805,0.016240731963440093,0,24,0.016240731963440093,GLD
2020-10-23,2020-10-23,1,R1: Growth / trend,320.5320739746094,133.7347412109375,178.63999938964844,-0.0556422117270031,-0.0027846616555079,-0.0136587687513597,0.5726464661780243,-3.409658775966766,-4.506256486009289,0.17515404335821988,1.7239723097516024,0.22809076302914263,48.445131027394076,0.3072589757801711,23.155733321220808,0.6677972675225058,130.24842829992357,0.02494375669732309,0,25,0.02494375669732309,TLT
2020-10-30,2020-10-30,1,R1: Growth / trend,302.69696044921875,133.36233520507812,176.1999969482422,0.072333637201533,0.012763451492294,0.0396708604666851,3.438171768259488,1.8118716594894102,-4.517825741083213,-3.078994937950021,5.054385799888753,2.889314366162739,104.10060736059727,0.2601215959009569,88.87224233934468,0.4151356385597506,96.87226393993934,0.32474276553929254,0,26,0.32474276553929254,SPY
2020-11-06,2020-11-06,0,R0: Calm / risk-on,324.5921325683594,135.0644989013672,183.19000244140625,0.022675693043638,-0.0078413057455121,-0.0329166368193351,-1.2709855162173507,-2.1346885137476628,-0.14409021354623347,-0.4201750701884207,-1.958550107988444,-3.1951277516038177,21.337626110600823,0.5718379018236552,33.86853857528532,0.38924211709992873,108.88362747136708,0.03891998107641593,1,1,0.03891998107641593,SPY
2020-11-13,2020-11-13,0,R0: Calm / risk-on,331.9524841308594,134.0054168701172,177.16000366210938,-0.007735382814618,0.0211814175046989,-0.0082975908236421,-1.7765054098669073,-1.7733896497176869,-2.520303580505345,0.7770914672836445,-2.1999191923017203,0.5655972860855714,20.426896378111675,0.5391631719390406,28.06304851802847,0.4265014697533314,110.13910514128648,0.034335358307627975,0,2,0.034335358307627975,TLT
2020-11-20,2020-11-20,0,R0: Calm / risk-on,329.38470458984375,136.84384155273438,175.69000244140625,0.0234710900617958,-0.0079873348023761,-0.0449656158318293,-1.3625894953976192,-1.562908494954579,-0.13379342736278335,-1.3228150156588934,1.0965496748287904,-0.5915590071007426,6.326452884231571,0.6119136687962158,24.49475654991739,0.350334896229486,97.07217483495312,0.037751434974298226,0,3,0.037751434974298226,SPY
2020-11-27,2020-11-27,0,R0: Calm / risk-on,337.11572265625,135.75082397460938,167.7899932861328,0.0169934517455494,-0.0303437303786652,0.0269981180007612,-2.9289376098202884,-2.7634115300400572,-1.761698945492977,0.3049792754174919,-1.6187069148162108,-0.22086212639080752,16.34655404426472,0.6161009032698782,33.12195835797303,0.3681410291150314,135.77610651153944,0.015758067615090427,0,4,0.015758067615090427,GLD
2020-12-04,2020-12-04,0,R0: Calm / risk-on,342.844482421875,131.6316375732422,172.32000732421875,-0.0095986159563794,0.0230021963433844,0.0009865260081232,-2.9248485382132996,-1.9251832558919992,-3.7325032518651016,0.873358549293545,-1.744121096532669,1.1199806578673546,27.759198631589914,0.6047392181087798,43.47259078561991,0.3733262197921346,135.8087701351573,0.02193456209908562,0,5,0.02193456209908562,TLT
2020-12-11,2020-12-11,0,R0: Calm / risk-on,339.55364990234375,134.65945434570312,172.49000549316406,0.0121584571024799,-0.0143408949215199,0.0228998598321612,-1.9198095613614876,-1.4411733660251544,-0.6448076673533037,-1.695556423605107,1.6853730262501703,-0.2880301785851412,7.446596337234417,0.6579139879752559,31.919589496051483,0.310393615102712,106.25285995364126,0.03169239692203211,0,6,0.03169239692203211,GLD
2020-12-18,2020-12-18,0,R0: Calm / risk-on,343.6820983886719,132.7283172607422,176.44000244140625,-0.0004872233728697,0.0061408408799557,-0.0005100676527167,-2.827666053088662,-1.5136279700531239,-1.8899681809352746,-0.549176639305362,0.04737207143070067,-0.36832703311698817,7.449833754575567,0.6824677571076849,35.11958693058648,0.2918830610116698,114.34193622744228,0.025649181880645317,0,7,0.025649181880645317,TLT
2021-01-15,2021-01-15,0,R0: Calm / risk-on,349.75189208984375,128.8992462158203,171.1300048828125,0.0191110990893201,0.0003950261975644,0.016186460203567,-2.8374753755991615,-0.27316943763910084,-3.697214065778926,-1.910420678900884,1.831964958295736,0.9163659200406999,22.274664526018803,0.71646847222873,56.83648545390197,0.247995470384194,120.12931725391671,0.035536057387075985,0,8,0.035536057387075985,SPY
2021-01-22,2021-01-22,0,R0: Calm / risk-on,356.43603515625,128.95016479492188,173.89999389648438,-0.033457206420441,0.0007905687432714,-0.007418018006951,-3.3199804931538743,-1.5542073240395196,-3.038959866902676,-1.6467289557443492,0.13108543075616313,-0.9434954800339841,16.528235555634073,0.7153210626155939,48.97812347662558,0.264181528744886,132.25620575218596,0.020497408639520067,0,9,0.020497408639520067,TLT
2021-01-29,2021-01-29,0,R0: Calm / risk-on,344.51068115234375,129.05210876464844,172.61000061035156,0.0476665362143393,-0.024990071012215,-0.0162215575103236,-0.12268486109679182,1.473721993771848,-4.315899614428286,-3.6777388706785654,3.089575774964306,2.143508635294119,54.73130862841253,0.5517986856995672,73.53993486058027,0.3097687377872394,99.77892062332454,0.13843257651319335,0,10,0.13843257651319335,SPY
2021-02-05,2021-02-05,0,R0: Calm / risk-on,360.9323120117187,125.82708740234376,169.80999755859375,0.0127159565841974,-0.0062149808566464,0.0051822913577797,-3.9950050664454007,-1.618370005384961,-5.367350349516685,0.04970941864019934,-2.3255217776712906,-1.9822397612560916,47.20646733786298,0.708169355731781,78.37416626847636,0.2720393867139336,163.74918938498516,0.019791257554285447,0,11,0.019791257554285447,SPY
2021-02-12,2021-02-12,0,R0: Calm / risk-on,365.52191162109375,125.04507446289062,170.69000244140625,-0.0066471733232743,-0.0261028310836155,-0.0215595985818417,-3.8992049229812857,-1.2849574521115952,-4.347258533358929,-1.316228945140662,0.2585165189624183,-0.8099771310385406,26.32698779637403,0.744881996662368,63.75589890536558,0.2361087913760951,145.8296374109414,0.01900921196153681,0,12,0.01900921196153681,SPY
2021-02-19,2021-02-19,0,R0: Calm / risk-on,363.09222412109375,121.78104400634766,167.00999450683594,-0.0247932265831196,-0.0010474195570316,-0.0311358428793274,-3.504055856667904,-0.5875086571481304,-7.407318862811065,-0.9835849122153442,0.22776422834300497,1.3757455282187854,63.70689799933424,0.6842167444747319,91.8148519124774,0.28872120071676743,168.93556748928694,0.027062054808500755,0,13,0.027062054808500755,TLT
2021-02-26,2021-02-26,0,R0: Calm / risk-on,354.0899963378906,121.65348815917967,161.80999755859375,0.0085971334040231,-0.0282480188915073,-0.0165008232447346,0.046928796973098534,2.467303559445117,-7.382448999268547,-3.0726382667461887,-0.35624978874969854,4.142117741783337,99.8674892917581,0.4499482966548153,108.98065397271269,0.3401515511738837,124.70755278527078,0.20990015217130106,0,14,0.20990015217130106,SPY
2021-03-05,2021-03-05,0,R0: Calm / risk-on,357.1341552734375,118.2170181274414,159.13999938964844,0.027187784018761,-0.0205165673105821,0.0147669103464158,-2.2948998203055306,1.2753884682212204,-8.244003032397472,-0.8513776522473501,-0.12275862373779696,0.051157373258748695,75.86272814805008,0.6415188902797104,104.53604262855902,0.2660464361921905,138.97553459919214,0.09243467352809909,0,15,0.09243467352809909,SPY
2021-03-12,2021-03-12,0,R0: Calm / risk-on,366.8438415527344,115.79161071777344,161.49000549316406,-0.0083854245566765,-0.0096282950599451,0.0108365839400139,-3.9391501702163354,-0.30421599988502995,-7.524267362741959,-0.573955422627376,-1.3136800995890725,-0.2812016740360816,66.05480409646006,0.7209864350185327,100.73553416959719,0.24865004768063345,169.23881527391154,0.03036351730083386,0,16,0.03036351730083386,GLD
2021-03-19,2021-03-19,0,R0: Calm / risk-on,363.7677001953125,114.6767349243164,163.24000549316406,0.0166890101795813,0.0141748579543659,-0.0061259493160326,-3.9256036647150605,0.24261935688604763,-7.400933703189046,-1.5249926299520844,0.8786046002798803,-0.672969276354479,63.25540474867409,0.7637769990679144,106.57225215155215,0.20206799140275944,164.4844011774643,0.03415500952932608,0,17,0.03415500952932608,SPY
2021-03-26,2021-03-26,0,R0: Calm / risk-on,369.838623046875,116.30226135253906,162.24000549316406,0.011692342323609,0.0075955935363294,-0.0016026242407638,-4.367247822018552,-0.40298723990651875,-5.159899344830977,-1.9852489740636756,1.124153447901781,-2.5937398657398005,42.22574646576277,0.8116925462679293,94.08735565131512,0.16519994146903227,158.16647281824729,0.023107512263038473,0,18,0.023107512263038473,SPY
2021-04-02,2021-04-01,0,R0: Calm / risk-on,374.1629028320313,117.1856460571289,161.97999572753906,0.027158769942996,0.0,0.0079639991291995,-6.216805533396084,0.5075244962440841,-4.366160474425953,-3.6311453323516876,-1.0832874252723266,-2.2849808210377036,51.77093294523457,0.8995932112708089,128.6546186770117,0.08493529018263288,184.1298435692156,0.01547149854655817,0,19,0.01547149854655817,SPY
2021-04-09,2021-04-09,0,R0: Calm / risk-on,384.32470703125,117.1856460571289,163.27000427246094,0.0140221757928185,0.0127266987361844,0.0188644683680834,-6.375737906702439,0.18430469994441898,-3.5083330808555795,-3.9163864033895064,-0.40314697564520696,-2.649160679051406,47.538787669961614,0.9092254865361444,127.34500114318165,0.07847883886769698,187.72931281069782,0.012295674596158717,0,20,0.012295674596158717,GLD
2021-04-16,2021-04-16,0,R0: Calm / risk-on,389.7137756347656,118.67703247070312,166.35000610351562,-0.0012463448915717,0.005744625153871,0.0003004976924234,-6.245898014929517,-0.06419551796599515,-1.614230783347203,-4.6086303948338365,0.39584116813599607,-2.356966222476374,39.17243643164659,0.9148946250644306,120.85994945673653,0.07453700044111267,184.4970251059987,0.010568374494456863,0,21,0.010568374494456863,TLT
2021-04-23,2021-04-23,0,R0: Calm / risk-on,389.2280578613281,119.3587875366211,166.39999389648438,0.0013436331882179,-0.0101388370871856,-0.0044470568600821,-5.5786214938613945,0.6956417010198853,-2.199660019087372,-4.599244276260798,0.4218917989424468,-1.5313280641066012,35.01105449718519,0.8987581691274545,112.55427935010087,0.0831557634625993,162.25304616258458,0.018086067409946036,0,22,0.018086067409946036,SPY
2021-04-30,2021-04-30,0,R0: Calm / risk-on,389.75103759765625,118.14862823486328,165.66000366210938,0.0115506083063028,0.005727956331073,0.0357961640993105,-5.39971051223053,-0.5599872528166475,-4.22301575714605,-6.204352425682565,-9.897317208861297e-05,-0.8166427821756763,63.173007491427235,0.8631797356057215,125.87057881338143,0.12596860345937644,205.74033208709972,0.010851660934902318,0,23,0.010851660934902318,GLD
2021-05-07,2021-05-07,0,R0: Calm / risk-on,394.2528991699219,118.82537841796876,171.58999633789062,-0.0131245133575443,-0.0154416655751515,0.0064106656972562,-7.0642696729539995,2.463457592638167,-0.5950168321570928,-6.832331476288901,-0.7311968217253478,-2.305247982773507,73.49466123709892,0.9504309779917129,183.8091728342663,0.032157839661729644,203.79664500039775,0.01741118234655732,0,24,0.01741118234655732,GLD
2021-05-14,2021-05-14,0,R0: Calm / risk-on,389.0785217285156,116.99051666259766,172.69000244140625,-0.0039364436940779,0.0043042403112367,0.0193988696355669,-6.156868667318742,4.014658136825242,-1.9783289958906982,-6.6342436965274505,-0.02179040415239772,-1.8057934823727804,75.52648570389916,0.9233317888339136,184.55158486661486,0.03250226218975179,174.56199870551816,0.0441659489763347,0,25,0.0441659489763347,GLD
2021-05-21,2021-05-21,0,R0: Calm / risk-on,387.54693603515625,117.49407196044922,176.0399932861328,0.0122907554827738,0.0055927906830717,0.0132924999200396,-6.36805392899584,3.644111688498557,-0.7717406227149951,-7.149285748947063,0.26265108428800243,-2.5740390550589027,79.80129331928858,0.9368846687313498,193.00274879080277,0.02901120416961934,187.7338489474728,0.03410412709903075,0,26,0.03410412709903075,GLD
2021-05-28,2021-05-28,0,R0: Calm / risk-on,392.3101806640625,118.15119171142578,178.3800048828125,0.006094722610737,0.0120006614873406,-0.0068393384197102,-7.150656211207346,1.9546002889675143,0.18071421788670775,-7.430932532651709,-1.4386382244705098,-3.6534851112821904,88.87652158837838,0.9542865168505626,199.95845184469633,0.03153656564316674,226.00490548482824,0.01417691750627063,0,27,0.01417691750627063,TLT
2021-06-04,2021-06-04,0,R0: Calm / risk-on,394.7012023925781,119.56908416748048,177.16000366210938,0.0040465242037985,0.0172263438623867,-0.0080153428516157,-6.64275569596058,2.791739263612865,0.34652281295903675,-6.889864724252136,-1.1656160508333961,-2.8340934762305245,75.26645198518358,0.9443510258942963,185.6966394680595,0.03183886893283488,195.1628205788502,0.023810105172868842,0,28,0.023810105172868842,TLT
2021-06-11,2021-06-11,0,R0: Calm / risk-on,396.2983703613281,121.62882232666016,175.74000549316406,-0.0189309100905945,0.0240325431985795,-0.0615113945572471,-7.523607996364765,1.641691156745018,1.6210497059465625,-7.289007875499349,-1.2379432055934236,-3.6751539747554696,90.32028940863799,0.9618484361512307,206.05377409854404,0.02755694530830181,237.19449940423883,0.010594618540467489,0,29,0.010594618540467489,TLT
2021-06-18,2021-06-18,0,R0: Calm / risk-on,388.7960815429687,124.55187225341795,164.92999267578125,0.0281740995143671,-0.0255266331697076,0.0100648986589879,-5.044796598633497,5.929313435200822,1.029676077845912,-6.1753427707931845,0.2932108524009652,0.24405469177156341,75.09664425751879,0.8513190808750454,188.25342033265846,0.026397793325061387,138.31081368618345,0.12228312579989327,0,30,0.12228312579989327,SPY
2021-06-25,2021-06-25,0,R0: Calm / risk-on,399.75006103515625,121.37248229980467,166.58999633789062,0.0166661449987441,0.0226680849410763,0.0042019146625251,-7.567473872734036,3.238009674009632,-0.857421396177992,-3.228237700025946,-4.392688591200711,-1.3111059422125626,67.1211548705701,0.9408858836951126,177.1447772258758,0.032120415999524504,182.80955476838957,0.026993700305362914,0,31,0.026993700305362914,TLT
2021-07-02,2021-07-02,0,R0: Calm / risk-on,406.412353515625,124.12376403808594,167.2899932861328,0.0041500842511856,0.0102731857534044,0.0114771564635691,-6.754765228803673,2.676055116546149,2.4506777751202673,-4.67968799382055,-1.7177456131126911,-2.9974944394147123,58.76876093130109,0.9446778371410306,170.98250069973736,0.030153023429282475,176.86809416918382,0.025169139429686932,0,32,0.025169139429686932,GLD
2021-07-09,2021-07-09,0,R0: Calm / risk-on,408.0989990234375,125.39891052246094,169.2100067138672,-0.0095975438710891,0.0114656680955782,0.0011819451587185,-6.13002167834957,3.4535906078002125,2.743496350357417,-3.98365331888172,-1.6882478323619337,-2.6103822576331956,52.48227943714301,0.9244342447102127,162.91982720784466,0.031160332106232026,151.38050558055625,0.04440542318355523,0,33,0.04440542318355523,TLT
2021-07-16,2021-07-16,0,R0: Calm / risk-on,404.1822509765625,126.8366928100586,169.41000366210938,0.0199377933538524,0.0019563013891525,-0.005017449295444,-4.4366202973102515,3.855215804648799,2.3489853198753017,-5.405442869856608,-1.518399987807084,-1.1570768060846706,51.795743880102954,0.8647766138102548,145.81729346166784,0.04824766151602732,126.6202040486297,0.08697572467371784,0,34,0.08697572467371784,SPY
2021-07-23,2021-07-23,0,R0: Calm / risk-on,412.2407531738281,127.08482360839844,168.55999755859375,-0.0032504448189465,0.0068685958112442,0.007475141100349,-5.194814881449781,2.9871540999398403,1.8245332639238199,-3.9456749034009726,-3.7252387094183814,-2.146929886965238,50.46922539128603,0.8883606523746488,142.43945064671996,0.05278474488765314,138.89350432635575,0.05885460273769813,0,35,0.05885460273769813,GLD
2021-07-30,2021-07-30,0,R0: Calm / risk-on,410.9007873535156,127.9577178955078,169.82000732421875,0.0090761584050145,-0.0104324708433992,-0.0305029308159238,-4.161662129476299,2.1384580938132545,1.807967042044728,-6.493738737824704,-3.2819024837747772,-1.6472863313278914,61.852810794558,0.8666489183962722,139.37673298333223,0.08023244608170221,152.81153542706969,0.05311863552202558,0,36,0.05311863552202558,SPY
2021-08-06,2021-08-06,0,R0: Calm / risk-on,414.6301879882813,126.622802734375,164.63999938964844,0.007751680663053,0.0052101911319257,0.010629251740085,-5.134873396091548,2.6433504267212085,-0.1042825384720022,-2.390576631932205,-4.8151377075396375,-0.23638110373784546,43.54483109310824,0.8643539793771636,122.36535283416902,0.07689766219539669,131.13550805811641,0.058748358427439695,0,37,0.058748358427439695,GLD
2021-08-13,2021-08-13,0,R0: Calm / risk-on,417.8442687988281,127.28253173828124,166.38999938964844,-0.005741195848267,0.0134638632356334,0.001863078067978,-4.55808234432786,1.8492967003615823,1.7435934017360586,-3.2539773117653015,-3.785912157594596,-1.4353913180840487,35.71511898927814,0.8634098667269995,110.96623140045337,0.08570838385436726,127.95344189582627,0.05088174941863331,0,38,0.05088174941863331,TLT
2021-08-20,2021-08-20,0,R0: Calm / risk-on,415.4453430175781,128.99624633789062,166.6999969482422,0.0155405227221323,-0.0072400920853314,0.0209358461730966,-3.1975305932321336,2.487302643560586,1.6950975796038046,-4.236345883594525,-1.0166123384060164,-2.153130569736574,29.12238021580914,0.8161902186243088,100.7667473533184,0.09050659327296418,99.7753748237376,0.09330318810272709,0,39,0.09330318810272709,GLD
2021-08-27,2021-08-27,0,R0: Calm / risk-on,421.9015808105469,128.0623016357422,170.19000244140625,0.0062854112707451,-0.0073036764966087,0.0051119049574432,-3.5084763556601795,0.8352803375997244,1.117876120764753,-3.5899769490041638,-4.030933778735743,-0.906318582808459,32.01659922985182,0.8021430977664455,87.1361044851197,0.1477196449540706,122.3373498683919,0.0501372572794838,0,40,0.0501372572794838,SPY
2021-09-03,2021-09-03,0,R0: Calm / risk-on,424.5534057617187,127.1269760131836,171.05999755859375,-0.0168622732728539,0.0014849256609954,-0.0226821287161743,-3.937783335137002,-0.08028317785940375,0.9902777384990441,-2.9161725789001776,-1.8540335846068412,-2.488783620403227,18.66840999186093,0.8297659659401964,76.76532647663551,0.13945988961358494,125.99265464945044,0.030774144446218583,0,41,0.030774144446218583,TLT
2021-09-10,2021-09-10,0,R0: Calm / risk-on,417.39447021484375,127.31575012207033,167.17999267578125,-0.0058950739998925,0.005188305279451,-0.0203971082229524,-1.2763317767917892,2.1105121453756386,-0.622879414157132,-2.8161243660740314,-0.38515474766425156,-0.8112412933908508,14.492235602887602,0.6571418190645413,56.266235190281556,0.182288046924726,60.398878055397525,0.16057013401073275,0,42,0.16057013401073275,TLT
2021-09-17,2021-09-17,0,R0: Calm / risk-on,414.9338989257813,127.97630310058594,163.77000427246094,0.0056865143918083,-0.0151504312300324,-0.0028698858670186,-1.3819130698988362,2.2375691213634017,-0.37799358228149,-2.586910455379269,-0.5280501213348315,-1.599426138438344,15.098843586876741,0.6644529585149559,60.27915456923011,0.16601710347661078,59.59703174613606,0.16952993800843325,0,43,0.16952993800843325,SPY
2021-09-24,2021-09-24,0,R0: Calm / risk-on,417.2934265136719,126.03740692138672,163.3000030517578,-0.0217837362953036,-0.0093629076315188,0.0078995300797632,-1.5820207906602377,2.098334967844767,-1.2705636910489375,-1.4800906404303926,-3.0387210807528278,-1.7453240367621354,23.33993502866291,0.6396733293174428,63.514277730152564,0.18637291789800967,65.7607987487746,0.17395375278454747,0,44,0.17395375278454747,GLD
2021-10-01,2021-10-01,0,R0: Calm / risk-on,408.2032165527344,124.85733032226562,164.58999633789062,0.0083363468145154,-0.0238733173238498,-0.0021872569315362,1.3187439582878655,4.101134210886089,-1.8876424109893197,-1.9614161300217836,-0.07414116126028586,-0.3256615650571298,40.865178146487295,0.3206148165053415,65.98245104835902,0.148298983213842,24.424039921723235,0.5310862002808165,0,45,0.5310862002808165,SPY
2021-10-08,2021-10-08,0,R0: Calm / risk-on,411.6061401367187,121.87657165527344,164.22999572753906,0.018293443341284,0.0222020499284927,0.0066979609823565,-1.1258221181727177,1.6742621896321304,-2.9583775247099084,0.1014811859218824,-2.2662213651874694,-0.5999272726787274,23.2623926292652,0.5737223590646529,50.02793348415675,0.25228000894073604,62.13025911274835,0.17399763199461105,0,46,0.17399763199461105,TLT
2021-10-15,2021-10-15,0,R0: Calm / risk-on,419.1358337402344,124.58248138427734,165.3300018310547,0.0162603064471773,-0.0062057256063113,0.0147583766671677,-2.2561846789372844,0.49756857873728383,-0.029629239196214026,-0.8835682137850499,-2.1682649174419715,-2.542175306696561,12.721589346133223,0.7131157835817515,53.126012322957585,0.2063086063494427,83.75425822169792,0.0805756100688058,0,47,0.0805756100688058,SPY
2021-10-22,2021-10-22,0,R0: Calm / risk-on,425.95111083984375,123.80935668945312,167.77000427246094,0.0135286481898062,0.0247003008391699,-0.0066758678396267,-3.143225010881466,-0.17903058785834167,-0.22189302349454418,-0.860556030379143,-1.9530252946853437,-0.1681537772597668,5.991263957878276,0.7447548895530968,46.628943967249356,0.2139247556660917,100.19446552566679,0.04132035478081161,0,48,0.04132035478081161,TLT
2021-10-29,2021-10-29,0,R0: Calm / risk-on,431.7136535644531,126.86748504638672,166.64999389648438,0.0202067763846232,0.0121894126296133,0.0191419295423902,-2.1339117474744826,-0.736463819409911,1.6660821114081135,-2.6433545878726523,-0.8078981869578251,-1.423296909102154,10.876826597799402,0.716444817239479,46.35145760510668,0.24113512813121182,102.96186711102828,0.04242005462930929,0,49,0.04242005462930929,SPY
2021-11-05,2021-11-05,0,R0: Calm / risk-on,440.4371948242187,128.41392517089844,169.83999633789062,-0.002689463580374,-0.013194807108351,0.027143197772921,-2.1922698058370074,-1.0755219858446037,2.861715418612513,-1.8003592836327031,-1.20437651822346,-0.7823027807748216,12.739668726625277,0.7091749218827982,46.265994059402374,0.25339877800467037,108.57265762219201,0.03742630011253152,0,50,0.03742630011253152,GLD
2021-11-12,2021-11-12,0,R0: Calm / risk-on,439.2526550292969,126.7195281982422,174.4499969482422,0.0034671371961279,0.0069910487939888,-0.0105474139872673,-2.5224858758440027,0.27766180376822586,0.2242854578640722,-0.6781822412976997,-2.0460755202948593,-0.5019057574894145,5.982514371219033,0.7173352896174588,44.519216523233446,0.2197751593653074,85.28049987776677,0.06288955101723397,0,51,0.06288955101723397,TLT
2021-11-19,2021-11-19,0,R0: Calm / risk-on,440.7756042480469,127.60543060302734,172.61000061035156,-0.0211562634253099,0.014626349862566,-0.033369992969518,-1.8956626498080387,0.37258612037541045,1.2982970951958994,-1.9497641412933209,-1.2386031493320986,-0.26297206616221325,6.828086217505283,0.7010121515311052,43.576661397172884,0.22689241399038743,80.92582717821189,0.07209543447850746,0,52,0.07209543447850746,TLT
2021-11-26,2021-11-26,2,R2: Stress / risk-off,431.450439453125,129.47183227539062,166.85000610351562,-0.0120922906642687,0.0266233639196207,-0.001318556863382,4.596435573814302,5.9487717875551365,0.20603520991736665,-3.454909964619451,1.016674370773375,2.214323283757603,104.85379704693268,0.08139512739599311,111.55590918805437,0.06625988367662203,28.340742588276957,0.852344988927385,1,1,0.852344988927385,TLT
2021-12-03,2021-12-03,2,R2: Stress / risk-off,426.2332153320313,132.91880798339844,166.6300048828125,0.0381984146702072,-0.0355688409794228,-0.0003000843203058,6.9191007090251855,7.4886991117451664,2.0863640233608796,-3.38009150879057,0.3231373217233358,-0.8709702798526927,161.8335013447917,0.017297211059203475,163.2022007607176,0.016585538187348703,30.784295076428148,0.9661172507534478,0,2,0.9661172507534478,SPY
2021-12-10,2021-12-10,2,R2: Stress / risk-off,442.5146484375,128.1910400390625,166.5800018310547,-0.0196592213137365,0.0143761647245466,0.0073238156278834,-0.8314492311336145,0.8733458753005529,-0.7611856874739109,2.064326526415008,-5.571587942692595,-1.9120585094445963,49.11573898323199,0.5228149095651003,67.18191577558474,0.30026360226825793,84.41372659866535,0.1769214881666418,0,3,0.1769214881666418,TLT
2021-12-17,2021-12-17,2,R2: Stress / risk-off,433.8151550292969,130.033935546875,167.8000030517578,0.0233328209729617,-0.0153153567559549,0.0069725753734606,3.439340387585169,4.572964793232142,1.5836432964567695,-1.5238930013888385,-0.14071122130227265,-0.5384706783312048,62.19064160212622,0.1532220826065815,75.20777743578223,0.10275105022215841,10.712672329716566,0.7440268671712601,0,4,0.7440268671712601,SPY
2022-01-07,2022-01-07,2,R2: Stress / risk-off,439.6827697753906,122.64550018310548,167.75,-0.0029390891218303,-0.0011246382747394,0.011445592661373,0.03484698415368965,4.20204311164853,-3.909324153100067,1.7096552002699732,-1.1419445243420376,2.2310422694575895,55.311040430813186,0.3666527235842527,80.98875596500888,0.16670095286966555,47.454860990646,0.4666463235460818,0,5,0.4666463235460818,GLD
2022-01-14,2022-01-14,2,R2: Stress / risk-off,438.3905029296875,122.507568359375,169.6699981689453,-0.0575403162369005,0.0107673687850122,0.0083691765442903,0.22971671184969755,3.9907227229850926,-1.3815816839064128,0.44213917624435367,-0.20269613734994107,-0.23687745432510185,28.404509098685082,0.3971346580260216,62.344345568352495,0.14011231325929308,23.422881168602302,0.46275302871468543,0,6,0.46275302871468543,TLT
2022-01-21,2022-01-21,2,R2: Stress / risk-off,413.1653747558594,123.82665252685548,171.08999633789062,0.0090644507413357,-0.003481409694898,-0.0233210025120057,4.849018831299679,7.924201659800636,-1.1941278528456603,-2.0457714174767414,3.284856581616928,2.482009891915563,141.09422179202258,0.03800175977787003,157.66319908305496,0.02285167408249881,36.60841134105259,0.9391465661396311,0,7,0.9391465661396311,SPY
2022-01-28,2022-01-28,2,R2: Stress / risk-off,416.9104919433594,123.39556121826172,167.10000610351562,0.0152733377287104,-0.0274326170079912,0.010532581942251,4.2616067423936315,7.689991777670368,-2.2069550495273007,0.4994419393204709,-1.3898581798558256,-1.4327783549622997,119.4909795898919,0.03243355705116471,136.27504584993198,0.019374989814799792,9.531442326342733,0.9481914531340354,0,8,0.9481914531340354,SPY
2022-02-04,2022-02-04,2,R2: Stress / risk-off,423.2781066894531,120.010498046875,168.86000061035156,-0.0183643419163564,-0.0054671273061641,0.0293142066229432,1.8985802614632814,5.804485020480611,-2.6189385113161348,2.197762268426325,-1.616988053435849,-2.0291082613944886,77.30214797131691,0.13296364580710252,103.65174394125944,0.059218725320806055,18.524568361181334,0.8078176288720914,0,9,0.8078176288720914,GLD
2022-02-11,2022-02-11,2,R2: Stress / risk-off,415.5048828125,119.35438537597656,173.80999755859375,-0.0141443456403048,-0.0001449116205312,0.0190437696627774,5.214313409997598,8.463681492454965,-0.2414800302012735,-0.5955077698110538,0.13179334571760518,1.0376887182973735,136.43054050917112,0.02100885531697397,151.4783095114844,0.013237206928747058,11.726535182243428,0.965753937754279,0,10,0.965753937754279,GLD
2022-02-18,2022-02-18,2,R2: Stress / risk-off,409.6278381347656,119.33708953857422,177.1199951171875,0.0081065748022843,-0.0098386683178883,-0.0032181124725786,3.4237971656844435,6.643618425620885,-0.6408219237205744,0.8914474071712973,-0.7661853909988355,-1.5610770018502114,87.39868808520517,0.0665962933533968,109.30456497451613,0.033995126709106704,2.5976104285548707,0.8994085799374965,0,11,0.8994085799374965,SPY
2022-02-25,2022-02-25,2,R2: Stress / risk-off,412.9485168457031,118.16297149658205,176.5500030517578,-0.0127472222770326,0.0259791267442617,0.0403851005424973,2.956705309377064,7.0604353378166556,-1.9628743579589334,1.7356397015089526,-1.5680130810584518,-3.133333509009015,103.89612025338315,0.06037299858217278,131.78168567504935,0.025650299894018288,15.375564249499277,0.9139767015238089,0,12,0.9139767015238089,GLD
2022-03-04,2022-03-04,2,R2: Stress / risk-off,407.6845703125,121.23274230957033,183.67999267578125,-0.0279981118358488,-0.038006149443639,0.0076764139717613,5.418447741337866,8.000755885646342,2.901183623045727,-1.2508559233199086,-1.9996050396848473,-2.404204326644416,148.019018256888,0.020751290185061923,167.41931469575934,0.011439691332575063,22.843905623389485,0.9678090184823629,0,13,0.9678090184823629,GLD
2022-03-11,2022-03-11,2,R2: Stress / risk-off,396.2701721191406,116.62515258789062,185.08999633789065,0.0614918111932547,-0.0108962330433043,-0.0312820433340056,4.477072943897322,9.44615939460301,-4.0691784961216655,2.1022926747579196,-5.616763985791554,-1.5841060959843205,203.54907286023402,0.011506143529891998,219.50356984967132,0.007050759636868779,58.706624241373106,0.9814430968332393,0,14,0.9814430968332393,SPY
2022-03-18,2022-03-18,2,R2: Stress / risk-off,420.6375427246094,115.35437774658205,179.3000030517578,0.0183794319724428,-0.0358215415104332,0.0171779240302945,-0.6221068837972041,9.191302047371817,-2.3698496116799945,7.736561616772196,-5.096056755899601,-3.0885415998854766,198.9996943627531,0.07312597332222662,267.1998248037479,0.009013149570170473,116.58411665018464,0.9178608771076029,0,15,0.9178608771076029,SPY
2022-03-25,2022-03-25,2,R2: Stress / risk-off,428.3686218261719,111.22220611572266,182.3800048828125,0.0005081648694005,0.0304898088004095,-0.0157912315259726,-2.279926544719894,8.183569671337892,-4.636294249173004,8.397930964347681,-5.881227305542598,-1.5004694736699202,208.17731755593883,0.17765775253663396,277.5950044374261,0.021093929759094396,159.10604057631173,0.8012483177042716,0,16,0.8012483177042716,TLT
2022-04-01,2022-04-01,2,R2: Stress / risk-off,428.5863037109375,114.61334991455078,179.5,-0.0118123036338297,-0.0548423671772949,0.0109749371626914,-2.0951937970078403,6.627187469531545,0.15918946600686498,5.600133925920115,-1.7188361226297604,-2.7343190680289426,90.10853092624568,0.34340547830762497,166.77529427468326,0.03263931816797651,70.65457163152834,0.6239552035243985,0,17,0.6239552035243985,GLD
2022-04-08,2022-04-08,2,R2: Stress / risk-off,423.5237121582031,108.3276824951172,181.47000122070312,-0.021851236036828,-0.0349265842583342,0.0141620766415495,-4.2185223005082415,7.203500440391207,-5.421959846499173,8.059893438869938,-1.3132279009048462,1.0040352395303749,161.54706631813417,0.47609618499342204,245.10850091905255,0.03661961402144296,160.79037763573172,0.48728420098513503,0,18,0.48728420098513503,GLD
2022-04-29,2022-04-29,2,R2: Stress / risk-off,389.8647766113281,103.4186553955078,176.91000366210938,-0.0016017892321532,-0.0467683834134126,-0.0084223925290845,2.632281183286031,14.13151672375741,-5.0904465604341596,4.339609349903936,3.6850696715400533,-0.10845588301254637,290.58324282287475,0.005939346842129591,364.89147481749063,0.0006068967192892637,123.80189440491283,0.993453756438581,0,19,0.993453756438581,SPY
2022-05-06,2022-05-06,2,R2: Stress / risk-off,389.24029541015625,98.5819320678711,175.4199981689453,-0.0233872792506811,0.0203221324490487,-0.0377950345001555,-0.05116355443584738,12.698636997029329,-7.869892966690165,8.21604302998669,-0.15336860954625928,0.47884571056465786,309.11233459868106,0.0201023749137338,385.59490400723445,0.0019214839810561173,182.56178545203434,0.9779761411052101,0,20,0.9779761411052101,TLT
2022-05-13,2022-05-13,2,R2: Stress / risk-off,380.1370239257813,100.5853271484375,168.7899932861328,-0.0300955417847792,0.0218138459578032,0.0191954832753125,1.264701966701771,11.739371444447087,-3.200414824722356,4.828863048296082,0.6856286580433709,-2.390214183106757,197.60727086872174,0.021023083760144126,272.26698251095644,0.0021251365901533686,72.55310008372312,0.9768517796497025,0,21,0.9768517796497025,TLT
2022-05-20,2022-05-20,2,R2: Stress / risk-off,368.6965942382813,102.77947998046876,172.02999877929688,0.0657805147560928,0.0048097793328616,0.004766653083982,3.5180933327639936,12.206670770837722,-0.6999447488338474,4.049458090609963,1.8124970528814648,-2.456430907508134,215.3904699066835,0.007784010756354556,277.27733027451023,0.0011645880278694722,57.49920631203931,0.9910514012157761,0,22,0.9910514012157761,SPY
2022-05-27,2022-05-27,2,R2: Stress / risk-off,392.94964599609375,103.2738265991211,172.85000610351562,-0.0113662645441107,-0.0238794081724063,-0.0015620726810923,-1.48801058097375,7.105121214610252,-0.6337803440613426,6.752091151809796,-2.2193994304467526,-4.113530125030967,124.96377938118222,0.22709902299340878,197.71843463681088,0.024338989064464456,86.10685960995761,0.7485619879421268,0,23,0.7485619879421268,GLD
2022-06-03,2022-06-03,2,R2: Stress / risk-off,388.4832763671875,100.80770874023438,172.5800018310547,-0.0505191746623282,-0.0194777624697004,0.0113570021687496,-1.9441023101439172,7.115216790655262,-2.3397808554839417,6.829205498517516,-1.8045062718775695,-1.908869170547609,117.04266455773049,0.27069563927416845,187.96039434223133,0.030694255113847702,86.15638936157876,0.6986101056119839,0,24,0.6986101056119839,GLD
2022-06-10,2022-06-10,2,R2: Stress / risk-off,368.857421875,98.84420013427734,174.5399932861328,-0.057361467792751,-0.0148546891342944,-0.0187348982437005,-0.22269167096577405,9.325780678235363,-1.6633846963965513,4.519076243828359,1.6254011348380701,0.8990206112061703,123.36445961607666,0.10659306631478303,195.4302652495772,0.011668082010069341,54.53303647219425,0.8817388516751475,0,25,0.8817388516751475,TLT
2022-06-17,2022-06-17,2,R2: Stress / risk-off,347.69921875,97.37590026855467,171.27000427246094,0.066199946495377,0.0042826069276691,-0.0068897524676482,1.69267955966397,11.75223124646709,-3.6100333180918813,5.532314607694255,1.3985239099148843,0.810780627283364,209.42178519408486,0.01871585085325114,273.68940076508875,0.0026027949388790863,80.5195604676242,0.9786813542078698,0,26,0.9786813542078698,SPY
2022-06-24,2022-06-24,2,R2: Stress / risk-off,370.7168884277344,97.7929229736328,170.08999633789062,-0.0226619944876586,0.030999973942718,-0.0104061911445734,-0.9033231217885169,7.84657960507519,-1.5298980155793371,6.1025870284604995,-1.2376531478350186,-3.252933228737526,121.5011251179293,0.1617184838545888,192.16929610671377,0.01847831806144889,68.62173837150712,0.8198031980839623,0,27,0.8198031980839623,TLT
2022-07-01,2022-07-01,2,R2: Stress / risk-off,362.3157043457031,100.82450103759766,168.32000732421875,0.0194892995588662,-0.0286650994391411,-0.0357652329521658,0.5462071223962779,7.446337474757565,0.7936221912962116,4.0300739467598845,2.1313146861098287,-2.1474247704000216,92.37373211467286,0.14558204577227937,154.57663445710773,0.021570661689233436,35.555668024406515,0.8328472925384871,0,28,0.8328472925384871,SPY
2022-07-08,2022-07-08,2,R2: Stress / risk-off,369.3769836425781,97.93435668945312,162.3000030517578,-0.0091080900993866,0.0323552801038791,-0.0202711551636427,-1.6341823101502477,5.188839402917488,-1.481121737321348,7.647230512293489,-1.93609946241281,-2.235815525952333,104.34054419980578,0.36886679192048133,159.81529253242115,0.06719239444612646,90.5111175818524,0.5639408136333921,0,29,0.5639408136333921,TLT
2022-07-15,2022-07-15,0,R0: Calm / risk-on,366.0126647949219,101.1030502319336,159.00999450683594,0.0258614184696497,0.0207509497404083,0.0104396183853587,-1.6630875071983804,4.353629427057153,1.471761315057247,5.619500487249746,1.4792852484833519,-3.4282436860483085,68.62043301829017,0.5101057584568672,133.15627320345746,0.07035821722353149,74.9882359221256,0.41953602431960124,1,1,0.41953602431960124,SPY
2022-07-22,2022-07-22,0,R0: Calm / risk-on,375.478271484375,103.20103454589844,160.6699981689453,0.0427751162417202,-0.0094474909967393,0.0213481544386628,-1.4531922185773862,3.0545470650229314,2.4984921367906443,5.413507034032471,1.0919099934529384,-2.1022109944235763,52.901242632405356,0.5796064176449153,105.5013277864419,0.11532054504114239,73.8091633494909,0.3050730373139423,0,2,0.3050730373139423,SPY
2022-07-29,2022-07-29,0,R0: Calm / risk-on,391.5393981933594,102.22604370117188,164.10000610351562,0.0035922161272015,-0.0063730262291763,0.0072515974305724,-3.035998321949746,1.591800489562066,2.244821733583822,7.003231871369613,1.2303479300972155,-2.1278914373356494,64.70535362066934,0.7430437144780886,121.67786221962723,0.12927003350518387,122.07945320104741,0.1276862520167276,0,3,0.1276862520167276,GLD
2022-08-05,2022-08-05,0,R0: Calm / risk-on,392.9458923339844,101.57455444335938,165.2899932861328,0.0329649206888043,-0.0078988521494594,0.0156089414716622,-2.687894645515525,1.1663748593496428,2.2760480866549324,6.237385218434767,-0.1416975802353027,-1.3071855266506813,49.795838563746635,0.7155000520398817,97.61619242060249,0.16485537440142425,108.05855780233706,0.11964457355869405,0,4,0.11964457355869405,SPY
2022-08-12,2022-08-12,0,R0: Calm / risk-on,405.8993225097656,100.77223205566406,167.8699951171875,-0.0116133149490744,-0.021722207761747,-0.0306784657549388,-3.1887981950664077,0.5631550218344915,2.7061604130755863,6.339155346320282,0.7146975004652291,-2.002438020443835,54.169143590719514,0.7639713093634463,106.11794591348948,0.15507185576326282,127.29216543680818,0.08095683487329089,0,5,0.08095683487329089,SPY
2022-08-19,2022-08-19,0,R0: Calm / risk-on,401.18548583984375,98.58323669433594,162.72000122070312,-0.0398681093919799,0.0051309824508016,-0.0058997462307359,-3.7904107222156327,1.1702271141430134,-0.5173400145679424,6.489016238715516,1.952168990228064,0.9924006330025363,53.74281591333513,0.7730447800975917,106.31676348535608,0.15393118058782576,130.61005950906954,0.07302403931458253,0,6,0.07302403931458253,TLT
2022-08-26,2022-08-26,0,R0: Calm / risk-on,385.19097900390625,99.0890655517578,161.75999450683594,-0.0322471873970542,-0.0278739235476486,-0.0154549955792335,0.09787601934857161,4.492559147657282,0.1863084072902934,3.9910799457949433,3.6741617396370336,1.7374530264866304,61.64888901097709,0.383395982288652,102.10242947228714,0.11075161169205115,52.619279224940556,0.5058524060192968,0,7,0.5058524060192968,GLD
2022-09-02,2022-09-02,0,R0: Calm / risk-on,372.7696533203125,96.32706451416016,159.25999450683594,0.0366104032152165,-0.0173289874107589,0.0035163433172087,-1.661488833327141,3.6960314782231807,-0.5079141748507431,4.822377005811953,3.32315270440681,1.2609951129412658,53.03393308580943,0.5838454619764143,104.32917779776363,0.1209112201937048,75.24619002100633,0.2952433178298809,0,8,0.2952433178298809,SPY
2022-09-09,2022-09-09,0,R0: Calm / risk-on,386.4169006347656,94.6578140258789,159.82000732421875,-0.0478508753952442,-0.0114483860669175,-0.0249030834935083,-2.7022336910719615,2.553055411708042,0.373877761563232,5.458255012064573,1.2130212403926663,-0.7600511675617485,41.12658766752111,0.6976722040142808,96.83571233301782,0.12617619977502714,85.96585343872826,0.17615159621069207,0,9,0.17615159621069207,TLT
2022-09-16,2022-09-16,0,R0: Calm / risk-on,367.926513671875,93.57413482666016,155.83999633789062,-0.045673783548669,-0.0127954058349528,-0.0181596631003424,-1.0876714284610427,4.321455872132591,0.3184527806405386,4.0551932612832005,2.6447759628062677,1.4654559355880672,48.58106431005435,0.5016992942437702,99.33706463445385,0.10563333793224125,56.56369414106776,0.3926673678239885,0,10,0.3926673678239885,TLT
2022-09-23,2022-09-23,2,R2: Stress / risk-off,351.1219177246094,92.37681579589844,153.00999450683594,-0.02927027560494,-0.0307475693371348,0.0108489884432694,-0.8274750524138077,5.5964338645595335,-0.5201942084136463,4.53478120226004,2.3461579358781317,2.8023110928558235,72.15821079540274,0.3794455968726831,124.29682484471762,0.07657288660903196,60.42380736135213,0.543981516518285,1,1,0.543981516518285,GLD
2022-09-30,2022-09-30,2,R2: Stress / risk-off,340.844482421875,89.53645324707031,154.6699981689453,0.0157063539190271,-0.0118976062998084,0.0207539067166788,1.2100641056822397,5.842630453854002,-0.4537902941508208,4.409606931575496,0.6140429216130665,3.197989155492703,84.08860105289891,0.1853515944504142,113.93906868389206,0.07413979208599594,38.966620466517114,0.7405086134635899,0,2,0.7405086134635899,GLD
2022-10-07,2022-10-07,2,R2: Stress / risk-off,346.1979064941406,88.47118377685547,157.8800048828125,-0.0142231109377088,-0.0239625494616937,-0.0310362870770779,0.044615762645969004,5.335727975823367,0.9954910409282908,4.387716568615494,-0.023385622571769574,0.30459899975366705,59.11097196590647,0.29118044841592605,104.46356556250245,0.07236924728422744,33.636878665269144,0.6364503042998464,0,3,0.6364503042998464,SPY
2022-10-14,2022-10-14,2,R2: Stress / risk-off,341.2738952636719,86.35118865966797,152.97999572753906,0.0465844927189038,-0.0547832464513201,0.0076480468141018,-0.504881915430649,5.433993537150135,-0.5723250760939806,4.623825396177248,0.5588723052741593,1.6353718858047133,63.061524625611895,0.3352291478813955,110.03502484963467,0.07927292023905835,44.89495848724876,0.5854979318795461,0,4,0.5854979318795461,SPY
2022-10-21,2022-10-21,0,R0: Calm / risk-on,357.1719665527344,81.62059020996094,154.14999389648438,0.0393543607291675,0.0389606674933498,-0.0064222528288895,-1.9550216232931832,3.562031638633938,-1.3874189611649064,6.1531945686186,-1.376680582024612,2.014837152851871,65.93610851310396,0.545176310505683,108.37211437087856,0.14818719280578313,84.68247937329856,0.30663649668853393,1,1,0.30663649668853393,SPY
2022-10-28,2022-10-28,0,R0: Calm / risk-on,371.2282409667969,84.80058288574219,153.16000366210938,-0.0325688708047996,-0.02425671944408,0.0216113703280917,-3.129116876655027,2.3143079868502188,2.0512994157898183,4.827750313938127,0.3475303811165257,-0.9402934340836553,35.631505902484726,0.7471290797843538,97.04836946861894,0.113404475276423,90.30936671439183,0.13946644493922317,0,2,0.13946644493922317,GLD
2022-11-04,2022-11-04,0,R0: Calm / risk-on,359.13775634765625,82.74359893798828,156.47000122070312,0.0588814320867052,0.0389514639843051,0.0517031780838268,-1.8372266470538356,2.0349853404500244,1.193597904369614,4.801610236466144,0.9251283421383176,1.5637057272536048,35.384403093548805,0.6432901617977234,76.27284640893116,0.1833629531952085,78.1027946064626,0.17334688500706813,0,3,0.17334688500706813,SPY
2022-11-25,2022-11-25,0,R0: Calm / risk-on,383.9294738769531,90.36636352539062,163.22000122070312,0.0113839553452177,0.0431964202794545,0.0247518273245814,-3.116920131728514,-1.9765968379447871,4.358009213512188,3.378336871327303,-0.28126347475747276,-2.154461465446434,38.39146267631198,0.7443871694609634,76.75655325529829,0.22926781281843484,147.2407486707342,0.026345017720601663,0,4,0.026345017720601663,TLT
2022-12-02,2022-12-02,0,R0: Calm / risk-on,388.3001098632813,94.26986694335938,167.25999450683594,-0.0334963137636833,-0.0070964718755209,-0.0011957249480479,-0.3837860159870079,-1.3641904439597003,5.107293583639513,2.2095339850346263,-0.08075963452725402,-0.14999967225595887,36.854773414740926,0.561813844592029,50.55552967573663,0.36892986239855635,105.05026166576972,0.06925629300941463,0,5,0.06925629300941463,GLD
2022-12-09,2022-12-09,0,R0: Calm / risk-on,375.2934875488281,93.60088348388672,167.05999755859375,-0.0209774788074795,0.0097721351221486,-0.0016162113995377,-0.6488263196741171,-0.6593396910696104,3.3586716111580226,2.1918163458238245,1.4557804788156834,2.321929238407079,27.845458621898,0.5741091798727271,43.72285337745417,0.35263749288040347,94.91831957113021,0.07325332724686942,0,6,0.07325332724686942,TLT
2022-12-16,2022-12-16,0,R0: Calm / risk-on,367.4207763671875,94.51556396484376,166.7899932861328,-0.000939396546941,-0.0462139249604308,0.0028179221753239,-0.6552082348863475,-0.5481618012358549,3.9720471019189114,2.7751043151886705,2.143877354514649,0.9076861417975025,32.01960123644769,0.5999026052785336,52.80054397766174,0.3169889822287653,96.41219649551456,0.08310841249270116,0,7,0.08310841249270116,GLD
2022-12-23,2022-12-23,0,R0: Calm / risk-on,367.07562255859375,90.14762878417967,167.25999450683594,-0.0012536233197382,-0.0254503492348822,0.0142293731972784,-1.7931896245417798,-1.0796072564091568,1.1552704164060816,4.561219518530062,-0.017123231371755167,0.7940251202487169,27.786277839695583,0.6052992058253679,46.58642956172371,0.33989126576426615,106.03187655511806,0.05480952841036614,0,8,0.05480952841036614,GLD
2022-12-30,2022-12-30,0,R0: Calm / risk-on,366.6154479980469,87.85334014892578,169.63999938964844,0.0147740142034777,0.0564482519624425,0.0239920262842627,-1.8879354984415861,-1.4537433333811571,0.32081979070995204,3.3983801895837464,1.1247000988434126,0.8834867017963661,18.564787399375515,0.6096475794190684,36.7022612151516,0.34936798048620304,106.51281544027782,0.04098444009472857,0,9,0.04098444009472857,TLT
2023-01-06,2023-01-06,0,R0: Calm / risk-on,372.0318298339844,92.81250762939452,173.7100067138672,0.0268501359925759,0.0149265264192606,0.0290713695111821,0.21744524184163305,-1.3479767500189115,4.271006461866152,0.9825223557541449,1.4432635247016212,1.6957210316765121,32.550814613990845,0.5096429081668225,38.64663287761582,0.4226695105948738,98.31771359670346,0.06768758123830382,0,10,0.06768758123830382,GLD
2023-01-13,2023-01-13,0,R0: Calm / risk-on,382.02093505859375,94.1978759765625,178.75999450683594,-0.0065747397640305,-0.0051520632551003,0.0029648623606139,-1.759616353954933,-3.421398815818412,4.086193470274249,2.0722817810528853,0.5324417670368753,0.8677027332464352,33.7693887583991,0.5721939196326498,44.5828864964255,0.4105683477915548,147.86668636552605,0.017237732575795476,0,11,0.017237732575795476,GLD
2023-01-20,2023-01-20,0,R0: Calm / risk-on,379.5092468261719,93.71256256103516,179.2899932861328,0.0247549827879423,0.0048024548865663,-0.0003903846731589,-1.2958701665537955,-2.731835219045392,3.0009359158533755,1.6089815769380413,1.0106573010578448,1.3549035791394646,23.316438693682162,0.5544124021028891,32.32404843684901,0.420484472561923,124.13984600410056,0.025103125335187874,0,12,0.025103125335187874,SPY
2023-01-27,2023-01-27,0,R0: Calm / risk-on,388.9039916992187,94.16261291503906,179.22000122070312,0.0164416570945462,0.0024783500871246,-0.0321392393014365,-3.2201442781151526,-4.043267960310478,3.3856608205691794,1.588405378166929,0.9700390589722021,-0.13192120252928022,30.143827043352587,0.6644246806912031,53.21818531277946,0.32721636037186963,172.68778884626988,0.008358958936927383,0,13,0.008358958936927383,SPY
2023-02-03,2023-02-03,0,R0: Calm / risk-on,395.2982177734375,94.39598083496094,173.4600067138672,-0.0104522983321717,-0.0310215175867456,-0.0005765369517169,-2.309653192532171,-2.4219570087288567,2.8253572177209243,0.6385536555224698,0.15727983375736906,3.014095326302796,23.481451879617254,0.6240470978182832,41.67181392316064,0.3570397302089083,137.38296159276814,0.018913171972808562,0,14,0.018913171972808562,GLD
2023-02-10,2023-02-10,0,R0: Calm / risk-on,391.16644287109375,91.4676742553711,173.36000061035156,-0.0019117251696907,-0.0097687426426436,-0.0121135561612949,-3.890661148488858,-2.2975651223165086,0.4396383145447101,1.5479715801352099,1.554286894459426,2.566719020724242,19.272263839425015,0.7228251782476763,51.969576381601634,0.26493309978508844,152.13202445510973,0.01224172196723513,0,15,0.01224172196723513,SPY
2023-02-17,2023-02-17,0,R0: Calm / risk-on,390.4186401367187,90.57415008544922,171.25999450683594,-0.0267151287265974,-0.0137721234512057,-0.0169916413444948,-3.595985544128886,-2.413781208763424,0.5130266563384355,0.6789257955435148,2.1101013125670076,2.5449037718702767,18.28522657535191,0.7105609318514882,48.926723161640865,0.2774028596885586,151.13905108961376,0.01203620845995341,0,16,0.01203620845995341,TLT
2023-02-24,2023-02-24,0,R0: Calm / risk-on,379.9885559082031,89.32675170898438,168.35000610351562,0.0197035449242317,0.0115978188345364,0.0245916200745655,-3.045682245966608,-1.2482565908626437,-0.5220466226148465,0.6492325574042356,3.1039703994637313,3.0321525915678156,21.39222082020985,0.7092296211996091,53.06704851532301,0.2682383365114088,133.7584925696825,0.02253204228898215,0,17,0.02253204228898215,GLD
2023-03-03,2023-03-03,0,R0: Calm / risk-on,387.4756774902344,90.3627471923828,172.49000549316406,-0.0452263455611621,0.0363140033633835,0.0080004033861436,-3.178237712861007,-1.8851008923144679,1.2083951479825883,0.4718276224143746,2.0812374737762425,1.8122867340166027,12.254953276966377,0.7193948056989359,45.05102060972226,0.26287768332818673,132.89749115473342,0.01772751097287743,0,18,0.01772751097287743,TLT
2023-03-10,2023-03-10,0,R0: Calm / risk-on,369.9515686035156,93.64418029785156,173.8699951171875,0.0144292799886625,0.0119326583635663,0.0569391466802591,0.4361492111179387,0.15842574093702003,3.981547032500639,-2.305546549464327,3.995427558334739,4.245320720951072,60.25466674707525,0.5622686018822967,76.43382347531617,0.34218026066784796,117.99165311237498,0.09555113744985544,0,19,0.09555113744985544,GLD
2023-03-17,2023-03-17,0,R0: Calm / risk-on,375.2897033691406,94.76160430908205,183.77000427246097,0.0147695144042774,0.0,-0.0006530465973033,1.7545648149671447,-2.08369573070618,5.0294910171734175,-1.1719768648721252,0.8661060942738834,2.9714119761423796,57.49124289836185,0.36714809468661863,43.03063163944512,0.5722947295061158,116.20095612704371,0.06055717580726546,0,20,0.06055717580726546,SPY
2023-03-24,2023-03-24,0,R0: Calm / risk-on,380.8325500488281,94.76160430908205,183.6499938964844,0.034466369866916,-0.0044922170785245,-0.0023413704877314,0.1591574656004803,-2.7836083675566323,4.024342072879915,0.39743338152341257,-0.7757308164537642,0.8253191222014259,32.57710134551383,0.4455741693090486,27.696062138204258,0.5175955213435116,113.79320242087036,0.03683030934743981,0,21,0.03683030934743981,SPY
2023-03-31,2023-03-31,0,R0: Calm / risk-on,393.9584655761719,94.3359146118164,183.22000122070312,-0.0004887200484674,0.0228932994209285,0.017847419772266,-0.7433666066960765,-3.2607480335556986,3.5947087772379795,0.7939573233000813,-0.8358577123583724,0.1196843831608748,28.043352595653808,0.4956319251932679,29.10412083596957,0.47975319282797013,125.85552428334636,0.024614881978761993,0,22,0.024614881978761993,TLT
2023-04-07,2023-04-06,0,R0: Calm / risk-on,393.7659301757813,96.49557495117188,186.4900054931641,0.0079915231604126,-0.0317882824204048,-0.0006971144778977,-0.3060056434025431,-4.64591651605724,4.853805023523722,0.9246774341169952,0.6650319597347342,-0.7183850930618949,50.049268159645464,0.4378013788438388,42.77942532775662,0.5472596651149684,160.08797415454808,0.014938956041192894,0,23,0.014938956041192894,SPY
2023-04-14,2023-04-14,0,R0: Calm / risk-on,396.9127197265625,93.42814636230467,186.36000061035156,-0.0006303996083049,-0.0064712725507671,-0.0113221753779837,-1.0106164821929555,-4.193532979071683,1.8649046147359793,1.4956439150325818,0.1943823130213481,2.0832274647467393,31.496636463209555,0.42800872553388175,22.801231551939566,0.5589507024922817,145.22584360308824,0.013040571973836682,0,24,0.013040571973836682,SPY
2023-04-21,2023-04-21,0,R0: Calm / risk-on,396.6625061035156,92.82354736328124,184.25,0.009048890211502,0.0197317764549544,0.0029850911900017,-2.1853581035369043,-4.318268019315247,1.5327789888547851,1.283555538645028,1.9523727622381377,1.7106249979899029,29.336720883647033,0.535933693862713,34.645283570699114,0.45534557714786966,163.49924539067712,0.008720728989417434,0,25,0.008720728989417434,TLT
2023-04-28,2023-04-28,0,R0: Calm / risk-on,400.2518615722656,94.65512084960938,184.8000030517578,-0.0079338471953656,-0.0122610190224007,0.014393958972849,-1.2998697453552395,-3.6682598396669124,2.8336189342825904,0.30244360899110734,2.5540938045237738,0.4171375350879055,27.59083243615561,0.546921603262258,34.850563385898184,0.43766676329458587,143.86446315283524,0.015411633443156261,0,26,0.015411633443156261,GLD
2023-05-05,2023-05-05,0,R0: Calm / risk-on,397.0763244628906,93.49455261230467,187.4600067138672,-0.0025205594756658,-0.0059108811950007,-0.0034674550943849,-1.2142020774559132,-2.5064302941428127,1.7116915125958108,0.7526906971172135,0.24325714164771642,2.2227630792857314,17.506819860935437,0.5277800489496816,22.981279498824424,0.4461402548689568,115.48318629731631,0.026079696181361602,0,27,0.026079696181361602,SPY
2023-05-12,2023-05-12,0,R0: Calm / risk-on,396.0754699707031,92.9419174194336,186.80999755859375,0.017080269283261,-0.0304016152245883,-0.0169691034225886,-2.17537805732487,-3.045554415141067,2.030306171319532,0.7047644374036288,0.7100920170591302,0.7908195655829356,14.72189943461824,0.6065088637844167,30.206078391922954,0.37706239035983985,132.28245329527036,0.016428745855743446,0,28,0.016428745855743446,SPY
2023-05-19,2023-05-19,0,R0: Calm / risk-on,402.8405456542969,90.1163330078125,183.63999938964844,0.0033443232525616,-9.913875429568007e-05,-0.0148115945858385,-2.360307627949786,-2.8267879050173823,0.44370801511103425,1.255885913650923,0.11543640790434438,1.7168015839834612,14.384574757785682,0.5873536392888451,27.250674260827402,0.395710961055172,129.9101758301895,0.016935399655982876,0,29,0.016935399655982876,SPY
2023-05-26,2023-05-26,0,R0: Calm / risk-on,404.1877746582031,90.1073989868164,180.9199981689453,0.0188085930495283,0.0115846356780633,0.0007185766312638,-2.2136591567943773,-2.4016235810495643,0.6046313297317308,0.8003334009461688,1.3675298100515534,0.34795982682941673,8.82933926696185,0.6295362083376813,28.062757225217656,0.3488306367235656,118.63880828670248,0.021633154938753025,0,30,0.021633154938753025,SPY
2023-06-02,2023-06-02,0,R0: Calm / risk-on,411.78997802734375,91.15126037597656,181.0500030517578,0.0046269568817183,-0.0006865104627978,0.0054680487030536,-2.1895909475797732,-3.85417065206557,1.3878444768819431,0.88128021279492,1.061193778062987,-1.4244612192619839,19.95868259248646,0.5902262472089564,32.87003914570375,0.39709425173153806,145.07167014336815,0.012679501059505428,0,31,0.012679501059505428,GLD
2023-06-09,2023-06-09,0,R0: Calm / risk-on,413.6953125,91.08868408203124,182.0399932861328,0.0260350275244083,0.006671984733285,-0.0022521886312965,-2.864261469307014,-3.811335450812224,0.6790483430203641,1.0233138451840462,1.735669971569636,-0.7116920170027722,18.89654787829002,0.6312305290253706,37.30210120894835,0.3587718809162516,153.9392877921807,0.009997590058377779,0,32,0.009997590058377779,SPY
2023-06-16,2023-06-16,0,R0: Calm / risk-on,424.46588134765625,91.69642639160156,181.6300048828125,-0.0142220469227684,0.0071148332691839,-0.0188845886822683,-2.5596380728613815,-3.95266726988755,1.2360553180466252,0.5532442995366116,2.344900454493841,-1.1457543882851111,22.3918211151708,0.6241520489185988,39.80580911804762,0.3657123601418435,156.6205849029773,0.010135590939557657,0,33,0.010135590939557657,TLT
2023-06-23,2023-06-23,0,R0: Calm / risk-on,418.4291076660156,92.3488311767578,178.1999969482422,0.0232451334084793,-0.0037741816038633,0.0003928581673269,-2.199558245714263,-3.8355720122321757,1.1609240141984425,0.33552784380297623,2.231012401657649,-0.5562133681650583,20.017905268357612,0.5943558944396954,33.396760124875286,0.394175207393036,148.62707029430825,0.011468898167268546,0,34,0.011468898167268546,SPY
2023-06-30,2023-06-30,0,R0: Calm / risk-on,428.1555480957031,92.0002899169922,178.27000427246094,-0.0106706431545251,-0.0348911844448415,0.0020754760100976,-2.3596208948762722,-3.5079354379824177,0.6233020246647131,0.6808225243722599,2.135692864264269,-0.42020491884558403,16.998710497601618,0.6094404331519263,32.580074527765916,0.37775630929001086,142.83889207219673,0.01280325755806288,0,35,0.01280325755806288,GLD
2023-07-07,2023-07-07,0,R0: Calm / risk-on,423.58685302734375,88.79029083251953,178.63999938964844,0.0244671253667301,0.022305186639435,0.0156179651571051,-2.9961107942926826,-2.70151948605349,-1.359247999868744,1.4679042483620042,2.6103743728103463,1.5764512729804356,21.845346357711104,0.6426170879444221,42.253548280407024,0.3434668298926077,146.69721355704255,0.013916082162970253,0,36,0.013916082162970253,SPY
2023-07-14,2023-07-14,0,R0: Calm / risk-on,433.9508056640625,90.7707748413086,181.42999267578125,0.0064547072019802,0.0043441033487099,0.0041338258847878,-2.909339293396301,-4.060356138913686,1.6886378328964624,0.38097093339008953,3.2998580802222697,-1.5079397840136126,29.60486970009987,0.6659279788637895,52.91745678388085,0.32556718183318784,171.65882497053317,0.008504839303022644,0,37,0.008504839303022644,SPY
2023-07-21,2023-07-21,0,R0: Calm / risk-on,436.7518310546875,91.16509246826172,182.17999267578125,0.0104826305923271,-0.018873495285162,-0.0017564610730836,-3.6513716110724075,-3.625579997393677,0.6929233126895895,0.621087269699236,3.303793061717958,-0.45082207416297765,24.0795972555733,0.7099869544342239,54.12733284047666,0.2822770511786567,171.30732949513106,0.00773599438711945,0,38,0.00773599438711945,SPY
2023-07-28,2023-07-28,0,R0: Calm / risk-on,441.33013916015625,89.44448852539062,181.86000061035156,-0.0221264645604682,-0.030196863302509,-0.0091828778364705,-3.657806805737829,-2.961773578505236,-1.0718106707190511,1.4620763443900844,2.870400210464358,0.7989611735739156,22.338220004760313,0.6935977897943036,50.06932275886672,0.2960851226963107,159.42561840700165,0.010317087509385613,0,39,0.010317087509385613,GLD
2023-08-04,2023-08-04,0,R0: Calm / risk-on,431.5650634765625,86.74354553222656,180.19000244140625,-0.0025963255445452,-0.0120171685144221,-0.014373696114094,-2.6897543484026327,-0.11389650141765009,-1.753612521743654,-0.2632572466073169,3.370331253986751,4.262123362013866,33.328599581399935,0.7049689728947207,65.9876939877342,0.25869167260976933,129.927930524233,0.03633935449550981,0,40,0.03633935449550981,SPY
2023-08-11,2023-08-11,0,R0: Calm / risk-on,430.444580078125,85.70113372802734,177.60000610351562,-0.0205315804369686,-0.016776522856411,-0.0127815551489218,-4.237165788337234,-1.2825096883746119,-1.3319507704292863,0.5733543414899791,2.282207444576705,0.9521841526317907,12.638150936136823,0.7849303237863551,57.388504807238675,0.1987245760317446,138.76583216616754,0.01634510018190035,0,41,0.01634510018190035,GLD
2023-08-18,2023-08-18,0,R0: Calm / risk-on,421.60687255859375,84.26336669921875,175.3300018310547,0.0079494968373272,0.0154631670518936,0.0130610463823495,-3.1419929308718726,-0.24110526665499715,-2.068857963413062,-0.17220309703494133,4.033789322053413,1.7363053646921947,23.42051730057168,0.7540690435524634,64.51684327026935,0.2135720693639361,125.99262332304525,0.032358887083600435,0,42,0.032358887083600435,TLT
2023-08-25,2023-08-25,0,R0: Calm / risk-on,424.95843505859375,85.56634521484375,177.6199951171875,0.0255018334599876,-0.000897876410834,0.0140187229006578,-2.687819420018481,-0.22583244930738738,0.10582631788767338,-0.6365194583993373,2.624606432347462,-0.043115834690755486,5.497541022394763,0.7528813713008203,47.76522982807293,0.20570465898950452,99.98056330569881,0.04141396970967511,0,43,0.04141396970967511,SPY
2023-09-01,2023-09-01,0,R0: Calm / risk-on,435.795654296875,85.48951721191406,180.11000061035156,-0.0125668130143152,-0.0050607383196603,-0.0112708831959229,-3.5122439651034028,-2.4874347458869397,0.3827641644643025,-0.2561617755093955,2.379244430271664,-0.965403405073543,11.715390120928244,0.7436698718560757,48.126648973420195,0.2432044267204906,143.2299616020401,0.013125701423433746,0,44,0.013125701423433746,TLT
2023-09-08,2023-09-08,0,R0: Calm / risk-on,430.319091796875,85.05687713623047,178.0800018310547,-0.0013155378996895,-0.0149411920357535,0.0014599871078313,-4.141131321423413,-1.942491969028408,-1.037772884299772,0.10561760368314657,2.677864782953539,-0.24361472389860653,13.420038374193025,0.7779378055261437,56.22412568311359,0.20907955887119886,146.75921651829094,0.012982635602657529,0,45,0.012982635602657529,GLD
2023-09-15,2023-09-15,0,R0: Calm / risk-on,429.75299072265625,83.78602600097656,178.33999633789062,-0.0292080482619623,-0.0164584745112958,0.0015700279524868,-3.5434926668147724,-1.34601532892367,-1.0600020800212355,-0.45560500394976716,4.0159870868682095,0.18280667192054503,18.200282288748767,0.771597711657778,60.63770989025661,0.2097228119735349,139.42091154199144,0.018679476368686943,0,46,0.018679476368686943,GLD
2023-09-22,2023-09-22,0,R0: Calm / risk-on,417.20074462890625,82.40703582763672,178.6199951171875,-0.0068306000936007,-0.0299679990889947,-0.0401410724719888,-2.704719133164302,0.46829604554081317,-1.9985119982124542,-0.711522362918365,4.123269733863839,1.2190155939699798,22.136411908741245,0.7512652318341948,65.35373902702126,0.19936594340682562,110.82560311248946,0.0493688247589796,0,47,0.0493688247589796,SPY
2023-09-29,2023-09-29,0,R0: Calm / risk-on,414.35101318359375,79.93746185302734,171.4499969482422,0.0048189447005306,-0.0409458764409242,-0.0102070576328344,-2.0153044032350285,1.2998454996509974,-4.834216638420551,-0.5165393350382539,1.908561756289809,2.86935475486997,40.66675146924588,0.6537663943147448,70.86184972763117,0.25875173023159037,106.18967671932182,0.08748187545366487,0,48,0.08748187545366487,SPY
2023-10-06,2023-10-06,0,R0: Calm / risk-on,416.3477478027344,76.66435241699219,169.6999969482422,0.0045630384721468,0.0332584303207925,0.0538008547259851,-1.3553416266128908,1.815316592995766,-6.141745593228581,0.3020985072296039,1.2327326396650964,1.6962453702104996,51.78497196346932,0.5824986963319021,76.50327071154025,0.27275227336727137,97.14290186285119,0.1447490303008266,0,49,0.1447490303008266,GLD
2023-10-13,2023-10-13,0,R0: Calm / risk-on,418.24755859375,79.2140884399414,178.8300018310547,-0.0238933783655994,-0.0498800462189734,0.0266174269311525,-0.5035498973373662,1.067893367805123,0.1583397763304896,-2.1873326743986983,1.8069286470067933,-0.4126897971767656,11.78333483280023,0.6188173648488149,41.56044253788992,0.24808214672395804,61.84475494264131,0.1331004884272271,0,50,0.1331004884272271,GLD
2023-10-20,2023-10-20,0,R0: Calm / risk-on,408.2542114257813,75.26288604736328,183.58999633789065,-0.0249531420783614,0.013575260138084,0.013944101583194,-1.00388579378342,1.8124884791715723,-4.879695922350187,-0.4607547953674238,1.1454861560045269,1.8943917895625881,38.35742562257459,0.5714336925790116,62.13230934883586,0.27543314131512775,81.25627346313966,0.1531331661058607,0,51,0.1531331661058607,GLD
2023-10-27,2023-10-27,0,R0: Calm / risk-on,398.0669860839844,76.28459930419922,186.1499938964844,0.0584639867695595,0.0422052701455928,-0.0073059395914236,-0.11406932645234603,2.314510708561978,-1.2950896354177868,-2.239719292755468,1.537958074148432,-0.6943359922200055,20.15533137149499,0.5562743229446131,51.963770015583634,0.20952786615648172,48.33763368877637,0.23419781089890515,0,52,0.23419781089890515,SPY
2023-11-03,2023-11-03,0,R0: Calm / risk-on,421.3395690917969,79.50421142578125,184.7899932861328,0.0136189195561062,0.0041085232040301,-0.0285729691603008,-1.060238743798468,-2.142553110810839,0.5911227828014465,0.37562059598885095,-0.0895061515874129,-4.474521273570744,26.680182449897117,0.5917567323576524,42.49670106221732,0.3641570804170587,111.28125669174764,0.04408618722528903,0,53,0.04408618722528903,SPY
2023-11-10,2023-11-10,0,R0: Calm / risk-on,427.0777587890625,79.83085632324219,179.50999450683594,0.0231044603002155,0.0232981223461545,0.023174217533336,-0.8292233668381123,-1.6340618240577387,-1.3764793065660996,1.2946408852765507,0.3669512403379692,-2.4027460064259976,16.882067369195184,0.5398892766031561,26.191815474995252,0.4056895643736944,91.63384390905526,0.054421159023149465,0,54,0.054421159023149465,TLT
2023-11-17,2023-11-17,0,R0: Calm / risk-on,436.9451599121094,81.69076538085938,183.6699981689453,0.0100045265273991,-0.0026657334778319,0.0100724458101968,-1.6761824104513048,-3.283326272522665,1.0021721629688585,0.8105323006371291,1.5836764444411584,-2.8034839317639655,22.241863977352082,0.593972999609543,36.28971520098411,0.38591428607668926,132.53104426250212,0.020112714313767863,0,55,0.020112714313767863,GLD
2023-11-24,2023-11-24,0,R0: Calm / risk-on,441.3165893554687,81.4729995727539,185.52000427246097,0.0083462058319092,0.0388022881535043,0.034982697741013,-3.1270775542386082,-4.578941864775777,0.1910787800342414,2.1544879018146026,0.6853921411738157,-3.344204364994075,37.64963841028665,0.6211205791385483,54.460824544433386,0.37073302742520403,178.837164383776,0.008146393436247599,0,56,0.008146393436247599,TLT
2023-12-01,2023-12-01,0,R0: Calm / risk-on,444.9999084472656,84.63433837890625,192.0099945068359,0.0023960075593085,0.0166685116420954,-0.0331753309693505,-1.641453044074683,-2.2149371180436783,2.8775265723123846,-2.864570788906243,1.1841613541173395,-0.6371995468147197,19.987440629255538,0.6601460529613272,44.022872059092,0.31565810735432487,127.69647224431651,0.024195839684347874,0,57,0.024195839684347874,TLT
2023-12-08,2023-12-08,0,R0: Calm / risk-on,446.0661315917969,86.0450668334961,185.63999938964844,0.0239739558087515,0.0521416774227643,0.0073260106379176,-2.292594376171132,-2.4932574400221643,0.9422928754816752,-1.1925288233294167,-0.15674086276223398,-1.1587182412571786,8.79547964434483,0.6524184149008139,31.266072742332028,0.3273138835778315,121.89201902616661,0.020267701521354754,0,58,0.020267701521354754,TLT
2023-12-15,2023-12-15,0,R0: Calm / risk-on,456.7601013183594,90.53160095214844,187.0,0.0092047131327579,-0.006757452580692,0.0174866538634275,-1.6022817532038693,-2.8780045371132235,3.1740351224465435,-2.223747496930647,0.5004812886438437,-1.5593656216492258,23.23502620823196,0.6327728620873189,42.814066560948305,0.3469238542894729,135.27839241833877,0.02030328362320829,0,59,0.02030328362320829,GLD
2023-12-22,2023-12-22,0,R0: Calm / risk-on,460.9644470214844,89.91983795166016,190.27000427246097,0.0035046944752898,0.0040616926578738,0.00473008817089,-1.6426555738665873,-2.770325624293592,1.5618149627042748,-1.1384091094293878,0.5395829457939741,-1.083869268922088,11.974531820673501,0.6055187924890697,27.77207824467138,0.37284309177688274,120.50935462909443,0.021638115734047576,0,60,0.021638115734047576,GLD
2023-12-29,2023-12-29,0,R0: Calm / risk-on,462.5799865722656,90.28506469726562,191.1699981689453,-0.0155477492444329,-0.0261933485011294,-0.0095202808121664,-2.1015564848757515,-3.0042642851453594,1.4167688880589704,-1.0358403089663122,0.5777661907887298,-0.8537558358377856,11.705811331244345,0.625376189381661,29.89521612819162,0.3578106649345572,129.51087470120342,0.016813145683781814,0,61,0.016813145683781814,GLD
2024-01-05,2024-01-05,0,R0: Calm / risk-on,455.3879089355469,87.92019653320312,189.3500061035156,0.018721094566058,0.0023883457267328,0.0019012442500518,-3.5440126362059514,-0.32046739867321644,-1.0940379537751308,-2.565680509141385,0.14420329822302555,0.35969187297491795,8.104828556914695,0.7806787601904398,53.92369211770759,0.1912706056291741,116.46123583574814,0.028050634180386162,0,62,0.028050634180386162,SPY
2024-01-12,2024-01-12,0,R0: Calm / risk-on,463.9132690429687,88.13018035888672,189.7100067138672,0.0120626174636599,-0.0251761713018483,-0.0093828157455641,-4.181812967309184,-1.208731496666722,-0.0006793463417046398,-3.0020505938051727,-0.10836144966401744,-1.5941306534949533,13.027962692410188,0.8170432652665927,64.83139571397092,0.16658617197213652,140.41118157829297,0.016370562761270798,0,63,0.016370562761270798,SPY
2024-01-19,2024-01-19,0,R0: Calm / risk-on,469.50927734375,85.9113998413086,187.92999267578125,0.0103227324490018,-0.0032945019967445,-0.0048954302389215,-4.133881145201469,-0.21815948732922105,-1.9105192571222442,-2.3391842816131074,-0.39595905283011107,-1.0645714952835934,12.383299121820603,0.8123574041920225,64.94657708126476,0.16181222550069524,124.72183180899421,0.025830370307282264,0,64,0.025830370307282264,SPY
2024-01-26,2024-01-26,0,R0: Calm / risk-on,474.35589599609375,85.62836456298828,187.0099945068359,0.0142386359381496,0.0277147526689802,0.0085557250976613,-5.499901271997248,-1.26320813361043,-1.3244634738574488,-2.506125182586054,0.8837048176029854,-1.4144849461844966,18.600623998232354,0.865641655598207,81.72879669455254,0.12466908089208734,164.95170804527305,0.009689263509705521,0,65,0.009689263509705521,TLT
2024-02-02,2024-02-02,0,R0: Calm / risk-on,481.1100769042969,88.00153350830078,188.61000061035156,0.0138563775549849,-0.0231080796741126,-0.005354936130468,-0.1912207742372372,-2.7416599659769383,1.3875412606577835,-0.3151753139133911,1.8022370221571729,1.9718217526046926,21.957801958508632,0.45806164462496785,18.235721641589347,0.51350423002547,112.50304536246057,0.028434125349562207,0,66,0.028434125349562207,SPY
2024-02-09,2024-02-09,0,R0: Calm / risk-on,487.7765197753906,85.96798706054688,187.6000061035156,-0.0033717978853265,-0.0116143988691511,-0.0067164697474992,-2.3964421749101867,-3.9946401223167736,-0.7462932700363029,1.6097917311933587,0.3766483326202992,1.7497755277684905,24.848305436091362,0.5158239430626351,27.576764015018945,0.47438139711991895,153.98159584316838,0.009794659817445815,0,67,0.009794659817445815,SPY
2024-02-16,2024-02-16,0,R0: Calm / risk-on,486.1318359375,84.96952056884766,186.33999633789065,0.0166964352077847,0.0119665533070698,0.0122356918756321,-1.3442945691133086,-2.056454029283297,-1.3410613859447968,0.6973174064309866,1.715991687410249,3.460710934158757,25.236604877663662,0.5165922236317917,29.273268668339476,0.45638773679104655,121.36104437755694,0.02702003957716176,0,68,0.02702003957716176,SPY
2024-02-23,2024-02-23,0,R0: Calm / risk-on,494.2485046386719,85.98631286621094,188.6199951171875,0.0098453061291274,0.0095538773342342,0.0226381316032164,-1.069184332322229,-2.1902489254560047,0.5290505235743612,0.1829223247115695,1.4468729922383192,1.956363230852756,13.735630074484575,0.5342397502784957,20.349177361051137,0.43608298673311247,107.89855284326553,0.029677262988391857,0,69,0.029677262988391857,GLD
2024-03-01,2024-03-01,0,R0: Calm / risk-on,499.1145324707031,86.80781555175781,192.88999938964844,-0.0022033649067852,0.0133375824414572,0.0453108275225238,-1.6767869574783894,-2.528233626085667,0.641122192583216,-1.6383185529100546,0.88290652099814,0.6413883975311941,10.354840958894263,0.5933088432775796,24.382462586987838,0.3857222223532572,119.2494397287128,0.020968934369163264,0,70,0.020968934369163264,GLD
2024-03-08,2024-03-08,0,R0: Calm / risk-on,498.0148010253906,87.96562194824219,201.6300048828125,-0.0005978326177745,-0.0291445754187181,-0.0095223831892541,-0.4661080522033907,-1.3394510568728784,3.176555775850749,-2.7557784522434745,3.2956639119911273,0.02461330931859333,29.770480630358442,0.6202537274483976,50.0590957555844,0.33273321775007,113.8097367125864,0.04701305480153239,0,71,0.04701305480153239,SPY
2024-03-15,2024-03-15,0,R0: Calm / risk-on,497.7170715332031,85.40190124511719,199.7100067138672,0.0223210921594956,0.0111902144383881,0.0032046435738464,-2.084902557894118,-1.2421371026493584,-0.018191775060528142,-1.137520068125337,1.0961945804939575,0.44113087674109974,3.739740856942197,0.667553184868219,29.88477023289094,0.29918453932385075,101.44482581969903,0.03326227580793016,0,72,0.03326227580793016,SPY
2024-03-22,2024-03-22,0,R0: Calm / risk-on,508.82666015625,86.3575668334961,200.3500061035156,0.0035685942593493,0.0068100183946386,0.0268030693965288,-3.076256454810525,-2.735878121513625,1.5595898008929068,-1.7114447605059795,0.2819776841543661,-0.6520323660660752,11.317459215710283,0.7078343125252123,41.65276135072404,0.2789479563543746,140.99552536210481,0.013217731120413164,0,73,0.013217731120413164,GLD
2024-04-12,2024-04-12,0,R0: Calm / risk-on,498.71282958984375,83.24132537841797,216.88999938964844,-0.0307134663442056,-0.0126258786518477,0.0190880142067353,1.9792401426074742,1.8672406446369076,-0.12493495694559907,-2.901427374734241,0.6877872058419012,2.6652871817218036,40.62584708260472,0.3716113862978209,43.460447615544254,0.3406435398243322,48.9582134721369,0.28774507387784687,0,74,0.28774507387784687,GLD
2024-04-19,2024-04-19,0,R0: Calm / risk-on,483.3956298828125,82.1903305053711,221.02999877929688,0.0264560880025315,-0.0102075114563452,-0.0199520593877071,2.4135239178628476,3.9040777673279883,-1.1323742668483339,-2.754556866485432,2.578375928428184,1.1924091527271359,56.54241076872584,0.2785737114106291,72.27695815114234,0.17186144646934656,34.408092388172136,0.5495648421200244,0,75,0.5495648421200244,SPY
2024-04-26,2024-04-26,0,R0: Calm / risk-on,496.1843872070313,81.35137176513672,216.6199951171875,0.0059615092468956,0.0216993765384552,-0.0168958936654962,-0.8129817617281938,0.7965280268614332,-1.9914057137043728,-0.23614769165834412,-2.273554613393078,-2.1787012767421587,20.484201467425997,0.5691979390466289,42.80645562282523,0.2868660036566955,65.2731254111377,0.14393605729667566,0,76,0.14393605729667566,TLT
2024-05-03,2024-05-03,0,R0: Calm / risk-on,499.1423950195313,83.11664581298828,212.9600067138672,0.0186782774018274,0.0031165939143209,0.0270003748061751,0.6372995612225262,0.2666529604354433,-0.37481785603056883,-0.8385863143254125,-0.1577802061593321,-0.8820481435441181,12.907312659117562,0.4760068546008528,20.942516576440262,0.3719577807962003,50.08818061166738,0.15203536460294684,0,77,0.15203536460294684,GLD
2024-05-10,2024-05-10,0,R0: Calm / risk-on,508.4655151367187,83.37568664550781,218.7100067138672,0.0165309057499258,0.0140924165312221,0.0226326953330402,-2.0517861495076515,-2.356120882662009,0.8991713541899748,0.011606874604667894,0.05931417253836165,-1.2578375488772575,7.77163112033706,0.6337902509296588,27.929568613464863,0.3413614163417469,113.2864975522194,0.02484833272859424,0,78,0.02484833272859424,GLD
2024-05-17,2024-05-17,0,R0: Calm / risk-on,516.8709106445312,84.55065155029297,223.66000366210935,-1.8775654895386573e-05,-0.0001096350434385,-0.034606122536138,-1.8914944130839964,-3.2945311726144597,2.332140918166403,-0.5725161287292166,0.3628162323316477,-1.1409049508769729,16.650037098349802,0.6065162016007908,32.15010504102809,0.3768830884046883,133.87176401188012,0.01660070999452086,0,79,0.01660070999452086,SPY
2024-05-24,2024-05-24,0,R0: Calm / risk-on,516.8612060546875,84.5413818359375,215.9199981689453,-0.0039098968925589,-0.0101771427292535,-0.0028714112747555,-1.817252653202275,-2.68015835207866,0.22141130940917464,-0.04479621615329454,-0.03865996545181586,-0.6840224760402961,8.592905618557664,0.5855053498437177,21.654617629756643,0.392104221992508,114.919409631301,0.022390428163774335,0,80,0.022390428163774335,GLD
2024-05-31,2024-05-31,0,R0: Calm / risk-on,514.84033203125,83.68099212646484,215.3000030517578,0.0125907749766926,0.0150652315527521,-0.0171853083873516,-0.37658491783866277,-0.8133146567707107,-0.9974272855826083,-0.5085242916218112,0.7602011738374974,1.3736853853432378,10.623727669925383,0.5157413055977432,17.451801823209216,0.4182201392340608,77.58161218038767,0.06603855516819608,0,81,0.06603855516819608,TLT
2024-06-07,2024-06-07,0,R0: Calm / risk-on,521.3225708007812,84.94166564941406,211.6000061035156,0.016423049801618,0.034644622154774,0.0195179088133061,-1.0758026161309775,-1.71614660141463,-0.14825622673502364,-1.632239827642969,-2.359261643338936,0.43035474204737667,15.242895853726832,0.5372171361599454,22.967475385292634,0.4238101166806903,100.71021624174897,0.0389727471593644,0,82,0.0389727471593644,TLT
2024-06-14,2024-06-14,0,R0: Calm / risk-on,529.88427734375,87.88443756103516,215.72999572753903,0.0064235677564474,-0.0074996599152943,-0.0044036386550619,-0.9682601041795037,-3.0793373623918194,2.8389634942392328,-2.4201195947487086,0.7047935130164283,-1.4367142551756296,25.052462827126305,0.5723682633285322,36.26720990133862,0.4056659945418034,131.2635386982981,0.021965742129664474,0,83,0.021965742129664474,SPY
2024-06-21,2024-06-21,0,R0: Calm / risk-on,533.2880249023438,87.22533416748047,214.77999877929688,-0.0005326532828849,-0.0232014050102691,0.0010708433226847,-0.401538590724211,-2.52313506188552,0.6246666289018863,-1.5553052760544472,-1.167991900560588,0.640648613587902,16.354458560336862,0.46808706900044794,14.184683698624719,0.5003253657484492,104.17876588130076,0.03158756525110281,0,84,0.03158756525110281,GLD
2024-06-28,2024-06-28,0,R0: Calm / risk-on,533.0039672851562,85.20158386230469,215.0099945068359,0.019146689062089,0.0117063360943705,0.0275335952755308,-0.6317175748272525,-1.6910283217461377,-1.3553251396838273,-0.9513687119901779,-1.0426273811906182,1.0423858032174658,13.915273936707496,0.4866005933465092,15.007621158453341,0.4705548420929017,93.07322776236781,0.04284456456058908,0,85,0.04284456456058908,GLD
2024-07-05,2024-07-05,0,R0: Calm / risk-on,543.209228515625,86.19898223876953,220.92999267578125,0.0096459077252206,0.0149093582709498,0.0098674150492981,-1.2945955592180047,-3.182821121372803,0.6196548870639575,-2.0697979408017138,-0.3594555650044786,-1.6458378867521186,18.02277167601073,0.550663234137753,26.111634839062123,0.42958704495560396,126.43884606741636,0.01974972090664314,0,86,0.01974972090664314,TLT
2024-07-12,2024-07-12,0,R0: Calm / risk-on,548.448974609375,87.4841537475586,223.11000061035156,-0.0196431297956284,-0.0108580280521296,-0.0061853116356833,-0.16099961896916173,-3.0822492699054966,1.7244743566704999,-2.5786094415309657,0.5712718337735893,-2.3915656452533045,28.150058187086213,0.5028512300428282,30.444866570994144,0.4686480152742829,121.65819040287283,0.028500754682889005,0,87,0.028500754682889005,GLD
2024-07-19,2024-07-19,0,R0: Calm / risk-on,537.6757202148438,86.53424835205078,221.72999572753903,-0.008288078967643,0.0007533800490679,-0.0049609473951292,2.2331793589245708,0.7158231172139032,-1.1697873683438553,-2.802254628245206,2.186821708267353,0.048459856742944764,37.0017771685134,0.371392682107863,33.7041858410903,0.41095517881296467,54.40973728418986,0.21765213907917233,0,88,0.21765213907917233,TLT
2024-07-26,2024-07-26,2,R2: Stress / risk-off,533.2194213867188,86.59944152832031,220.6300048828125,-0.0211957807608215,0.0604108340920195,0.0213479189178273,3.4815108598039184,1.1541902555611088,-0.9267041759836858,-2.0909082380659485,1.5627681449278608,-3.1190174208686874,54.7708234785464,0.2697209023682563,46.01548687515234,0.3528860200815862,43.82818944259783,0.37739307755015744,1,1,0.37739307755015744,TLT
2024-08-02,2024-08-02,2,R2: Stress / risk-off,521.9174194335938,91.83098602294922,225.33999633789065,0.0001686333738544,-0.0205533665141551,-0.00346143069128,11.233459761783427,2.368908343186363,3.479234506850573,-4.692836527732934,6.14218367805843,0.9759397783212684,264.6139409171463,0.02213569725496586,194.42251758436686,0.19091267922496982,148.2819195579459,0.7869516235200642,0,2,0.7869516235200642,SPY
2024-08-09,2024-08-09,2,R2: Stress / risk-off,522.0054321289062,89.94355010986328,224.55999755859375,0.0400008792712618,0.0122583770524606,0.0330869612368589,8.349597760221595,0.5831200024079367,-0.6871861407115463,0.9618734706725408,-0.23133683447123995,-4.370724385356372,143.7668903465348,0.046691977705522976,77.68920832476823,0.35492974368840885,60.674082022438874,0.5983782786060681,0,3,0.5983782786060681,SPY
2024-08-16,2024-08-16,1,R1: Growth / trend,542.8861083984375,91.04611206054688,231.9900054931641,0.0141077002952112,0.0097497015987468,0.0001293106538495,3.7889023143015055,-3.9491230556384735,3.8323301389159408,0.9944698714346408,-1.9432445454525238,-4.825333154059744,99.03519751203885,0.19499796686139237,55.61026303743114,0.739503226838658,134.57542123974156,0.0654988062999496,1,1,0.0654988062999496,SPY
2024-08-23,2024-08-23,1,R1: Growth / trend,550.5449829101562,91.93378448486328,232.02000427246097,0.0027572776398208,-0.0193109595106036,-0.0031463277859046,3.29577541244478,-4.085035333630952,2.7234811849959852,0.25696795369763104,0.31389036207426646,-1.8462991400958362,62.0097330536701,0.20344718831229983,19.317934403347305,0.754376312216786,113.27121172846473,0.04217649947091413,0,2,0.04217649947091413,SPY
2024-08-30,2024-08-30,1,R1: Growth / trend,552.06298828125,90.15845489501952,231.2899932861328,-0.0413712548369264,0.0351746840571778,-0.0028535104089169,1.7264402112397046,-4.151166805093242,-0.3817344203691442,1.150013848153611,0.4440768027459006,-0.279219346297981,39.9813292208103,0.24049192531209704,3.660958269456596,0.7333268033524846,112.2256837153852,0.026181271335418393,0,3,0.026181271335418393,TLT
2024-09-06,2024-09-06,1,R1: Growth / trend,529.2234497070312,93.32975006103516,230.6300048828125,0.0400659824004645,0.0085373750185668,0.0349043386486467,8.170207285369345,0.6387047592802279,0.8686210895161691,-3.6506333456817073,6.724567052267713,2.321398847232844,177.69545403469186,0.08212849373857109,119.55432839694633,0.4893161195422198,123.87368570372271,0.42855538671920906,0,4,0.42855538671920906,SPY
2024-09-13,2024-09-13,1,R1: Growth / trend,550.4273071289062,94.12654113769533,238.67999267578125,0.0142043851096245,-0.0152375460734937,0.0147897358237354,1.046778209536046,-5.893019078875019,2.41393511591147,-0.40958603646463226,-0.1932513388210223,-3.9031266729062377,67.6951843091595,0.28683709730307533,38.57618672663352,0.7011789164489738,171.13866057008312,0.011983986247950846,0,5,0.011983986247950846,GLD
2024-09-20,2024-09-20,1,R1: Growth / trend,558.2457885742188,92.6922836303711,242.2100067138672,0.0056664449740819,-0.0031348145577673,0.0116014924268317,2.895755922577294,-6.933497245673778,-1.5081476780403733,-4.276209967154934,-0.11250143879509113,-0.35105442703461537,99.11303940733852,0.11750667886432777,33.63012975845535,0.877068675246608,199.30530075036134,0.005424645889064284,0,6,0.005424645889064284,GLD
2024-09-27,2024-09-27,1,R1: Growth / trend,561.4090576171875,92.4017105102539,245.02000427246097,0.002642494786438,-0.0275056049002925,-8.164342548422354e-05,2.3032677121703546,-7.071512711159784,-1.4868800597196528,-4.725927960073503,0.4461239573560499,-0.5604632535064636,98.33953956383742,0.14107647606559834,39.66640852411407,0.8543632938605382,210.1418400277425,0.0045602300738633575,0,7,0.0045602300738633575,SPY
2024-10-04,2024-10-04,1,R1: Growth / trend,562.892578125,89.86014556884766,245.0,0.0115186536479747,-0.0193616161588717,0.0019183723294005,1.4346839020428157,-5.8520354658605385,-3.5020411551208004,-3.0739606483759156,0.8485724591585455,1.8853138809610155,78.52036950328336,0.17464529192445427,28.181838789010513,0.8189058330881608,185.9873832347948,0.0064488749873847905,0,8,0.0064488749873847905,SPY
2024-10-11,2024-10-11,1,R1: Growth / trend,569.3763427734375,88.12030792236328,245.47000122070312,0.0086442192888969,0.0018144423795281,0.0236281542466081,0.7142149816458748,-4.9996507013908555,-4.1175620616314665,-2.414874532469539,1.020824788561738,0.5067791118202598,62.110128759813385,0.24577943852649634,26.016900686735408,0.7442425603059177,166.48884752945182,0.009978001167585807,0,9,0.009978001167585807,GLD
2024-10-18,2024-10-18,1,R1: Growth / trend,574.2981567382812,88.28019714355469,251.27000427246097,-0.0094939039573715,-0.0184297690220656,0.0081585665495309,0.2722421691680428,-5.629766552959316,-2.105586182971621,-2.45873488670687,1.0374075004882128,-1.0557521069860551,52.632946854724885,0.2873591232977831,23.399171824129848,0.7049343127067391,170.5184102337406,0.007706563995477631,0,10,0.007706563995477631,GLD
2024-10-25,2024-10-25,1,R1: Growth / trend,568.8458251953125,86.65321350097656,253.32000732421875,-0.0138159243001855,-0.0107813918352217,-0.003355463757064,2.143371074410276,-2.8424187196407322,-4.180681612794805,-2.7785492927623547,2.0278921870207975,1.4309464705244286,63.75724233074329,0.24094962507419035,27.99438552813175,0.7222556318083085,124.97720303592781,0.036794743117501125,0,11,0.036794743117501125,GLD
2024-11-01,2024-11-01,1,R1: Growth / trend,560.9866943359375,85.7189712524414,252.47000122070312,0.0475447944480844,0.0181637308008992,-0.0178634866916066,3.3942509393583067,0.037530066646173164,-5.117272405973118,-3.2000067922868802,1.7751701777283047,1.6791417604116134,80.98585332813214,0.2310460413913148,50.21733541696968,0.5941310920663634,90.06977390755627,0.17482286654232176,0,12,0.17482286654232176,SPY
2024-11-08,2024-11-08,1,R1: Growth / trend,587.65869140625,87.27594757080078,247.9600067138672,-0.0207959950977337,-0.0260566236106282,-0.0458542106312205,0.48404129577260047,-4.386355775896052,-2.71287975658497,-2.96109167575862,-4.676022765270549,-2.141538465917005,74.7955643639022,0.2823589034326239,45.18555668521226,0.7007140248466378,166.47615239253156,0.016927071720738356,0,13,0.016927071720738356,SPY
2024-11-15,2024-11-15,1,R1: Growth / trend,575.437744140625,85.0018310546875,236.58999633789065,0.0166623320476555,0.0034412315911163,0.0560040585193499,2.577395733697421,-0.10900740327167217,-7.545921868004928,-2.8933767350160786,1.4671335826736465,2.9121077984681625,107.66361430125247,0.24359357079825136,76.74724912404784,0.6292461450550788,128.8404493487469,0.1271602841466698,0,14,0.1271602841466698,GLD
2024-11-22,2024-11-22,1,R1: Growth / trend,585.02587890625,85.29434204101562,249.83999633789065,0.011821830297638,0.0396061611671154,-0.0170108872170018,-0.5947567307138357,-3.404121178140217,-2.7557514811119743,-2.690821250894235,-0.125144025001391,-1.0148396235488517,32.263226471824446,0.43482217295176173,24.842525175767232,0.5460584523554033,134.04174496604568,0.01911937469283499,0,15,0.01911937469283499,TLT
2024-11-29,2024-11-29,1,R1: Growth / trend,591.9419555664062,88.67252349853516,245.58999633789065,0.0087297080738355,0.0079554415428371,-0.0107496210310467,-0.45801057345633933,-4.444205135259383,-0.7560185697756252,-2.737152626397388,-1.9446708517421738,-1.1861338593121697,38.20252566687073,0.38571687980205904,23.729324433862526,0.6014713605799762,149.11909088218522,0.01281175961796486,0,16,0.01281175961796486,SPY
2024-12-06,2024-12-06,1,R1: Growth / trend,597.1094360351562,89.3779525756836,242.9499969482422,-0.0059230049224979,-0.0449197081301349,0.0055155231723509,-1.2373843877425494,-4.945225702732502,-1.7716628047322704,-2.7147950611206686,-0.17958323000948198,0.4377822621981906,37.57033123346714,0.4043748598372638,25.348135827341476,0.5884663922528344,168.9865934594167,0.007158747909901931,0,17,0.007158747909901931,GLD
2024-12-13,2024-12-13,1,R1: Growth / trend,593.57275390625,85.36312103271484,244.2899932861328,-0.0183219785182583,-0.0166023533533564,-0.0089647027827788,-0.45758492316060295,-3.0847590956485145,-4.873315076962805,-2.1466664680612113,-0.053376230057456654,1.974096695044686,49.93922303884554,0.3699458333500846,33.59248635009566,0.6110279484485112,146.61303088378662,0.019026218201404245,0,18,0.019026218201404245,GLD
2024-12-20,2024-12-20,1,R1: Growth / trend,582.6973266601562,83.94589233398438,242.1000061035156,0.0065294404589211,-0.0137020451595007,-0.0028914175521824,5.373745009025977,1.8893315277835911,-6.367407972915211,-4.386721407545568,2.6097575136755804,1.7878811259797638,139.59734008467439,0.1337407516737086,100.99292709870123,0.43743147078500616,101.64006039972384,0.4288277775412852,0,19,0.4288277775412852,SPY
2024-12-27,2024-12-27,1,R1: Growth / trend,586.5020141601562,82.79566192626953,241.3999938964844,-0.0051427536116506,0.0021817710024139,0.0086578775870884,0.5567719975669325,-1.1899560497783097,-6.108644414815369,-1.661443307480479,-0.4110789067134236,-1.711331565581975,58.42935298373002,0.3882578574019546,47.87723086980327,0.5367765754526583,112.0069828860859,0.07496556714538694,0,20,0.07496556714538694,GLD
2025-01-03,2025-01-03,0,R0: Calm / risk-on,583.4857788085938,82.97630310058594,243.4900054931641,-0.019359756464314,-0.0209647596008411,0.0193847842384462,0.6864994797218072,0.9024469003211111,-5.057565442310844,-4.453913004940133,1.2811073648558469,-0.47324387623876957,59.49855640199423,0.473610840047869,67.23749514262114,0.3734665153362506,96.32546340535988,0.15292264461588034,1,1,0.15292264461588034,GLD
2025-01-10,2025-01-10,0,R0: Calm / risk-on,572.1896362304688,81.23672485351562,248.2100067138672,0.0294407693854399,0.0202433164973994,0.0042705673821432,1.331145427402213,3.1402900160994265,-6.2526655383777525,-4.270070597149244,2.197275482303052,0.08239784435330355,88.69635767660152,0.38508304329333065,103.24871196294707,0.24635017536441206,90.12444293099146,0.36856678134225734,0,2,0.36856678134225734,SPY
2025-01-17,2025-01-17,0,R0: Calm / risk-on,589.0353393554688,82.8812255859375,249.27000427246097,0.0173866189743703,0.0003442750194044,0.0255946945668195,-1.5895285413803675,-0.5977179997079697,-2.576025298208493,-4.027701645875902,-0.12407782957114903,-2.617619252183531,29.950061238508592,0.6603734129946598,56.92508426709161,0.28852136392165295,113.3122166048621,0.0511052230836872,0,3,0.0511052230836872,GLD
2025-01-24,2025-01-24,0,R0: Calm / risk-on,599.2766723632812,82.90975952148438,255.6499938964844,-0.0101154457751343,0.0061911368097682,0.0113827644497721,-3.1019013552974783,-2.165260053164497,-1.6895720431361136,-3.8190668522958178,-0.21714967464085752,-1.8483424432368116,24.218202640520325,0.7144511540748245,55.94269402231961,0.26980155160589464,148.49482967994823,0.0157472943192808,0,4,0.0157472943192808,GLD
2025-01-31,2025-01-31,0,R0: Calm / risk-on,593.2147216796875,83.42306518554688,258.55999755859375,-0.0017446855357883,0.0208352919786933,0.0206528325661841,-0.3556927045964915,0.09628928856747211,-1.781846323501113,-5.15610624114685,1.7508554759799995,0.4508237200642864,35.79159719428652,0.5918670516793468,54.77892637030217,0.33044466868692574,101.9419304388858,0.07768827963372742,0,5,0.07768827963372742,TLT
2025-02-07,2025-02-07,0,R0: Calm / risk-on,592.1797485351562,85.16120910644531,263.8999938964844,0.0148641457522376,-0.0013440838540617,0.0090565164975904,-1.368681844953109,0.21365267258277307,-0.1221238369280722,-5.8492277261873316,1.2100470130100875,-1.7517153789961208,35.77960064339636,0.7100930348859139,73.05177466303225,0.2261671051335426,114.30950129644698,0.06373985998054345,0,6,0.06373985998054345,SPY
2025-02-14,2025-02-14,0,R0: Calm / risk-on,600.9819946289062,85.04674530029297,266.2900085449219,-0.0160078379207044,0.0051598390167544,0.0167110351371009,-2.7051487202711733,-1.7708745035575197,-0.8344094612731142,-4.706470651110283,-2.1674454074953435,-0.7254207280481229,30.19324452819313,0.6893683810079704,58.36942037177185,0.29028650805178285,144.9602600781189,0.020345110940246734,0,7,0.020345110940246734,GLD
2025-02-21,2025-02-21,0,R0: Calm / risk-on,591.361572265625,85.4855728149414,270.739990234375,-0.0096010184058653,0.0314694685698451,-0.0275910522647078,1.0457578657978954,1.7975896264059004,-1.1128343607416074,-6.221953503337426,1.6603806750945143,0.46521305869617463,56.38742117687421,0.5041740441310627,74.93493785392981,0.28531087966085994,84.83909727174031,0.21051507620807733,0,8,0.21051507620807733,TLT
2025-02-28,2025-02-28,2,R2: Stress / risk-off,585.6838989257812,88.1757583618164,263.2699890136719,-0.0307313217335211,-0.0220315637472287,0.0194478134554856,2.4606692636038963,2.5291890594110495,-0.8622115555438536,-5.913145257091348,0.869410698491642,-0.40096268437301175,66.1785431669387,0.3525105208577069,75.75458033745564,0.2627309546751311,63.32689161122298,0.384758524467162,1,1,0.384758524467162,GLD
2025-03-07,2025-03-07,2,R2: Stress / risk-off,567.68505859375,86.23310852050781,268.3900146484375,-0.0227635837707795,0.0006657674161658,0.0255224680952093,5.2408097055948195,3.521609004540186,-3.258849084540209,-4.204420355760107,1.2428645055751237,-1.204540489047844,105.63734071991625,0.1127743247920621,88.96170336742537,0.1881558985467292,46.20491936146178,0.6990697766612086,0,2,0.6990697766612086,GLD
2025-03-14,2025-03-14,2,R2: Stress / risk-off,554.7625122070312,86.29051971435547,275.239990234375,0.0050932812893151,0.0058778432453121,0.0118078771810468,5.411380174340249,3.638617853871293,-1.8777219985011884,-3.6942485509145984,-0.16986123160637892,-3.993861897151799,110.44913663003283,0.09410449952236553,97.86510332517706,0.13847509426136112,42.08189004042573,0.7674204062162733,0,3,0.7674204062162733,GLD
2025-03-21,2025-03-21,2,R2: Stress / risk-off,557.5880737304688,86.79772186279297,278.489990234375,-0.0147523026322631,-0.0061742583625149,0.020000745159749,3.3300559393577056,1.8626709125904957,-1.33846223109269,-3.0864045053177303,-0.7276658623968361,-3.6371952776770646,63.62752579352577,0.25389131278760074,59.23188561381445,0.29056771236581197,44.583623585781574,0.4555409748465873,0,4,0.4555409748465873,GLD
2025-03-28,2025-03-28,2,R2: Stress / risk-off,549.3623657226562,86.26181030273438,284.05999755859375,-0.0906669697524196,0.0337664821003973,-0.0152784495359836,4.135294240737589,3.505537309401069,-1.1961265607313905,-2.8180725993116305,1.7408406298957009,-2.4384503766849166,74.96974418335951,0.16327754403088507,75.14554219747919,0.16239881149721913,28.76698666835909,0.6743236444718957,0,5,0.6743236444718957,TLT
2025-04-04,2025-04-04,2,R2: Stress / risk-off,499.5533447265625,89.17456817626953,279.7200012207031,0.0567209575155149,-0.0641895490434912,0.0651007842685877,13.024604741965337,7.62984707236328,0.4766365561635403,-6.110584326128485,6.009780199707721,0.9811497778113729,373.2704718342727,0.0018932639794091441,316.6953131310543,0.010750545277923674,169.44439197341055,0.9873561907426672,0,6,0.9873561907426672,GLD
2025-04-11,2025-04-11,2,R2: Stress / risk-off,527.8884887695312,83.45049285888672,297.92999267578125,-0.0141026775003829,0.0073655906556422,0.027489687653968,9.3479487147775,5.396225828411153,-5.397275251591597,1.9441711368630825,-6.2211497594324,-3.3150294376162717,265.6557201130163,0.005609187466391278,202.51392035521306,0.03896377352780686,98.2826352745115,0.9554270390058018,0,7,0.9554270390058018,GLD
2025-05-02,2025-05-02,1,R1: Growth / trend,560.3365478515625,84.5672836303711,297.9800109863281,-0.0042698948233407,-0.0077511616999129,0.029733488908318,3.8548356367640486,-1.07191311114213,-2.8915115563461646,2.3876108963275824,-4.268477141068028,-4.724086257283641,104.1938050276909,0.1674651202694009,62.36740516401748,0.6046775465348521,94.16186228751951,0.22785733319574697,1,1,0.22785733319574697,GLD
2025-05-09,2025-05-09,1,R1: Growth / trend,557.9439697265625,83.91178894042969,306.8399963378906,0.0529113083247843,-0.0086156403708655,-0.0410637669596389,2.9958023136131615,-2.349080045287941,-1.8169120645296013,1.1963236975833713,-1.680438029282302,-4.681792257805314,69.70741289608954,0.22708626742035273,34.6776863984835,0.6655519928243272,94.11176977666966,0.10736173975531998,0,2,0.10736173975531998,SPY
2025-05-16,2025-05-16,1,R1: Growth / trend,587.4655151367188,83.18883514404297,294.239990234375,-0.0253954401204774,-0.0202782956689946,0.0527121067169373,-0.07899058347564591,-4.194576695943207,-3.7388242096913125,2.5559755460830282,-3.819323273644111,-3.5619058830680657,78.36309660927762,0.3026939781936466,52.26408848916144,0.6744301609663581,162.49802421428177,0.022875860839995436,0,3,0.022875860839995436,GLD
2025-05-23,2025-05-23,1,R1: Growth / trend,572.5465698242188,81.50190734863281,309.75,0.0177515240757977,0.020461463659938,-0.0198547018449858,1.50064898620162,-1.909814926050855,-2.9923416978379707,0.17999556918812332,1.2680101958500378,-1.4075169215497096,35.35005150317037,0.3301943504414364,16.072151456525948,0.5967174452924291,84.47679049952247,0.07308820426613452,0,4,0.07308820426613452,TLT
2025-05-30,2025-05-30,1,R1: Growth / trend,582.7101440429688,83.1695556640625,303.6000061035156,0.0165423656948799,-0.0070965581770814,0.0052041717407835,0.8612678530479082,-2.8393608676952744,-1.7412337119655197,0.06026211276670105,-0.06155559834948525,-3.0075910211951085,33.69460709378019,0.36391596628722694,17.985979853793783,0.5894096323073453,100.59908343974394,0.046674401405427814,0,5,0.046674401405427814,SPY
2025-06-06,2025-06-06,1,R1: Growth / trend,592.3495483398438,82.57933807373047,305.17999267578125,-0.0035717468886059,0.0114823400458932,0.0364047976137928,0.05416973109247091,-4.169518924915439,-2.6596539878191985,1.141329035044768,-1.421006407246645,-2.537787453789491,45.05041144416965,0.32879647278043733,22.824328881740737,0.6504730308583344,135.08808131480157,0.02073049636122819,0,6,0.02073049636122819,GLD
2025-06-13,2025-06-13,1,R1: Growth / trend,590.2338256835938,83.52754211425781,316.2900085449219,-0.0016132749958093,0.0018531945478867,-0.019475808579753,1.4789679453084714,-2.8169593383578087,-0.5719850740574692,-1.2169483734339188,2.7658796481547117,-1.6414379492262998,35.45054316651099,0.3564787954979136,18.625961733687543,0.5974848796261762,102.1307876691285,0.04603632487591009,0,7,0.04603632487591009,TLT
2025-06-20,2025-06-20,1,R1: Growth / trend,589.2816162109375,83.68233489990234,310.1300048828125,0.0347141677861455,0.010405882857599,-0.0287298988225153,1.0093465094740182,-3.011511122102114,-2.0888354323263423,-0.40784052625342376,1.4725982139294105,-2.100649416575441,34.05104632595445,0.3501958898605177,15.975399806554712,0.6099336048815565,104.83639153735793,0.039870505257925744,0,8,0.039870505257925744,SPY
2025-06-27,2025-06-27,1,R1: Growth / trend,609.738037109375,84.5531234741211,301.2200012207031,0.016961950152293,-0.0010933407275421,0.0196534539663479,-0.8671935046163073,-4.3091769692260256,-1.3489889802465627,-0.42311778009053513,-0.341160508054347,-1.814787658185007,28.15227213656395,0.4229603351975834,18.830315614094346,0.563084095215452,139.2857866199355,0.013955569586964575,0,9,0.013955569586964575,GLD
2025-07-18,2025-07-18,0,R0: Calm / risk-on,622.301513671875,82.78057861328125,308.3900146484375,0.0151694013253316,0.0139606437328068,-0.0032102879630578,-4.102880324781606,-3.22390586242802,-2.2594528239571545,-1.090814416475367,1.5331448002798225,-1.558255800318736,23.02956766325369,0.727266368588104,55.93449128330042,0.26486753637748006,170.49734381130455,0.007866095034415866,1,1,0.007866095034415866,SPY
2025-07-25,2025-07-25,0,R0: Calm / risk-on,631.741455078125,83.93624877929688,307.3999938964844,-0.0241407814847119,0.0199665651428888,0.0055627569584597,-3.8500555179571734,-2.744592699058128,-0.6756895759623862,-1.4346822272787272,0.41656158542963245,-1.3863020755772462,12.56829461504789,0.7384885763991528,47.731525501540624,0.2509417260936866,150.91068398601317,0.010569697507160664,0,2,0.010569697507160664,TLT
2025-08-01,2025-08-01,0,R0: Calm / risk-on,616.49072265625,85.61216735839844,309.1099853515625,0.0248665819718938,-0.0060350093099248,0.0127462800560296,-0.1050690072084071,-0.4664700795995856,1.1491213563754255,-4.066556274261426,3.213869554071566,0.34250133426736806,30.327977151846554,0.5997174795301676,49.659467538859445,0.33130896114101427,100.78362888963437,0.06897355932881823,0,3,0.06897355932881823,SPY
2025-08-08,2025-08-08,0,R0: Calm / risk-on,631.8207397460938,85.09549713134766,313.04998779296875,0.0098246180766905,-0.0101959567090088,-0.0179523888718506,-3.2789780929156995,-2.9785418817322613,0.4291453345155516,-1.54149367204655,-0.3557519420576973,-2.726092617363788,17.700829289546903,0.7129338034757293,48.79339076601702,0.2745020188654522,149.264718757989,0.012564177658818515,0,4,0.012564177658818515,SPY
2025-08-15,2025-08-15,0,R0: Calm / risk-on,638.0281372070312,84.22786712646484,307.42999267578125,0.0029063123926611,0.0075232463293422,0.0102462153060205,-2.9776759281723124,-2.4465064394159777,-1.0251403642072965,-1.2805494219844662,0.33721686539799056,-1.104909816291239,9.72423307107235,0.6834541597882152,36.50096591962999,0.30042858324316707,131.7993959545129,0.016117256968617537,0,5,0.016117256968617537,GLD
2025-08-22,2025-08-22,0,R0: Calm / risk-on,639.8824462890625,84.86153411865234,310.5799865722656,-0.0004030014210449,-0.005169572050489,0.0241162376063479,-2.0440591957019087,-1.6281670891695286,0.4231024863958345,-2.4286370661016816,0.5618266529598139,-0.8662438405722839,8.100101469841778,0.673979662422184,34.75241329261318,0.2973975195496015,111.01102464071066,0.028622818028214574,0,6,0.028622818028214574,GLD
2025-08-29,2025-08-29,0,R0: Calm / risk-on,639.6245727539062,84.42283630371094,318.07000732421875,0.0033950694152806,0.0265208798180285,0.0408085646865756,-2.7512270693276686,-2.3280994633667413,0.31868216939290406,-2.4486060072148916,2.3422012687048728,-0.3192618567759284,14.041463993205829,0.7069716471253997,44.509349380795484,0.277476408729814,138.38190422609975,0.015551944144786313,0,7,0.015551944144786313,GLD
2025-09-05,2025-09-05,0,R0: Calm / risk-on,641.796142578125,86.66180419921875,331.04998779296875,0.0157128907253012,0.0156954841545018,0.0132005008183191,-0.7556988634816532,-1.8553479927498242,2.943586998852626,-3.7548014717797504,1.8253312838422826,-1.0525236818506651,28.933067099915597,0.625710862640307,48.92847589249355,0.3386953916535202,122.32244436680696,0.035593745706172936,0,8,0.035593745706172936,SPY
2025-09-12,2025-09-12,0,R0: Calm / risk-on,651.880615234375,88.02200317382812,335.4200134277344,0.0123668450243306,-0.0103391458254241,0.0112097641688782,-2.2591364889175027,-3.5281072402080724,2.6800138552791837,-2.4176588770536465,0.8225836333033801,-2.2971984392795437,27.375514875165404,0.6598393352663493,50.185755739660124,0.32760345878245895,156.4362724545827,0.012557205951191884,0,9,0.012557205951191884,SPY
2025-09-19,2025-09-19,0,R0: Calm / risk-on,659.9423217773438,87.11193084716797,339.17999267578125,-0.0028325562231473,-0.0013477918730488,0.0222890433452549,-1.5436944556580428,-4.477441250221749,0.7182387851071678,-2.365033942003215,-0.07547919623688253,-1.7517311943747378,28.516764590487288,0.5153369355856244,31.191508704246356,0.47471560267852153,157.11498662434627,0.00994746173585418,0,10,0.00994746173585418,GLD
2025-09-26,2025-09-26,0,R0: Calm / risk-on,658.072998046875,86.99452209472656,346.739990234375,0.0111661541395238,0.0088986266751303,0.0314357291372557,-1.547931855793098,-2.734832234999221,0.6164996927834017,-2.44883883841147,-0.02873556997663025,-1.546640495831724,15.523971394501123,0.5963171554353371,30.032102602759274,0.3820017340991823,123.4952770545543,0.021681110465480557,0,11,0.021681110465480557,GLD
2025-10-03,2025-10-03,0,R0: Calm / risk-on,665.421142578125,87.7686538696289,357.6400146484375,-0.0241927820470251,0.0138735935016762,0.0320992618234703,-2.012071488658995,-3.462400074762489,1.7842736897026432,-3.0275029394930426,1.276250313341105,-2.891112590555024,30.247140175128628,0.6484882220809736,51.48986824730694,0.33783864173856537,155.9690414135294,0.013673136180460966,0,12,0.013673136180460966,GLD
2025-10-10,2025-10-10,1,R1: Growth / trend,649.32275390625,88.98632049560547,369.1199951171875,0.0174114706353449,0.006400159813231,0.0538307200369332,4.970360860162665,1.2266026826614815,2.0423463254507337,-5.0154175495984825,2.7622202437936054,-0.48532961427861043,91.6549236310145,0.21708474093195163,73.68185967712886,0.37690617951290634,71.25880006051653,0.4060090795551421,1,1,0.4060090795551421,GLD
2025-10-17,2025-10-17,1,R1: Growth / trend,660.62841796875,89.55584716796875,388.989990234375,0.0193560707689102,0.0029607444507977,-0.0294866230716944,2.794578506754397,-2.4295925098208793,2.821985923286352,-3.7350858964324134,-0.9737529247920735,-1.8559109972345003,58.8007357844361,0.3017995912018926,35.15846625755362,0.6235917748655837,104.32746148612028,0.07460863393252384,0,2,0.07460863393252384,SPY
2025-10-24,2025-10-24,1,R1: Growth / trend,673.4155883789062,89.82099914550781,377.5199890136719,0.0071022648739387,-0.0129006003388425,-0.0248993276383676,0.7021334404747711,-3.7078889263793373,1.5011694589742306,-1.7567567431146727,-4.239782364125749,-2.414620011877526,54.919313908403474,0.34737869391115056,35.887079307052815,0.6230562250312666,135.1834782676609,0.029565081057582845,0,3,0.029565081057582845,SPY
2025-10-31,2025-10-31,1,R1: Growth / trend,678.1983642578125,88.6622543334961,368.1199951171875,-0.0162596716477065,-0.0043905334924571,0.0005161426815345,1.4922712519371182,-3.6050833076726247,-1.28560658562616,-2.2849322371398246,-4.01247829747137,-1.0920551541690136,57.053553493776306,0.2560781070927211,23.680031638460093,0.7133197326742753,126.26073530721645,0.030602160233003498,0,4,0.030602160233003498,GLD
2025-12-05,2025-12-05,1,R1: Growth / trend,681.8078002929688,87.20355224609375,386.44000244140625,-0.0057314918914496,-0.0094136944153007,0.0232895143958722,-0.7374832416880213,-4.3258637118072985,-1.640462462880543,-1.5434581764995778,-1.0068646988470307,-0.47275086864398946,30.050454575872944,0.39259842396982503,16.51164612228805,0.5948921079715577,142.32096667528955,0.012509468058617258,0,5,0.012509468058617258,GLD
2025-12-12,2025-12-12,1,R1: Growth / trend,677.9000244140625,86.38264465332031,395.44000244140625,0.0012337582474888,0.00630567198706,0.0090531725423912,0.77694982329582,-3.707070519352208,-1.8412487708890186,-3.8687116580201097,0.29552108936171395,0.8816106270242802,44.507008732246085,0.3204782707725957,20.95677296687582,0.6603183886788007,136.20276054390763,0.019203340548603665,0,6,0.019203340548603665,GLD
2025-12-19,2025-12-19,1,R1: Growth / trend,678.7363891601562,86.9273452758789,399.0199890136719,0.0142816586824037,0.0021701388507953,0.0444088058458043,-0.01876056098679774,-4.857419772341302,-0.9605733603613977,-3.0477032389972045,1.2415049412795465,-1.989607709106602,44.2687782813252,0.3745782906300018,28.165050534588286,0.6140813645266116,158.20504430388738,0.011340344843386658,0,7,0.011340344843386658,GLD
2025-12-26,2025-12-26,1,R1: Growth / trend,688.4298706054688,87.1159896850586,416.739990234375,-0.0103431660037227,-0.008092066999887,-0.0442961844019246,-1.2117532514102483,-5.749207392867396,-0.08868334707774302,-2.6689268565814412,-0.350782039030377,-2.2050286979748055,45.74902479227493,0.417369120782707,35.21353657214381,0.5767290999070493,184.48568429046847,0.005901779310243752,0,8,0.005901779310243752,TLT
2026-01-02,2026-01-02,1,R1: Growth / trend,681.309326171875,86.41104125976562,398.2799987792969,0.0159550146686624,0.0103412764253225,0.0406498003691564,-0.314537330426129,-3.8047761263521167,-2.281613001401799,-2.9175952428531984,-0.41781050280246146,1.4717635648955727,37.21564142102183,0.3688980014063957,20.47947881427015,0.6166245103703982,142.697861423767,0.014477488223205987,0,9,0.014477488223205987,GLD
2026-01-09,2026-01-09,1,R1: Growth / trend,692.1796264648438,87.30464172363281,414.4700012207031,-0.0034722813138657,-0.0014784333814492,0.0164547670618677,-1.0232260722509927,-3.982070415823911,0.1971837055275803,-3.4976235043721204,-0.6656024880329056,-0.262594333324849,29.9174766954422,0.47407696662228155,27.32625265140644,0.5133259154830411,148.10399596552784,0.012597117894677302,0,10,0.012597117894677302,GLD
2026-01-16,2026-01-16,1,R1: Growth / trend,689.7761840820312,87.17556762695312,421.2900085449219,-0.0035133148038901,0.0014806223830057,0.087137104394831,-1.2153178905224615,-3.797419968507314,-1.2118890336660315,-3.1782655499883132,-0.20158480177403482,1.460584278628338,30.268018283951108,0.45860785746954796,25.57322730579912,0.5296988958313343,149.7993984124757,0.01169324669911771,0,11,0.01169324669911771,GLD
2026-01-23,2026-01-23,1,R1: Growth / trend,687.352783203125,87.30464172363281,458.0,0.0039754606543944,-0.0090982465210325,-0.0284934231287525,-0.07601055633498953,-2.5584154208527163,0.006744846924373994,-3.5236088429805377,-0.6682829818710018,-0.20594934888793334,24.948867984921964,0.46280127631708,22.056556399070903,0.5057696508361167,112.56708007585884,0.031429072846803255,0,12,0.031429072846803255,SPY
2026-01-30,2026-01-30,1,R1: Growth / trend,690.0853271484375,86.51032257080078,444.9500122070313,-0.001950937693641,0.0085486645699064,0.023620584244768,0.7532142009850294,-2.994819156479583,-2.127158029076124,-3.2429427463563405,-3.471754617732752,2.893406886731189,59.57214962972417,0.2877927520065651,31.253436330064027,0.6864431376241876,138.1891051985954,0.02576411036924721,0,13,0.02576411036924721,GLD
2026-03-06,2026-03-06,1,R1: Growth / trend,670.5487060546875,88.45999908447266,473.510009765625,-0.0150063670381302,-0.0217047048249667,-0.0267576464413196,4.145309310327469,0.6309822820666667,-2.0849061096501207,-3.2231076249759085,-1.7219839666235288,3.194108348942755,77.4239894936725,0.18509914968373695,41.33492218969668,0.5604255278304391,67.05429936401598,0.254475322485824,0,14,0.254475322485824,SPY
2026-03-13,2026-03-13,1,R1: Growth / trend,660.4862060546875,86.54000091552734,460.8399963378906,-0.018041555783047,-0.0082042879242131,-0.1029858341989052,3.325174630138976,1.0934958055912254,-4.132917103014562,-1.931834769401725,-2.468401919869224,1.4491344219039048,70.80615899450565,0.21093536643761385,43.213554356126586,0.4920329180646529,59.655435723926665,0.29703171549773316,0,15,0.29703171549773316,TLT
