week_end,week_last_trade_date,split,regime,regime_name,x_jm_pc1,x_jm_pc2,x_jm_pc3,x_jm_pc4,x_jm_pc5,x_jm_pc6,x_jm_regime_distance_0,x_jm_regime_distance_1,x_jm_regime_distance_2,x_jm_regime_distance_3,x_jm_regime_score_0,x_jm_regime_score_1,x_jm_regime_score_2,x_jm_regime_score_3,x_jm_regime_duration_weeks,x_jm_stress_score,x_jm_regime_changed,x_regime_0,x_regime_1,x_regime_2,x_regime_3,y_next_return_spy,y_next_return_tlt,y_next_return_gld,y_best_asset_id,y_best_asset
2014-03-28,2014-03-28,train,1,R1: Growth / trend,-0.20193877302424698,-0.3112210799327391,-0.023480034298244575,-0.20991162065970476,-0.13447118131773408,0.12755706166849579,-0.7539682277323152,-0.6721778706640048,-0.5801153121436389,-0.7689872335499811,0.15196815425449567,0.42496918891897917,-0.3306379979792165,-0.23893826530706908,-1.143812085280965,-0.23893826530706908,1,0,1,0,0,0.0049053479585636,-0.0057689309186917,0.0081085593772216,2,GLD
2014-04-04,2014-04-04,train,1,R1: Growth / trend,-0.20193877302424698,-0.3112210799327391,-0.023480034298244575,-0.20991162065970476,-0.13447118131773408,0.12755706166849579,-0.7539682277323152,-0.6721778706640048,-0.5801153121436389,-0.7689872335499811,0.15196815425449567,0.42496918891897917,-0.3306379979792165,-0.23893826530706908,-1.1038028058268363,-0.23893826530706908,0,0,1,0,0,-0.0262337532811506,0.0209292058385566,0.0108306172943919,1,TLT
2014-04-11,2014-04-11,train,1,R1: Growth / trend,-0.20193877302424698,-0.3112210799327391,-0.023480034298244575,-0.20991162065970476,-0.13447118131773408,0.12755706166849579,-0.7539682277323152,-0.6721778706640048,-0.5801153121436389,-0.7689872335499811,0.15196815425449567,0.42496918891897917,-0.3306379979792165,-0.23893826530706908,-1.0637935263727076,-0.23893826530706908,0,0,1,0,0,0.0268856863735698,-0.0061410505271122,-0.017174823130343,0,SPY
2014-04-18,2014-04-17,train,1,R1: Growth / trend,-0.20193877302424698,-0.3112210799327391,-0.023480034298244575,-0.20991162065970476,-0.13447118131773408,0.12755706166849579,-0.7539682277323152,-0.6721778706640048,-0.5801153121436389,-0.7689872335499811,0.15196815425449567,0.42496918891897917,-0.3306379979792165,-0.23893826530706908,-1.023784246918579,-0.23893826530706908,0,0,1,0,0,-0.0005364311075857,0.0116316887267935,0.005450904249906,1,TLT
2014-04-25,2014-04-25,train,1,R1: Growth / trend,-0.20193877302424698,-0.3112210799327391,-0.023480034298244575,-0.20991162065970476,-0.13447118131773408,0.12755706166849579,-0.7539682277323152,-0.6721778706640048,-0.5801153121436389,-0.7689872335499811,0.15196815425449567,0.42496918891897917,-0.3306379979792165,-0.23893826530706908,-0.9837749674644501,-0.23893826530706908,0,0,1,0,0,0.0095016133195469,0.0148520890139636,-0.0029498743975268,1,TLT
2014-05-02,2014-05-02,train,1,R1: Growth / trend,-0.20193877302424698,-0.3112210799327391,-0.023480034298244575,-0.20991162065970476,-0.13447118131773408,0.12755706166849579,-0.7539682277323152,-0.6721778706640048,-0.5801153121436389,-0.7689872335499811,0.15196815425449567,0.42496918891897917,-0.3306379979792165,-0.23893826530706908,-0.9437656880103215,-0.23893826530706908,0,0,1,0,0,-0.0005322640316016,-0.0130422101582426,-0.0076763081977743,0,SPY
2014-05-09,2014-05-09,train,1,R1: Growth / trend,-0.20193877302424698,-0.3112210799327391,-0.023480034298244575,-0.20991162065970476,-0.13447118131773408,0.12755706166849579,-0.7539682277323152,-0.6721778706640048,-0.5801153121436389,-0.7689872335499811,0.15196815425449567,0.42496918891897917,-0.3306379979792165,-0.23893826530706908,-0.9037564085561928,-0.23893826530706908,0,0,1,0,0,0.000479014126439,0.0206758377806886,0.0032232194262462,1,TLT
2014-05-16,2014-05-16,train,1,R1: Growth / trend,-0.20193877302424698,-0.3112210799327391,-0.023480034298244575,-0.20991162065970476,-0.13447118131773408,0.12755706166849579,-0.7539682277323152,-0.6721778706640048,-0.5801153121436389,-0.7689872335499811,0.15196815425449567,0.42496918891897917,-0.3306379979792165,-0.23893826530706908,-0.8637471291020641,-0.23893826530706908,0,0,1,0,0,0.0122311907896686,-0.007398396739002,8.033844361832188e-05,0,SPY
2014-05-23,2014-05-23,train,1,R1: Growth / trend,-0.20193877302424698,-0.3112210799327391,-0.023480034298244575,-0.20991162065970476,-0.13447118131773408,0.12755706166849579,-0.7539682277323152,-0.6721778706640048,-0.5801153121436389,-0.7689872335499811,0.15196815425449567,0.42496918891897917,-0.3306379979792165,-0.23893826530706908,-0.8237378496479354,-0.23893826530706908,0,0,1,0,0,0.0122401131425653,0.0124225371871471,-0.0327684664770195,1,TLT
2014-05-30,2014-05-30,train,1,R1: Growth / trend,-0.20193877302424698,-0.3112210799327391,-0.023480034298244575,-0.20991162065970476,-0.13447118131773408,0.12755706166849579,-0.7539682277323152,-0.6721778706640048,-0.5801153121436389,-0.7689872335499811,0.15196815425449567,0.42496918891897917,-0.3306379979792165,-0.23893826530706908,-0.7837285701938067,-0.23893826530706908,0,0,1,0,0,0.0140130576284993,-0.0194716738415984,0.0014946467219103,0,SPY
2014-06-06,2014-06-06,train,1,R1: Growth / trend,-0.20193877302424698,-0.3112210799327391,-0.023480034298244575,-0.20991162065970476,-0.13447118131773408,0.12755706166849579,-0.7539682277323152,-0.6721778706640048,-0.5801153121436389,-0.7689872335499811,0.15196815425449567,0.42496918891897917,-0.3306379979792165,-0.23893826530706908,-0.743719290739678,-0.23893826530706908,0,0,1,0,0,-0.0063977151482279,0.0050185693652562,0.0194842754516941,2,GLD
2014-06-13,2014-06-13,train,1,R1: Growth / trend,-0.20193877302424698,-0.3112210799327391,-0.023480034298244575,-0.20991162065970476,-0.13447118131773408,0.12755706166849579,-0.7539682277323152,-0.6721778706640048,-0.5801153121436389,-0.7689872335499811,0.15196815425449567,0.42496918891897917,-0.3306379979792165,-0.23893826530706908,-0.7037100112855493,-0.23893826530706908,0,0,1,0,0,0.0141600322475352,-0.0031208963751374,0.0287898580179346,2,GLD
2014-06-20,2014-06-20,train,1,R1: Growth / trend,-0.7502475395137573,-1.099213015924933,-0.2667830314824387,-0.12849480296973212,0.5830282925089326,0.14975726030684539,-0.4486305916261406,-0.3784065132212872,-0.028576397045165312,-0.1854942141240662,0.4192548725094117,0.6644279477862639,-0.8611199794371501,-0.24693443442512672,-0.6637007318314206,-0.24693443442512672,0,0,1,0,0,-0.0006124435185436,0.0128802754934249,0.0012648510838686,1,TLT
2014-06-27,2014-06-27,train,1,R1: Growth / trend,-0.585347277932381,-0.30769088322561483,0.40009465531115834,-0.9128778418544643,-0.9298588521879503,0.6428719595909927,-0.37463372822563534,-0.4819242697988924,-0.39253841752614355,-0.45713476365304573,-0.2742747296530198,0.7486841422686363,-0.17591394398950902,-0.24166828346371236,-0.6236914523772918,-0.24166828346371236,0,0,1,0,0,0.0121539075446772,-0.0200861586365485,0.0039475760740845,0,SPY
2014-07-04,2014-07-03,train,1,R1: Growth / trend,-0.6972209769694206,-1.0006434543397384,-0.5580520530485082,0.006558123167679257,0.8111669636831828,0.04110325404190983,-0.46781578195674345,-0.39194258702360557,-0.0065863478727835765,-0.09469010066435732,0.45116308026187646,0.6837192338447052,-0.9137823622231587,-0.24908584761461983,-0.5836821729231632,-0.24908584761461983,0,0,1,0,0,-0.0080221823611724,0.0262011423361603,0.0127398165345462,1,TLT
2014-07-11,2014-07-11,train,1,R1: Growth / trend,-0.14437704548168886,0.16817275248290697,-0.05548463341270445,-1.4187005964877375,-0.6529589618857506,0.4502169355942822,-0.5431066734805592,-0.5075802296015562,-0.4077097309000828,-0.3985729637025952,0.08938504145515737,0.49330448895297896,-0.32183480920122015,-0.24560532871615748,-0.5436728934690345,-0.24560532871615748,0,0,1,0,0,0.0055947927604351,0.0082759817384605,-0.0205777415048783,1,TLT
2014-07-18,2014-07-18,train,1,R1: Growth / trend,0.1820850084232286,0.10088179508406347,-0.05723397034726647,-1.0660256640504848,0.17920703686805284,-0.1776622626706937,-0.8338433794645481,-0.5568658636735506,-0.5126412138858153,-0.5059168944368309,0.7370244148445019,-0.12039650338929067,-0.42875846865157347,-0.24668658275365501,-0.5036636140149058,-0.24668658275365501,0,0,1,0,0,5.074481430833444e-05,0.0100415838913285,-0.0026956025156132,1,TLT
2014-07-25,2014-07-25,train,1,R1: Growth / trend,0.18532938413873176,0.03838040980875251,0.22645750418290933,-1.0005189932969274,0.25532486798032333,0.12931503298930574,-0.8162803150358451,-0.5592637562026689,-0.5695685944933139,-0.5721977661863815,0.6057527507292949,-0.13887887842487656,-0.26519301231376446,-0.24505897795570877,-0.4636543345607771,-0.24505897795570877,0,0,1,0,0,-0.0264013095451706,-0.0069821865609612,-0.011209187151976,1,TLT
2014-08-01,2014-08-01,train,1,R1: Growth / trend,1.2008073292212753,1.1658017659104558,-1.06695876230131,-0.3025750561963839,-1.290844569770694,-0.8224848117176509,0.06553888973367795,0.1966754208130441,0.11343502067768735,-0.49101367811287444,0.38057540625456493,-0.2165717714895999,-0.010403866454909844,-0.17763701053616965,-0.4236450551066484,-0.17763701053616965,0,0,1,0,0,0.0038445654562893,0.0083800622058884,0.0145522208390187,2,GLD
2014-08-08,2014-08-08,train,1,R1: Growth / trend,0.9421505479401414,0.25571326065030203,0.2736473630623388,0.036573832415039594,0.13222005946474438,0.8059234456673745,-0.5508628897272356,-0.3456845201065225,-0.5455777617903581,-1.1534855049640782,0.2237753642742949,-0.40757818285683006,0.346242818854122,-0.16819354099186745,-0.3836357756525197,-0.16819354099186745,0,0,1,0,0,0.0128333399636337,0.0189574796631313,-0.0056264289621701,1,TLT
2014-08-15,2014-08-15,train,1,R1: Growth / trend,0.6266840049044267,-0.20781784221041416,0.505331976312652,-0.7376313762735466,0.3427089838808693,0.5275341026769067,-0.7709334934976706,-0.4048482260350135,-0.4937798344124718,-1.0466001082284195,0.8835130652501345,-0.5216885101818748,-0.2362016934398847,-0.20488567778460876,-0.343626496198391,-0.20488567778460876,0,0,1,0,0,0.0177298570347381,-0.0035674334541229,-0.0182499271139907,0,SPY
2014-08-22,2014-08-22,train,1,R1: Growth / trend,0.22120997429286038,-0.825620213923719,0.37510400199672594,0.0015576110810786967,0.3484318759997606,-0.18947173923131513,-0.8431328001602917,-0.4652015580824788,-0.4386479715200734,-1.1511629511653905,1.0497129360867938,-0.42396739878526973,-0.5306338482122132,-0.19552220048014368,-0.3036172167442623,-0.19552220048014368,0,0,1,0,0,0.0076309498790285,0.015005607400736,0.0054387381740981,1,TLT
2014-08-29,2014-08-29,train,1,R1: Growth / trend,0.2552693468729954,-0.8694815991974763,0.3440672000297891,-1.2482973308486398,-0.2660311275965863,0.4311669637558656,-0.7124434472851479,-0.31771248907609334,-0.18065800930379644,-1.1814256038437612,1.2576856037601651,-0.44679680484948997,-0.7852489586151938,-0.15516665083599512,-0.2636079372901336,-0.15516665083599512,0,0,1,0,0,0.0019927756319002,-0.0256702045004558,-0.0145325613021785,0,SPY
2014-09-05,2014-09-05,train,1,R1: Growth / trend,0.11535123885207048,-0.7895491637106125,-0.20626049301094843,0.7275790702773334,0.3486142699601776,-1.8288537057680196,-0.6950593161438481,-0.2659750767731419,-0.17966958500973584,-0.734698697886617,1.3729691543910414,-0.5553573965717913,-0.7285061530407209,-0.22402997440366942,-0.2235986578360049,-0.22402997440366942,0,0,1,0,0,-0.0098455838239804,-0.0203052212306906,-0.0301491100998037,0,SPY
2014-09-12,2014-09-12,train,0,R0: Calm / risk-on,0.2317138655870616,-0.5604768688603547,-1.1860588167004364,1.3350517515068843,-0.08343253629398682,-2.504649306064977,-0.25524485444212414,0.07146906821049469,0.28064539718649006,-0.45355886286076974,1.2912226585223279,-0.33969143389389755,-0.8687162039183327,-0.21047906811761571,-1.143812085280965,-0.21047906811761571,1,1,0,0,0,0.0125952719286914,0.0107594420733201,-0.0108971189851085,0,SPY
2014-09-19,2014-09-19,train,0,R0: Calm / risk-on,0.3006771926294623,-0.6102820980448411,-0.5930105127861043,0.39445581939917307,0.2780163341257542,-1.2297673028973626,-0.8063720190975945,-0.3987728164460493,-0.23815781950743037,-0.9517626948453727,1.3209692577732859,-0.4184669870403658,-0.8196232918805318,-0.2134105646196674,-1.1038028058268363,-0.2134105646196674,0,1,0,0,0,-0.0139506777883147,0.0122168435165217,-0.0002562027520291,1,TLT
2014-09-26,2014-09-26,train,0,R0: Calm / risk-on,0.9178135188366733,0.2735800718987466,-0.7141877492874337,-0.11920374784715239,-0.25044216711814304,-1.375000920321813,-0.6429925867511944,-0.21000690219707724,-0.21068511865279993,-0.8721325872773673,1.2943099037459684,-0.6441930907791443,-0.5737354487929253,-0.2039074763875396,-1.0637935263727076,-0.2039074763875396,0,1,0,0,0,-0.0069734335847106,0.0171839195488745,-0.02092941226157,1,TLT
2014-10-03,2014-10-03,train,0,R0: Calm / risk-on,0.9512921113394496,0.3341501723266428,-0.25703333433789216,-0.4658414629574329,1.0661662913933256,-0.9415537445482378,-0.7302527689562077,-0.19550049057644137,-0.2764324882897747,-0.38916482265741814,1.5308159910796124,-0.903706459744391,-0.5330452438081006,-0.24399095619392866,-1.023784246918579,-0.24399095619392866,0,1,0,0,0,-0.0304296310598259,0.0199655336042943,0.026001184117173,2,GLD
2014-10-10,2014-10-10,train,0,R0: Calm / risk-on,1.7834158250020193,1.7929413116216377,-0.253164159859703,-1.1815348731572313,-0.5855886095754972,-0.5076708901410592,0.5859588198681804,0.8416464540137905,0.47253649407134063,0.34506895097206014,0.49931571432674177,-0.9530756428608472,0.647173409357322,-0.22331225226122786,-0.9837749674644501,-0.22331225226122786,0,1,0,0,0,-0.0108634214799258,0.0084965937687488,0.0119057876475821,2,GLD
2014-10-17,2014-10-17,train,0,R0: Calm / risk-on,1.5440487966998382,1.109440101073169,0.35864227476373933,-0.5953154028949451,0.6041153782930747,-0.012227419136811545,-0.1071956566955176,0.26756779048401075,-0.1299363446758544,-0.2050020795115148,0.5940538092079449,-1.0369175638582357,0.633713437513209,-0.2307784319804035,-0.9437656880103215,-0.2307784319804035,0,1,0,0,0,0.0422343258626498,-0.011150836757073,-0.0053785982110963,0,SPY
2014-10-24,2014-10-24,train,0,R0: Calm / risk-on,0.7815006263237542,-0.49394262320593985,0.5729912601053813,0.3580764754989557,2.2590358349791746,0.14291782720015056,-0.5103017463031406,-0.0029382816921504013,-0.1432849576851695,-0.36228912310518474,1.4244345041424797,-0.9390312378272919,-0.38640602861202744,-0.23697500851446796,-0.9037564085561928,-0.23697500851446796,0,1,0,0,0,0.0266257410868211,-0.0039255956704183,-0.0480776923140892,0,SPY
2014-10-31,2014-10-31,train,0,R0: Calm / risk-on,0.4789974210504965,-0.923130671324977,-0.21191835967364722,-0.01388191166375719,1.4222575716845505,-1.255877680206393,-0.8101991193567623,-0.14779348475922263,-0.002872295259914674,-0.6228722245328893,2.1400908380289674,-1.0929432549756462,-1.0357156818824482,-0.23389064561187933,-0.8637471291020641,-0.23389064561187933,0,1,0,0,0,0.0083308305685017,0.0066409397263131,0.0027516203489883,0,SPY
2014-11-07,2014-11-07,train,0,R0: Calm / risk-on,0.19866087009451217,-0.2957171373054412,0.7547532732724124,-0.48050853014996175,0.9634020349516857,-1.7361209919814442,-0.8167010923647343,-0.25127184934863206,-0.39656885862031865,-0.1645631561567957,1.5105536244214057,-0.986249851183741,-0.42005303320368115,-0.2506801754278477,-0.8237378496479354,-0.2506801754278477,0,1,0,0,0,0.0044260265339275,-0.0021709865584316,0.0132778612356525,2,GLD
2014-11-14,2014-11-14,train,0,R0: Calm / risk-on,0.20805974317439963,-0.3861963360656872,0.6354982658783593,-0.9505391942457442,0.6995792631053482,-1.8504928715958628,-0.8272270197072212,-0.19837970948934636,-0.2705245201498277,-0.20448976845919392,1.8246821582950057,-1.07895612439455,-0.6794073588326585,-0.24968603588968505,-0.7837285701938067,-0.24968603588968505,0,1,0,0,0,0.0119464246902452,0.0051049475685218,0.0080370241909188,0,SPY
2014-11-21,2014-11-21,train,0,R0: Calm / risk-on,0.13857713658162268,-0.30573579723350497,0.838278517768164,-0.8001749582801768,0.4727243435856115,-1.5498093430581328,-0.8225059234442526,-0.2937981796042567,-0.4277901359279222,-0.318438413595604,1.3969251924230355,-0.9002965460429736,-0.3817342688014079,-0.2484690300596027,-0.743719290739678,-0.2484690300596027,0,1,0,0,0,0.002516498469824,0.0198997406311192,-0.0284253297222143,1,TLT
2014-11-28,2014-11-28,train,0,R0: Calm / risk-on,0.4015463459841377,-0.3001123848026079,0.8203335084274599,-1.686382393400537,0.4749272392794244,-1.1686674493353362,-0.7593154786953799,-0.11284640912825478,-0.19909953469330643,-0.3032803216046978,1.8831639262225082,-1.1381486994479642,-0.689347853314257,-0.2461227193445024,-0.7037100112855493,-0.2461227193445024,0,1,0,0,0,0.0038608136357591,-0.0091887889697281,0.0206939584532479,2,GLD
2014-12-05,2014-12-05,train,0,R0: Calm / risk-on,0.11054949176699728,-0.054795359955228294,1.324640114203309,-0.272306210493852,0.7239650156845475,-2.0971374632335986,-0.602608414561556,-0.11201389368144338,-0.44778016112030133,0.12109416220760935,0.9647541277118786,-1.0475133910632937,0.2538155460045403,-0.25239530746922917,-0.6637007318314206,-0.25239530746922917,0,1,0,0,0,-0.0341828428699069,0.0430257582603264,0.0260421510878805,1,TLT
2014-12-12,2014-12-12,train,0,R0: Calm / risk-on,1.2242447401414596,1.8464142097062597,0.9137185166599995,-2.2686168933513846,-1.2111285024006635,-1.301251996532621,0.7310258147592613,0.9998314352903794,0.46348120792346137,0.9956205592947298,0.2199151549283444,-1.21069356930786,1.2469024948771597,-0.24896414306426343,-0.6236914523772918,-0.24896414306426343,0,1,0,0,0,0.0336993245268451,-0.0034040646440519,-0.0224853669763998,0,SPY
2014-12-19,2014-12-19,train,0,R0: Calm / risk-on,0.5756505795978961,0.45268849341683737,1.4860169172140185,0.2222156175339982,1.8791435840652828,-1.168139474656418,-0.3547140407368057,0.06881430702058457,-0.45148091116482103,0.48452474921770916,0.3893555439675758,-1.2081326849251692,1.060288373408928,-0.25387346480328044,-0.5836821729231632,-0.25387346480328044,0,1,0,0,0,0.009296897792473,-0.0095069748173377,0.0005228299184749,0,SPY
2014-12-26,2014-12-26,train,0,R0: Calm / risk-on,0.49265492755523366,-0.23962565602964547,0.7856187764634632,-0.1827402612123127,1.8248785062237691,-0.8339858179300192,-0.7370503822033198,-0.18436067354885702,-0.3749279616134092,-0.13530628121362456,1.4202832586791307,-1.0091043130440316,-0.296708191704716,-0.25017240703225496,-0.5436728934690345,-0.25017240703225496,0,1,0,0,0,-0.014440706061184,0.0233903880326455,-0.0065313941308078,1,TLT
2015-01-02,2015-01-02,train,0,R0: Calm / risk-on,0.8371215449971191,0.7770133883880889,0.6971420614085952,-1.1970723396782286,0.7004498389648743,-1.1524730805187529,-0.5443400771665472,-0.042191838574649934,-0.3681900384093707,0.10284598561038961,1.049854789980799,-1.068070612229659,0.1783172728827716,-0.25153326959687206,-0.5036636140149058,-0.25153326959687206,0,1,0,0,0,-0.0057439423835248,0.0294531940968083,0.0278751775432577,1,TLT
2015-01-09,2015-01-09,train,0,R0: Calm / risk-on,1.087371016615958,1.061485244807235,0.9748999677164991,-1.479590443984285,1.4276957116316444,-0.8820233749524857,-0.1891680465456459,0.3505895947127167,-0.08389545769109501,0.7329076159564714,1.0749523476126936,-1.2803597684314614,0.3658741841726925,-0.2537490229066401,-0.4636543345607771,-0.2537490229066401,0,1,0,0,0,-0.0128273826438146,0.0161745315934704,0.0448575337797194,2,GLD
2015-01-16,2015-01-16,train,0,R0: Calm / risk-on,1.259426797461315,1.1356203373479852,1.3096739924598464,-1.1763523978807706,0.9497792736256163,-0.6452547196563359,-0.06823104394205454,0.40750335351550615,-0.1572786323238474,0.4322775852973028,0.558612209657262,-1.347289886521309,1.007506378108865,-0.25099358510684244,-0.4236450551066484,-0.25099358510684244,0,1,0,0,0,0.0165650879665908,0.0118631047844801,0.013956960175643,0,SPY
2015-01-23,2015-01-23,train,0,R0: Calm / risk-on,0.9276257712723369,0.09401608448006049,1.3884952298938347,-0.9713029627292573,2.170044476526145,0.025256709604593485,-0.34136967235201027,0.25341346028856254,-0.10527005098950289,0.2526111305384616,1.3872978129986682,-1.2761343380503547,0.008544090962706547,-0.25038319072773263,-0.3836357756525197,-0.25038319072773263,0,1,0,0,0,-0.0269306569697388,0.0260444691900663,-0.0062787280657983,1,TLT
2015-01-30,2015-01-30,train,0,R0: Calm / risk-on,1.5238706180926798,0.8732891867332944,0.29991155773596045,-2.0911200521937965,1.0862971404656463,-0.6317580984291303,-0.06048679136255914,0.6196421879105792,0.38054421741718975,0.4315089256901548,1.9957546087136213,-1.3982320740637033,-0.5526176551008761,-0.24747523740934213,-0.343626496198391,-0.24747523740934213,0,1,0,0,0,0.0305840442496565,-0.0510218655965507,-0.038963124159577,0,SPY
2015-02-06,2015-02-06,train,0,R0: Calm / risk-on,0.5501471539006915,-0.4473619266546969,0.6002795715093423,1.2594350043918137,2.248052812143974,-2.7095347628847284,-0.17501782963835588,0.47094612357704585,0.22320021376181268,0.5174727427985953,1.83937086775662,-1.3258968394133117,-0.4463249368075561,-0.2510846249747305,-0.3036172167442623,-0.2510846249747305,0,1,0,0,0,0.020578662612821,-0.0211513984150514,-0.0055630144648536,0,SPY
2015-02-13,2015-02-13,train,0,R0: Calm / risk-on,0.2929576324368567,-0.7283276889686227,0.5479633583951405,0.7695457940520786,1.2719655839325197,-2.1324932351786376,-0.6005901378492254,-0.019157451692499234,-0.14208485326427034,-0.2874651312779869,1.6746564427816282,-1.059910980885694,-0.5385670831580016,-0.2426526131662128,-0.2636079372901336,-0.2426526131662128,0,1,0,0,0,0.0069596155567319,-0.0128714621262411,-0.0228852729345006,0,SPY
2015-02-20,2015-02-20,train,0,R0: Calm / risk-on,0.17850006808728602,-0.6060625389462091,0.3193718218706789,0.995255944616781,1.0646962688080934,-2.722185691309007,-0.4702321825458824,0.06565961577534575,-0.040937889326140495,-0.04541812538917059,1.5959156708825868,-0.9862055191605544,-0.5202252561787577,-0.24649907737208898,-0.2235986578360049,-0.24649907737208898,0,1,0,0,0,-0.0027455731917198,0.0236285349062566,0.0076336302232034,1,TLT
2015-02-27,2015-02-27,train,0,R0: Calm / risk-on,0.23492517907599353,-0.6067397586572767,0.23703961966096054,-0.6055006513862554,0.797835676669928,-1.547008355263862,-0.9051234249431219,-0.2967052450720992,-0.25715323486227815,-0.4914380295853325,1.860888707915762,-0.9697596952960141,-0.8349691734760015,-0.2448158533218709,-0.1835893783818762,-0.2448158533218709,0,1,0,0,0,-0.0150001399438125,-0.0446940932473837,-0.0370179314410649,0,SPY
2015-03-06,2015-03-06,train,0,R0: Calm / risk-on,0.2223353199647286,-0.11297077009100336,-0.5459088075714839,1.3204127450096483,0.7652876861403144,-4.236116386465607,0.13860895554615535,0.6279022801654387,0.5844822150399256,0.865380411065937,1.7535939456473542,-1.0036406675471707,-0.6732226970566427,-0.2517527454199438,-0.1435800989277475,-0.2517527454199438,0,1,0,0,0,-0.0080485463023616,0.0260724413875705,-0.008760981151317,1,TLT
2015-03-13,2015-03-13,train,0,R0: Calm / risk-on,0.5082128467649117,0.40289390509572026,0.05560510457961701,0.35116964773984516,0.048268430879893374,-1.7877320611953802,-0.6762587772050274,-0.34027998506461055,-0.543474294578281,-0.47896747188197003,0.6424487990301511,-0.6046526107643655,0.1598131514909225,-0.243589853500645,-0.1035708194736188,-0.243589853500645,0,1,0,0,0,0.0268144693309591,0.0378004142735706,0.0242604843798672,1,TLT
2015-03-20,2015-03-20,train,0,R0: Calm / risk-on,0.366354571774562,-0.39516175014912125,0.7690041621001045,-0.4045725110926833,0.8934675818830592,-0.47893085385946943,-0.8639869213898307,-0.3924057971639427,-0.5232852830396767,-0.679271151508607,1.1775901118781447,-0.7654097180016411,-0.28179307348696153,-0.2395490038753596,-0.0635615400194901,-0.2395490038753596,0,1,0,0,0,-0.0221947199466878,-0.0034218808169569,0.0131196431079805,2,GLD
2015-03-27,2015-03-27,train,0,R0: Calm / risk-on,0.45639973776374876,0.25364592658205704,0.3011160658799553,0.3363144645300521,0.7485038743965264,-1.6253557827066012,-0.7436150648167527,-0.3467947940342455,-0.5673824414042018,-0.30570458429108954,0.8035382803292399,-0.7277077569204214,0.10912048749495103,-0.248903490751697,-0.02355226056536141,-0.248903490751697,0,1,0,0,0,0.0034023776789902,-0.0004299786109179,0.0019120565389467,0,SPY
2015-04-03,2015-04-02,train,0,R0: Calm / risk-on,0.5458881761600736,-0.21834031430202544,0.8769115438313783,0.34781342987478747,0.46009947042580895,-0.9356338626894443,-0.7684999334803587,-0.34226217254123753,-0.6144332642753686,-0.8950832866549829,0.7884659173395544,-0.8441738912935479,0.21467274090136487,-0.22353226876334734,0.01645701888876729,-0.22353226876334734,0,1,0,0,0,0.0174384699818492,-0.0084913347159272,0.0059854480283891,0,SPY
2015-04-10,2015-04-10,train,0,R0: Calm / risk-on,0.04920467805451492,-0.7536829494259364,1.0572912994979857,0.5091295071071088,0.2904572551897986,-1.137969165701524,-0.6624044523371607,-0.2914470523255554,-0.47491971353951823,-0.7889580751317109,0.7981015157383174,-0.6592858639733569,0.018571732304583817,-0.22382168212256034,0.05646629834289599,-0.22382168212256034,0,1,0,0,0,-0.0099504855552593,0.0141186490621689,-0.0031905039466014,1,TLT
2015-04-17,2015-04-17,train,0,R0: Calm / risk-on,0.36599243214561855,-0.06258244123629098,0.7656967273224276,-0.10725648578337697,-0.5895543231377602,-1.1277435119566694,-0.7416708515658987,-0.4081094377959424,-0.6411477246058812,-0.9931059419927305,0.5438022189871561,-0.6347317352797978,0.2689354782572195,-0.21537936798602117,0.09647557779702469,-0.21537936798602117,0,1,0,0,0,0.0177925046965723,-0.0181058575193521,-0.0220587842216464,0,SPY
2015-04-24,2015-04-24,train,0,R0: Calm / risk-on,-0.018624758582429606,-0.8101207748476553,1.1183219748636646,0.7045623804924792,0.34770778330943536,-1.3351181271580053,-0.5784511986844557,-0.21703930357631315,-0.41456155365553565,-0.6700877451490768,0.7733074690694113,-0.6755488782733506,0.06660774797664133,-0.2273922945820846,0.1364848572511534,-0.2273922945820846,0,1,0,0,0,-0.0043937670147319,-0.0373086256538821,0.0002653585005489,2,GLD
2015-05-01,2015-05-01,train,0,R0: Calm / risk-on,-0.07266241600729764,-0.5121575893952588,0.21559759693500238,0.8012978840438957,0.3833734414944527,-2.1393138225007653,-0.6198191527816527,-0.2623538928545849,-0.31605011721872034,-0.35433731163626603,0.982588577359808,-0.49411658139837106,-0.3310323430529006,-0.24410170866598804,0.17649413670528208,-0.24410170866598804,0,1,0,0,0,0.0042709154246101,-0.0120163636216481,0.0078705286101616,2,GLD
2015-05-08,2015-05-08,train,0,R0: Calm / risk-on,-0.15267129894772904,-0.29377822843710893,0.26358037524606465,0.3322492352497052,0.2902510340850324,-1.573549516081355,-0.7571848252377665,-0.4737617446186848,-0.5265309125320768,-0.3832309775315793,0.6662684272379769,-0.2729110038018706,-0.1949244564993382,-0.24808548519060666,0.2165034161594108,-0.24808548519060666,0,1,0,0,0,0.0038746489520373,-0.007509180106637,0.0312362684957756,2,GLD
2015-05-15,2015-05-15,train,0,R0: Calm / risk-on,-0.14912094527361724,-0.3518863412660006,0.4042617434588793,0.1266406149849485,0.28749241428324657,-1.1658600948512023,-0.8050065675506161,-0.5279662743132,-0.5818444648119657,-0.500537452074548,0.6230871503048993,-0.24612302462506702,-0.17515522664957722,-0.24662281575858652,0.2565126956135395,-0.24662281575858652,0,1,0,0,0,0.0025894488400151,-0.0097875910480195,-0.0164213419996712,0,SPY
2015-05-22,2015-05-22,train,0,R0: Calm / risk-on,-0.23450750228956455,-0.6339045753526948,0.1480218579740718,0.549959980002471,0.13557252655566324,-1.3083480185790521,-0.7058545114341686,-0.45811335055186625,-0.42574731583845615,-0.6106759534802926,0.6660253802647957,-0.09880339752287835,-0.379143602310204,-0.2394013404551052,0.2965219750676682,-0.2394013404551052,0,1,0,0,0,-0.0086861688412016,0.0191867079307821,-0.0129757787179884,1,TLT
2015-05-29,2015-05-29,train,0,R0: Calm / risk-on,0.20992570624107257,-0.20318578835956166,-0.31211379802140515,-0.3731769751896336,-0.28528344072821116,-0.8995413366914071,-0.870825900666801,-0.550835045035127,-0.4626523718559151,-0.909526416677451,0.9177994957736574,-0.19072326950350157,-0.5803831427376939,-0.22867578781547174,0.3365312545217969,-0.22867578781547174,0,1,0,0,0,-0.006488241333178,-0.0395767644751755,-0.0163014954883934,0,SPY
2015-06-05,2015-06-05,train,0,R0: Calm / risk-on,-0.11469981195011272,-0.27340141458641387,-0.5752406203179915,1.4118184292096516,0.5656810579615567,-1.4918465071225182,-0.46427837513023723,-0.3383119103937406,-0.2719922699230865,-0.24688509919111856,0.3773731465543445,0.19172166398018534,-0.3407099104019699,-0.24596680528746037,0.3765405339759256,-0.24596680528746037,0,1,0,0,0,0.0011437886635328,0.0029757208291594,0.0088204339986328,2,GLD
2015-06-12,2015-06-12,train,0,R0: Calm / risk-on,-0.040249655006493947,-0.042610174520562205,-0.5122341234837262,0.49622338696700913,0.40174050367760145,-0.5003841718557761,-0.7350096237695094,-0.6337329705350928,-0.5496546872323346,-0.5171231511306843,0.21572207597726267,0.3623290012655749,-0.3305750383550744,-0.24654606876515492,0.41654981343005426,-0.24654606876515492,0,1,0,0,0,0.0086922084742984,0.0095810387822061,0.0166916835963577,2,GLD
2015-06-19,2015-06-19,train,0,R0: Calm / risk-on,-0.010777643632012597,-0.2391937489880899,-0.28986357467286444,0.03828760026106864,0.1811184826924034,0.062127282418825217,-0.7988598410172156,-0.6732378258942749,-0.5681821314745638,-0.8034566669877076,0.2892701487376206,0.34474505951854567,-0.4048146264716577,-0.2378912646434306,0.456559092884183,-0.2378912646434306,0,1,0,0,0,-0.0046961130295315,-0.0323314169976767,-0.0222377095805297,0,SPY
2015-06-26,2015-06-26,train,0,R0: Calm / risk-on,-0.2776493957235672,-0.5138526396143129,-0.7167059549083258,1.1351723401313945,0.41626181942490553,-1.0285468244493983,-0.5105604946201426,-0.4234762312337653,-0.23645483051643684,-0.39210510837184165,0.34094065357741865,0.46639633391114754,-0.5789511816033778,-0.24310404685391757,0.4965683723383117,-0.24310404685391757,0,1,0,0,0,-0.0119628934712435,0.0088988216965057,-0.0071072800258976,1,TLT
2015-07-03,2015-07-02,train,0,R0: Calm / risk-on,0.07433972430163314,0.36481239936946663,-0.8323024656500092,0.2712794070623851,-0.05891087341443082,-0.64158449379905,-0.6413245713785221,-0.5962094281664645,-0.5098916277243106,-0.42816449402574913,0.07370631740559314,0.47753478543057043,-0.2865509374812249,-0.2473241297636004,0.5365776517924403,-0.2473241297636004,0,1,0,0,0,0.0008201441636273,0.000430973975694,-0.0024159293781316,0,SPY
2015-07-10,2015-07-10,train,0,R0: Calm / risk-on,0.08384179857214581,0.2622868354002368,-0.6964420314015547,0.49096119574122354,0.6600787589758044,-0.3902578044138117,-0.6704526951206377,-0.5979094431248863,-0.5325419305867779,-0.2993542965961123,0.12980283439027943,0.3871976941137801,-0.2555643525449827,-0.2500360498505187,0.5765869312465691,-0.2500360498505187,0,1,0,0,0,0.0240992009927278,0.0230065387041733,-0.0254731042452868,0,SPY
2015-07-17,2015-07-17,train,1,R1: Growth / trend,-0.3926785617038694,-0.5435621643395383,0.06676624317121437,0.27430554208334207,1.0382416585229295,0.3835099300945295,-0.6126884858068108,-0.5542868847430522,-0.44253594728992907,-0.26692901056435747,0.14881329352589995,0.47734601034752144,-0.36782778437850855,-0.24960200469481206,-1.143812085280965,-0.24960200469481206,1,0,1,0,0,-0.0210850531136289,0.0224900861507741,-0.0303727842191682,1,TLT
2015-07-24,2015-07-24,train,1,R1: Growth / trend,0.10355797264824101,0.3945226475598043,-0.34616232600447555,-0.4227395417737431,-0.02905990039353515,-0.5596079486361194,-0.7680757649772836,-0.6241476171622092,-0.6104061920316947,-0.4084053777396485,0.26944546667401054,0.16092143682348845,-0.18540362302289815,-0.249262086810196,-1.1038028058268363,-0.249262086810196,0,0,1,0,0,0.0120196550268787,0.0093908804471203,-0.0039866936405175,0,SPY
2015-07-31,2015-07-31,train,1,R1: Growth / trend,-0.12502282243318713,-0.2101734288444597,0.06210868290962224,-0.36894899168951983,0.5621067695552934,0.35747551422150164,-0.7805392199776566,-0.6502455459590125,-0.5836964775882455,-0.504201552881856,0.2766808592270347,0.27713412954565275,-0.3120713799090013,-0.24756820478087105,-1.0637935263727076,-0.24756820478087105,0,0,1,0,0,-0.0121142529289647,0.0169880636270367,-0.0026684339891597,1,TLT
2015-08-07,2015-08-07,train,1,R1: Growth / trend,-0.04481776320281451,0.33719660431496434,0.514481173311895,-0.3821281114104745,-0.5711578042327039,-0.422536193380376,-0.6649168917781997,-0.6005427044020784,-0.7682517950515724,-0.5332702790475043,-0.16379418970238085,-0.04765199157682851,0.5058989520343065,-0.24685600503940033,-1.023784246918579,-0.24685600503940033,0,0,1,0,0,0.0070690684363916,-0.0030557775757231,0.0210224263369758,2,GLD
2015-08-14,2015-08-14,train,1,R1: Growth / trend,-0.13726488858163646,0.2136668043949812,1.0034798842677461,0.16002112754780762,-0.040860935512095076,0.21475770965808336,-0.5455492969516704,-0.582132574329411,-0.8560385761960199,-0.4508932319166796,-0.5152946060728337,-0.18899933274694863,1.0430617323203841,-0.2487451907018453,-0.9837749674644501,-0.2487451907018453,0,0,1,0,0,-0.05534308891951,0.0196838137170549,0.040056142633764,2,GLD
2015-08-21,2015-08-21,train,1,R1: Growth / trend,1.3578801172244586,2.3827837340902023,-0.23614721694043098,-0.9600337902463467,-2.009809684360468,-0.7629114658279351,1.1821834927424049,1.036660009721415,0.5767771040846505,0.8449862115679945,-0.6004514696476269,-0.7749634437304952,1.7158541692219846,-0.23902922990310513,-0.9437656880103215,-0.23902922990310513,0,0,1,0,0,0.0073293670658309,-0.0319623393882123,-0.0218662860184766,0,SPY
2015-08-28,2015-08-28,train,1,R1: Growth / trend,1.133190635326355,1.4142832384052264,0.28237485923367306,1.6913951934116442,0.8264845581402187,0.4548633914759964,0.38613875608770415,0.23509004807842576,-0.3062408962227869,0.15362229430782437,-0.8550912849544281,-0.8966742627289848,2.1308850174580036,-0.24623343883751841,-0.9037564085561928,-0.24623343883751841,0,0,1,0,0,-0.0335709977094631,0.0047914177546042,-0.0111315466278147,1,TLT
2015-09-04,2015-09-04,train,1,R1: Growth / trend,1.3493287151022648,1.7264939394277163,-0.45911571593561007,0.6227905783803742,0.30297185668531335,0.1793152851597814,0.3431550570290247,0.29017573539837205,-0.08599630322411751,0.20427342102077678,-0.47587534811900445,-0.5547218302558051,1.360196322565673,-0.24335647867016144,-0.8637471291020641,-0.24335647867016144,0,0,1,0,0,0.0215481794988745,-0.0105151989878955,-0.0123731903255384,0,SPY
2015-09-11,2015-09-11,train,1,R1: Growth / trend,0.8751990772252087,0.96179446715144,0.06426545383823833,1.4099265073299088,1.009244869070443,0.5851665482575267,-0.04027742952780896,-0.11126097255758012,-0.47297013595856197,-0.1718267697443648,-0.5827009778396344,-0.4540909425562144,1.3798532198686022,-0.24445442277662113,-0.8237378496479354,-0.24445442277662113,0,0,1,0,0,-0.0013914161426356,0.0058495984798938,0.0287301744268109,2,GLD
2015-09-18,2015-09-18,train,1,R1: Growth / trend,1.0512679199243464,0.8268124578781302,-0.3320918560900494,0.22625029842933359,0.6980417366965798,0.38285759626443194,-0.38005798241181843,-0.21654249040966678,-0.4022906539953176,-0.48911241446478215,0.1945921364902873,-0.320904230011087,0.365549497884932,-0.2343820717327496,-0.7837285701938067,-0.2343820717327496,0,0,1,0,0,-0.0133029339894874,-0.0045867615908332,0.005493988454821,2,GLD
2015-09-25,2015-09-25,train,2,R2: Transition / mixed,0.9401403271913701,0.8082393284383204,-0.43501998772409506,0.21935567391700023,0.20749459279905913,-0.2951817031686951,-0.4876556403718509,-0.29576012287235104,-0.459237060916613,-0.5974376225264301,0.2830260152172296,-0.31170848629871484,0.2557132222775564,-0.23285991998890204,-1.143812085280965,-0.23285991998890204,1,0,0,1,0,0.0111485271212712,0.0269759725302016,-0.0074674411534041,1,TLT
2015-10-02,2015-10-02,train,2,R2: Transition / mixed,1.260518260413616,0.7385327806174916,0.33504923992471497,-0.13940220359621855,0.09832434902179778,0.349367541607809,-0.361870065543424,-0.10216481723553648,-0.4304342797160721,-0.8376430094283766,0.2464146622235731,-0.7393687480293274,0.6837601850771926,-0.19485572633908693,-1.1038028058268363,-0.19485572633908693,0,0,0,1,0,0.0324616096698278,-0.0183045811840152,0.0172493340642359,0,SPY
2015-10-09,2015-10-09,train,2,R2: Transition / mixed,0.20998899453233572,-0.5218336107580149,1.1520261587915044,0.5579784452179112,0.9849007443251749,-0.0363441080591691,-0.6168900577703037,-0.3355337332258205,-0.5765119165912376,-0.6816412091607007,0.40423436796310275,-0.5734879467533376,0.38399363352542404,-0.2337503699642974,-1.0637935263727076,-0.2337503699642974,0,0,0,1,0,0.0096359522848663,0.0134939112192971,0.0146116630022128,2,GLD
2015-10-16,2015-10-16,train,2,R2: Transition / mixed,0.35186800835686305,-0.5002849691661517,0.7513226655676571,-0.2757199057277056,-8.49522019321332e-05,0.42316825291509674,-0.7530786176275914,-0.4687198144835992,-0.5728542677269091,-1.2254064534857194,0.5684321406029681,-0.3680139415551829,-0.0657320436428376,-0.1800753891587125,-1.023784246918579,-0.1800753891587125,0,0,0,1,0,0.0208587935393533,-0.0058907307419644,-0.0088007634684859,0,SPY
2015-10-23,2015-10-23,train,2,R2: Transition / mixed,0.18900997973537148,-0.8809391019049537,0.46843547559545595,0.15961849691785054,0.17851958479286772,0.03998297281848463,-0.7744648175007385,-0.4581163806020392,-0.4481346472994266,-1.2515649209279411,0.8237585398200175,-0.30922207123018436,-0.4227422165595136,-0.1689298056229323,-0.9837749674644501,-0.1689298056229323,0,0,0,1,0,0.0020239623418907,-0.003409056614138,-0.0197309143340107,0,SPY
2015-10-30,2015-10-30,train,2,R2: Transition / mixed,0.024534861589480306,-0.6500569318621087,0.2406446025586133,0.17912280720254742,-0.43678501686631005,-0.10613270991280198,-0.7470588850718597,-0.5620943990965226,-0.5306219517272607,-1.2494590889644728,0.40854337842104926,0.047944990036763425,-0.30445906706651377,-0.18017607089570514,-0.9437656880103215,-0.18017607089570514,0,0,0,1,0,0.0101475817362568,-0.028674258048849,-0.047575520882413,0,SPY
2015-11-06,2015-11-06,train,2,R2: Transition / mixed,-0.29974989648834793,-0.6382725090855136,0.19274904899602907,1.3979419997915634,-0.2460408073131055,-0.894151619759919,-0.42166650852008947,-0.3935391961418793,-0.41789161125245944,-0.749961471793796,-0.024379265552597815,0.24806462998080028,0.025011847556895346,-0.22168137617285447,-0.9037564085561928,-0.22168137617285447,0,0,0,1,0,-0.0357072638469433,0.0057140978527363,-0.0051873287554521,1,TLT
2015-11-13,2015-11-13,train,2,R2: Transition / mixed,0.09764917967004691,0.6861345599818772,0.0786243405445081,0.8025270075843997,-1.9105397504486015,-0.6146793865405585,-0.09308302159333233,-0.3331333375569645,-0.5688546665648851,-0.7330026920118599,-0.7735786954184373,0.046421878160462685,1.0636606235921913,-0.22010445575398824,-0.8637471291020641,-0.22010445575398824,0,0,0,1,0,0.0334253181878867,0.0064340703333456,-0.004538443721353,0,SPY
2015-11-20,2015-11-20,train,2,R2: Transition / mixed,-0.20824198166323754,-0.27471166756975307,0.7939391124176984,0.9953625133227452,-0.04578706780772217,0.3425343982624716,-0.4437483820326052,-0.5319326986331692,-0.7189275134745648,-0.7522712817575611,-0.5071044176592473,0.07955225654335518,0.7485594062943773,-0.23465458187838506,-0.8237378496479354,-0.23465458187838506,0,0,0,1,0,0.0011942862016431,0.0043164834847571,-0.0178484470196294,1,TLT
2015-11-27,2015-11-27,train,2,R2: Transition / mixed,-0.34669607008995024,-0.207485238324183,0.9491516699951057,0.8677891990031447,-0.4778708876866186,0.12097243278026505,-0.3731627060597297,-0.5087360797691565,-0.7275542584103569,-0.6797706204659768,-0.6220396978071222,0.03873820686980647,0.9213568799386521,-0.2375894528254002,-0.7837285701938067,-0.2375894528254002,0,0,0,1,0,0.0002864081026889,-0.0011092676243102,0.0273579915364583,2,GLD
2015-12-04,2015-12-04,train,2,R2: Transition / mixed,-0.026283645734776515,0.46065100738133286,0.24722643830001434,0.6111411880411197,0.340264248552416,0.14662896171814455,-0.5683611331278507,-0.6520525696583388,-0.8338316807027916,-0.337075242304942,-0.5182189296513908,0.11589149681062318,0.7425959131455897,-0.2509051303074709,-0.743719290739678,-0.2509051303074709,0,0,0,1,0,-0.0369238510331521,0.0263720616605789,-0.0087482797739111,1,TLT
2015-12-11,2015-12-11,train,2,R2: Transition / mixed,0.563364197719162,1.6995803707318675,-0.0029360532855630473,-0.4818412576418496,-1.5902374284901688,-0.5281625837705365,0.18866000740191968,0.009137013052874126,-0.3370622056028872,0.1226424591200788,-0.7227038426897919,-0.3476731772769233,1.4336456807954234,-0.24810252310537198,-0.7037100112855493,-0.24810252310537198,0,0,0,1,0,-0.0033169377017875,-0.0042824620305317,-0.0103772639752733,0,SPY
2015-12-18,2015-12-18,train,2,R2: Transition / mixed,0.2096564062573631,1.364498240912138,1.119376726214498,1.3059067921096685,0.1938804244527493,-0.17254276464116572,0.12031240216532406,-0.16531264913172045,-0.7905883745368936,0.4110742539059768,-1.1079416315762658,-1.0386358720923976,2.5652576338692272,-0.25434414692086604,-0.6637007318314206,-0.25434414692086604,0,0,0,1,0,0.0282972309915081,-0.009287835472395,0.0098981000310511,0,SPY
2015-12-25,2015-12-24,train,2,R2: Transition / mixed,-0.27770739527068705,0.7796180910050399,1.4157669699873405,1.0279086154146442,0.6306148623863285,0.5476452518263039,0.007423755644358083,-0.31489414175097963,-0.8191609347711676,0.45156836228475966,-1.0710776823157533,-0.7067290773209738,2.1911040783519615,-0.25465381323721176,-0.6236914523772918,-0.25465381323721176,0,0,0,1,0,-0.0087997864697029,-0.0102599382668512,-0.015429441244039,0,SPY
2016-01-01,2015-12-31,train,2,R2: Transition / mixed,-0.2042891279785171,1.1063270303056085,0.8062730561136436,0.6267059110465438,0.22395789979147274,-0.23679952485088537,-0.21300202120793466,-0.4591294225010784,-0.8758701951968585,0.43541869229147523,-0.9503254019285154,-0.4680806329757551,1.8166301571857568,-0.2548402821815347,-0.5836821729231632,-0.2548402821815347,0,0,0,1,0,-0.0586160083797242,0.0230550526529684,0.0415927583164048,2,GLD
2016-01-08,2016-01-08,train,2,R2: Transition / mixed,0.47500597954304663,2.7321615757732025,1.0679570963040272,0.2943856281865733,-1.4028423195143596,-0.49506359636723785,1.2724136175783303,0.7043392057844549,-0.11468963367689552,1.5726359815788902,-1.2859976205604993,-1.441206455073668,3.1695162024779875,-0.2551450362341668,-0.5436728934690345,-0.2551450362341668,0,0,0,1,0,-0.0214151524820186,0.0193741007822416,-0.0151400309377435,1,TLT
2016-01-15,2016-01-15,train,2,R2: Transition / mixed,0.8248668008654465,2.6741484520085144,1.171121145347857,0.31490809406425674,-0.5325379848868154,0.20950909018077596,1.1626817793490651,0.6986100211754406,-0.15364183902655212,1.4387501250954389,-1.2621348918497761,-1.5012494076497163,3.2029793757832996,-0.2550219634931536,-0.5036636140149058,-0.2550219634931536,0,0,0,1,0,0.0144297625411178,-0.0032603738494769,0.0088393365945427,0,SPY
2016-01-22,2016-01-22,train,2,R2: Transition / mixed,0.46625017151680936,1.7597280907541244,1.6879472295156228,0.8723776196433813,0.29686728006890695,0.7578261128110835,0.5732321444502927,0.19314907954024843,-0.610060316148033,0.7972824944270792,-1.2330499413540286,-1.4113678050908922,3.0799048287357236,-0.2547574773723901,-0.4636543345607771,-0.2547574773723901,0,0,0,1,0,0.0167957915670826,0.0156372642365234,0.0185713995070686,2,GLD
2016-01-29,2016-01-29,train,2,R2: Transition / mixed,0.40205240748415405,1.503748390637972,2.266390153726403,0.39989643729982655,0.5451910145529532,1.1684622923635894,0.6389626187830509,0.3173780600879169,-0.5260456680647706,0.9034967403024339,-1.2173902769797766,-1.4864234221670025,3.137783227644132,-0.2547838029898511,-0.4236450551066484,-0.2547838029898511,0,0,0,1,0,-0.0297849233197626,0.0130728862217566,0.0502104057953438,2,GLD
2016-02-05,2016-02-05,train,2,R2: Transition / mixed,0.453435813979526,2.2778118008551544,1.7923014206190202,-0.5331346008253143,-0.5089771779204412,0.20993065765466953,0.8472669659896639,0.4971713232930032,-0.33401217311107273,1.391147326332421,-1.215169923704136,-1.4689862188620837,3.118259001900347,-0.25520397629662916,-0.3836357756525197,-0.25520397629662916,0,0,0,1,0,-0.0070228775644342,0.021597427670001,0.053774937072099,2,GLD
2016-02-12,2016-02-12,train,2,R2: Transition / mixed,0.6184401223865587,2.0629160998878158,2.0958405056581206,-0.5352097043278309,0.07265881494908275,0.6775678999823502,0.8168205059824286,0.5539018183630434,-0.31500328624573826,1.3053918955893529,-1.1856447398441323,-1.5356187078597257,3.1520059532794558,-0.25508119942299423,-0.343626496198391,-0.25508119942299423,0,0,0,1,0,0.0287729707126165,-0.0037260666349018,-0.0065900538634221,0,SPY
2016-02-19,2016-02-19,train,2,R2: Transition / mixed,-0.019262323987656666,0.631127706328793,2.696243495063173,0.6494236490586696,1.6018305701784068,0.827911774345024,0.5263785020123272,0.36511885860354204,-0.3983873862451876,1.1377355996671865,-1.0593877097424695,-1.3679507331736138,2.8423548764253037,-0.25500537692404757,-0.3036172167442623,-0.25500537692404757,0,0,0,1,0,0.0160939032609415,-0.0045804787626072,-0.0039972887683606,0,SPY
2016-02-26,2016-02-26,train,2,R2: Transition / mixed,-0.18520650272642777,0.775518536729026,2.3384754729556083,0.2391629198583752,0.5661915992177362,0.2041586177086567,0.15122191695326873,-0.00906941394635503,-0.6894376788646885,0.732782797835882,-1.029374371137797,-1.1922172139158436,2.6321876260289847,-0.25487535053750493,-0.2636079372901336,-0.25487535053750493,0,0,0,1,0,0.027371920661239,-0.0120085782713327,0.029288705382114,2,GLD
2016-03-04,2016-03-04,train,2,R2: Transition / mixed,-0.3293078345490128,0.20979913606917144,2.455528441456714,0.7100590352742073,1.1674619062107425,-0.25011584676263043,0.15356568528277176,0.11106949791286774,-0.5194712891647876,0.8154031803157079,-0.830862285364154,-1.1240808453235922,2.3415809242192256,-0.254725395973714,-0.2235986578360049,-0.254725395973714,0,0,0,1,0,0.0116250331008915,-0.0096424189386904,-0.0093744586430678,0,SPY
2016-03-11,2016-03-11,train,2,R2: Transition / mixed,-0.48372629107500237,0.2492108927062012,1.9865220340877685,0.8944600975792871,0.12359903741612498,-0.8907834995052374,-0.007426670814623728,-0.11580711696880071,-0.6608793682077243,0.42330487186737226,-0.8570765830754119,-0.8945394173590714,2.1396303385340527,-0.25401881066789306,-0.1835893783818762,-0.25401881066789306,0,0,0,1,0,0.0131886377279017,0.0133480128376894,0.0032660529075267,1,TLT
2016-03-18,2016-03-18,train,2,R2: Transition / mixed,-0.7944698472862648,0.18543605489415846,2.322885570713291,-0.0006681888360095011,-0.2019532776509469,-0.02380680256346672,0.22187296710752685,-0.015225002150263085,-0.5151769315761927,0.6919312941954098,-0.9523101608696308,-0.7403600741270151,2.0918108803121047,-0.2544492370088971,-0.1435800989277475,-0.2544492370088971,0,0,0,1,0,-0.0061649718522965,0.0037194690313622,-0.0289649510209442,1,TLT
2016-03-25,2016-03-24,train,2,R2: Transition / mixed,-0.6544857956670598,0.3820811985126384,1.776969252832717,0.13702825403245303,-0.3946433068877497,-0.7359231721572708,-0.07489853982262357,-0.23242615633936725,-0.6803849906696433,0.4517326816121145,-0.8384635822721971,-0.615237721752472,1.8387100827949299,-0.2543283234041123,-0.1035708194736188,-0.2543283234041123,0,0,0,1,0,0.0187077914160174,0.0108904600440173,0.0051577277114847,0,SPY
2016-04-01,2016-04-01,train,2,R2: Transition / mixed,-0.4775524015153387,0.14360278060761925,1.8506323112821301,-0.3393277346218702,-0.22779576981297897,-0.20482701263626796,-0.22732816574701847,-0.2694263607126163,-0.666337687827955,0.14855852672048395,-0.6084584572798676,-0.5439719081990028,1.5082938205480785,-0.2528812987748959,-0.0635615400194901,-0.2528812987748959,0,0,0,1,0,-0.0116952176341116,0.0101768660095753,0.0128281877711891,2,GLD
2016-04-08,2016-04-08,train,2,R2: Transition / mixed,-0.32707507396294616,0.4047517294463508,1.8529038320174667,-0.5287473775790712,-0.6300429319593395,-0.4454422367260095,-0.18869404581048121,-0.21998180108975782,-0.6731848835710987,0.12483129959419534,-0.6520887627345606,-0.6976063266365466,1.7110013508555144,-0.2525625020859896,-0.02355226056536141,-0.2525625020859896,0,0,0,1,0,0.0160390216552481,-0.0009845543907736,-0.0043063593254771,0,SPY
2016-04-15,2016-04-15,train,1,R1: Growth / trend,-0.4867391421517507,-0.16466767647160083,1.958690949110863,-0.1915002865552768,0.24835499514180015,-0.014579411793790551,-0.23191401177225096,-0.21872229850019945,-0.5889345445723896,0.14000613149559762,-0.4556395343478361,-0.5263096249131183,1.3190280301545318,-0.25233142927627517,-1.143812085280965,-0.25233142927627517,1,0,1,0,0,0.005727242599524,-0.0266904400689891,-0.0002543994213255,0,SPY
2016-04-22,2016-04-22,train,1,R1: Growth / trend,-0.6884475599801132,-0.19075085663635055,1.4845445051506831,0.31769503232578855,0.08590799765121748,-0.7794383739247873,-0.2959231845167293,-0.31674738021875504,-0.6021905530587373,0.18091639068966817,-0.43317496111794407,-0.271952771721017,1.0393270519331081,-0.25307192295232955,-1.1038028058268363,-0.25307192295232955,0,0,1,0,0,-0.0126332425053131,0.0079463391327887,0.0488591243197193,2,GLD
2016-04-29,2016-04-29,train,1,R1: Growth / trend,-0.4490152817743798,0.44355398860521367,1.4038981217940798,-0.8918353625812201,-0.5907444247274455,-0.24928060609001873,-0.28322765225161256,-0.34246787694032105,-0.6540778610777118,0.2022547748823836,-0.5483381248782534,-0.2998024647903419,1.1964831527137414,-0.2534213542822049,-1.0637935263727076,-0.2534213542822049,0,0,1,0,0,-0.0029564284561548,0.0103000846537797,-0.003801061179969,1,TLT
2016-05-06,2016-05-06,train,1,R1: Growth / trend,-0.379180534946918,0.1545187567704403,1.5705617810880366,-0.41293338874924607,-0.8548729063856957,0.026245029702409012,-0.2586948067576474,-0.3448533611421027,-0.6828275155674948,-0.24347700074327328,-0.6299888291872303,-0.34976682058458425,1.3323991817230179,-0.24841458674052666,-1.023784246918579,-0.24841458674052666,0,0,1,0,0,-0.0046665762196681,0.0140284390814839,-0.0119337653601333,1,TLT
2016-05-13,2016-05-13,train,1,R1: Growth / trend,-0.17973003574516203,0.25532574351787224,1.7317308896106447,-0.44637456048726215,-0.9641856316710786,0.376658279840091,-0.17522022467308662,-0.27407668479723934,-0.6799534568579414,-0.3656712807230998,-0.7164179983072109,-0.5327322672563704,1.608324596425652,-0.2444122060932647,-0.9837749674644501,-0.2444122060932647,0,0,1,0,0,0.0035653732160196,-0.0161025790794526,-0.0164325036155156,0,SPY
2016-05-20,2016-05-20,train,1,R1: Growth / trend,-0.3373237593457893,-0.16131538353739114,1.4558129543085272,0.47364700013258276,-0.3844439428218671,-0.15646219639973274,-0.36325033560499426,-0.4074108629482548,-0.7314044710903383,-0.4749050900593255,-0.5517231729486515,-0.33980620490972113,1.2301753770182011,-0.24420518830911628,-0.9437656880103215,-0.24420518830911628,0,0,1,0,0,0.0231152292486822,-0.0023047992221667,-0.0341658705970294,0,SPY
2016-05-27,2016-05-27,train,1,R1: Growth / trend,-0.5640014094972604,-0.6236103719479363,1.2243826889800369,0.23101063362062313,-0.09606440337007323,0.0748244090855361,-0.39300005202361155,-0.4001302146973171,-0.539468701381907,-0.4301823290284828,-0.24209559525264954,0.07523015766252104,0.4657285014867765,-0.2429404636080768,-0.9037564085561928,-0.2429404636080768,0,0,1,0,0,0.0001903315502136,0.028139526726947,0.028195765692734,2,GLD
2016-06-03,2016-06-03,train,1,R1: Growth / trend,-0.46340519592577634,0.1447336050780191,1.4065669145346194,-1.299652988332402,-0.06862378994434204,-0.0379030270959497,-0.3628651144937588,-0.30395541849253865,-0.524784348636891,0.2760567633643044,-0.15967251336506694,-0.21295486655307222,0.6746819293521675,-0.2535128093719438,-0.8637471291020641,-0.2535128093719438,0,0,1,0,0,-0.0009985380228093,0.0116337553440857,0.0240578791758789,2,GLD
2016-06-10,2016-06-10,train,1,R1: Growth / trend,-0.2601415127972133,0.18589030517552568,1.0114947742104738,-1.3520728092179106,-0.36026421055661506,-0.3518012049674923,-0.5321256118600678,-0.3908404453860687,-0.5525407865620767,-0.0431314667870604,0.11457611799089563,-0.19551866246502128,0.34841379189208144,-0.25168985471600785,-0.8237378496479354,-0.25168985471600785,0,0,1,0,0,-0.0117866774004298,0.0061578629688576,0.0181534345593281,2,GLD
2016-06-17,2016-06-17,train,1,R1: Growth / trend,-0.08566079873372195,0.2336260914232676,0.8583352211148448,-1.3503390383904477,-0.5333402059238795,-0.370379729034048,-0.5818180670197366,-0.40776504935281555,-0.5621242686686085,-0.25318356818383314,0.21133332686564932,-0.23349068865450198,0.27542382980580443,-0.24908475886983011,-0.7837285701938067,-0.24908475886983011,0,0,1,0,0,-0.0158823362486897,0.0012540373837202,0.0165389520147694,2,GLD
2016-06-24,2016-06-24,train,1,R1: Growth / trend,0.7457270205976038,1.2268184778321387,0.2421705056698017,-1.5363458846029137,-0.3052756347781851,-0.676852173608673,-0.29484983973345924,-0.042417343301827753,-0.3028541590164807,0.15579325468146574,0.39486819211812874,-0.6157789516425998,0.45570645201096255,-0.2506106958560422,-0.743719290739678,-0.2506106958560422,0,0,1,0,0,0.0328674661342469,0.0371818632068772,0.0191270131913443,1,TLT
2016-07-01,2016-07-01,train,1,R1: Growth / trend,-0.06919377973891,-0.2301475893884225,1.4733042974578658,-1.226649878131061,1.3547447828194508,1.3364815343867282,-0.2564956679139559,-0.09319246706676579,-0.271823404683212,0.263190040543601,0.2543310876356377,-0.32922288479200107,0.3264959980270237,-0.2518130013627714,-0.7037100112855493,-0.2518130013627714,0,0,1,0,0,0.0130051833140492,0.0215545286068212,0.016431746360694,1,TLT
2016-07-08,2016-07-08,train,1,R1: Growth / trend,-0.1551891303104979,-0.13078282384531245,1.397672937690063,-1.6562984726627428,0.5416547061736067,0.4835071621473362,-0.42148300391178234,-0.1939237053547226,-0.35602480933771863,0.13003837497130513,0.4354161730853553,-0.38844157362285936,0.1832741255702042,-0.2516777074174819,-0.6637007318314206,-0.2516777074174819,0,0,1,0,0,0.0149539769695798,-0.0362814075643644,-0.0281949725261139,0,SPY
2016-07-15,2016-07-15,train,1,R1: Growth / trend,-0.5201644893877181,-0.6674196965384883,0.6281784870989848,-0.030632085815424728,0.8088130766941615,-1.2211615232275348,-0.6454926731004841,-0.3668484692359036,-0.3632090681777401,0.022599912287811396,0.7699350485021903,-0.22534551893582044,-0.3541042420582028,-0.25215013707040074,-0.6236914523772918,-0.25215013707040074,0,0,1,0,0,0.0065327348269943,0.0029635288185438,-0.0038631179274415,0,SPY
2016-07-22,2016-07-22,train,1,R1: Growth / trend,-0.5015594786544383,-0.4193157256331519,0.6962164250511593,-0.6509334264083213,0.23336513114819957,-0.4080352642417087,-0.6724980129464012,-0.5056441700807746,-0.5083286253249063,-0.18217754768213534,0.36168042268289324,0.05431926125811974,-0.17959012804799757,-0.2509984554866597,-0.5836821729231632,-0.2509984554866597,0,0,1,0,0,-0.000552204458759,0.0198833387127495,0.0208151743979374,2,GLD
2016-07-29,2016-07-29,train,1,R1: Growth / trend,-0.3615496351420354,-0.47061325339021093,0.30074137964050485,-1.6603158249888,-0.035102957953107,0.0016264774934941918,-0.6247646203985727,-0.38480438916324444,-0.2200571893858316,-0.21637306526905117,0.8130397183017287,0.036355265925211336,-0.6692536074296993,-0.24840933590630584,-0.5436728934690345,-0.24840933590630584,0,0,1,0,0,0.0048820646378577,-0.0233675842281897,-0.0110869338126047,0,SPY
2016-08-05,2016-08-05,train,1,R1: Growth / trend,-0.6276640505356494,-0.6898142589955617,0.2254844947512876,0.05998031443645556,0.08281156195576539,-1.3208663022683904,-0.6029578277223956,-0.4188405429045889,-0.31806700518678693,-0.18809370479851895,0.56169719529332,0.12490297578511263,-0.47600638942928597,-0.2493492876273115,-0.5036636140149058,-0.2493492876273115,0,0,1,0,0,0.0012830894251418,0.0150722098363751,-0.001176021342924,1,TLT
2016-08-12,2016-08-12,train,1,R1: Growth / trend,-0.5512393881358066,-0.4782738051844531,0.38197236751176045,-1.08931268605343,-0.28413500638806327,-0.3111110795412693,-0.6158240738996814,-0.47024399060006034,-0.35258184319272473,-0.2637131630331895,0.4400291018354588,0.25536192177986416,-0.4717473645222769,-0.24860799059921054,-0.4636543345607771,-0.24860799059921054,0,0,1,0,0,0.0003665711934912,-0.009779745526697,0.0044740948822392,2,GLD
2016-08-19,2016-08-19,train,1,R1: Growth / trend,-0.7118000568258405,-0.6225458738025502,0.22214934607764822,-0.36909876426866,-0.22556976161149198,-0.5985646626195189,-0.5743423303150186,-0.49610495244835684,-0.35492012102438786,-0.26223428846932906,0.25184853634896703,0.455596712957578,-0.46232564034911383,-0.2486162106554972,-0.4236450551066484,-0.2486162106554972,0,0,1,0,0,-0.0057199961214269,-0.0025236734892,-0.0150035019975814,1,TLT
2016-08-26,2016-08-26,train,1,R1: Growth / trend,-0.5404806406128001,-0.14638652099195998,-0.23158947887072015,-0.521611029041529,-0.7522296116117445,-1.3756934663200833,-0.5691715522506822,-0.471925748960531,-0.3336793718049368,-0.1728272252639705,0.31411596012603377,0.3994603541165843,-0.4742088302593756,-0.2498669140616198,-0.3836357756525197,-0.2498669140616198,0,0,1,0,0,0.0049704230759457,0.0037744884544637,0.0041253203528515,0,SPY
2016-09-02,2016-09-02,train,1,R1: Growth / trend,-0.5871262589553976,-0.5240219886396433,0.2385904069502804,-0.26185762355266773,-0.43887551212616144,-0.26980428044000504,-0.5958165099500037,-0.564415094994224,-0.46093289837056944,-0.5071434642379669,0.061576218128079716,0.5236018760041744,-0.3228664282453613,-0.24406732746845336,-0.343626496198391,-0.24406732746845336,0,0,1,0,0,-0.0233091137416412,-0.0224341354838932,0.0014221403619323,2,GLD
2016-09-09,2016-09-09,train,1,R1: Growth / trend,-0.28760054994150225,0.1709156309417674,-0.47315885576354155,0.28578376303893915,-1.12048498863415,-1.5417281149063848,-0.4459213993865369,-0.4497866316302399,-0.40048023224223533,-0.38285449490139106,-0.044181460665976245,0.4716462657648523,-0.15213199202704292,-0.24432066961990961,-0.3036172167442623,-0.24432066961990961,0,0,1,0,0,0.0054756227890524,-0.0056814520373253,-0.0133333525949209,0,SPY
2016-09-16,2016-09-16,train,1,R1: Growth / trend,-0.37776877241073265,-0.3502010932325875,-0.3605991122307688,0.449797844383862,-0.2989238238331821,-0.6223312198655899,-0.633289483364135,-0.6104932630913118,-0.4754928785266523,-0.6163759441874622,0.048852997984314014,0.6039808788239742,-0.3921186180659129,-0.24157625226135734,-0.2636079372901336,-0.24157625226135734,0,0,1,0,0,0.0122791782120528,0.0153623866897909,0.0207100912989515,2,GLD
2016-09-23,2016-09-23,train,1,R1: Growth / trend,-0.49095430981051125,-0.6383060680721805,-0.04981229723911351,-0.15646172767099828,0.1284425502680293,0.20247932273711133,-0.6458923993421144,-0.5954064161009293,-0.40819767182605304,-0.5392814337102845,0.17292610014592952,0.6122161630340814,-0.536764623980445,-0.24372402055172807,-0.2235986578360049,-0.24372402055172807,0,0,1,0,0,0.0014354326508416,0.0050424246007259,-0.0157461975104087,1,TLT
2016-09-30,2016-09-30,train,1,R1: Growth / trend,-0.4673089910160213,-0.38113844308124356,-0.3617032555738228,-0.25209625611267594,-0.28254848619461287,-0.4465223363791532,-0.6771152723477801,-0.6143492710246066,-0.4103621282739029,-0.4812499497523591,0.21465897917642457,0.6117046288187976,-0.5803357136523132,-0.2460510629057045,-0.1835893783818762,-0.2460510629057045,0,0,1,0,0,-0.0058257165416831,-0.0243548824852211,-0.0469595793898501,0,SPY
2016-10-07,2016-10-07,train,1,R1: Growth / trend,-0.7634716678933805,-0.18904636250539567,-0.38874908090120924,0.4685443857368599,-0.1728674829801989,-1.324800265555018,-0.42779678013523376,-0.4797932726989516,-0.3385849306397129,0.10893561072779799,-0.09678796063689779,0.7423225468309916,-0.3557740198326047,-0.2526797813729837,-0.1435800989277475,-0.2526797813729837,0,0,1,0,0,-0.0089283374413711,-0.017398105780956,-0.0031735197945325,2,GLD
2016-10-14,2016-10-14,train,1,R1: Growth / trend,-0.7205047939731704,0.0940802941529784,-0.5639845451588628,0.4851301498504777,-0.6342690508467408,-1.3355251986669172,-0.32751439557017265,-0.4716479481355974,-0.3477916930627191,0.10708569145273263,-0.3271926178586476,0.8863975742666316,-0.24300759120017604,-0.25244502562944504,-0.1035708194736188,-0.25244502562944504,0,0,1,0,0,0.0040352993600545,0.0130710663142927,0.0123156938102062,1,TLT
2016-10-21,2016-10-21,train,1,R1: Growth / trend,-0.8213752398350487,-0.19738289855674648,0.0890936544237276,0.18689355284305553,-0.3531377011028106,0.16121121705721486,-0.3804712950567198,-0.6045722159251804,-0.5211135887044118,-0.1475075331944673,-0.5521811558918736,0.959432287895228,-0.06608279016539767,-0.25120820351058,-0.0635615400194901,-0.25120820351058,0,0,1,0,0,-0.0067295682445399,-0.021453853976566,0.0062070676871184,2,GLD
2016-10-28,2016-10-28,train,1,R1: Growth / trend,-0.6894837293105043,-0.020684046827891874,-0.5616831533172016,0.4244244082510667,-0.6724994713533257,-0.9164488755240792,-0.38250754229778083,-0.5370559727377912,-0.38490995362183417,-0.11030157247725415,-0.3496755163998662,0.9746850812094373,-0.30841815114612686,-0.2507325854137171,-0.02355226056536141,-0.2507325854137171,0,0,1,0,0,-0.0187729061431644,0.01181654230969,0.0231123335768532,2,GLD
2016-11-04,2016-11-04,train,1,R1: Growth / trend,-0.4908120919960592,0.7605662987461609,-0.16504214223326347,-0.18495895234244414,-1.4909707406014308,0.004780973454458377,-0.1352217806308528,-0.5039852555617359,-0.5478397776709261,-0.062184245818779176,-0.8407756829020671,0.7734890791970128,0.4433893665008592,-0.25119970289235766,0.01645701888876729,-0.25119970289235766,0,0,1,0,0,0.0377365712113231,-0.0736303516157025,-0.0586060049143629,0,SPY
2016-11-11,2016-11-11,train,1,R1: Growth / trend,-0.969153031933699,-0.8375132303714515,-0.5313609503196516,2.5887506476063584,1.3642992756358303,-1.7825680520098293,0.5955935151513576,0.42629164863001856,0.5965218976642135,1.2065318209097278,-0.08652488085683115,0.779870417362233,-0.40405979547245036,-0.25348337839724033,0.05646629834289599,-0.25348337839724033,0,0,1,0,0,0.0096109417633707,-0.0097515156400066,-0.0166524079731148,0,SPY
2016-11-18,2016-11-18,train,1,R1: Growth / trend,-1.1482769465487659,-0.579542892231537,-0.9346865400562175,1.8331510965207318,0.17256640791265593,-1.465100503560655,0.3312994086696544,0.03366616538177482,0.32175269686576263,0.7834727618131782,-0.42895623179491116,1.3339552929343623,-0.5778703247113121,-0.25308654758805976,0.09647557779702469,-0.25308654758805976,0,0,1,0,0,0.0138216809517011,-0.0002476984110442,-0.0220581926345567,0,SPY
2016-11-25,2016-11-25,train,1,R1: Growth / trend,-1.3912454544505874,-0.5204448159429937,-0.5155784521842246,1.810551761860289,-0.028056055721333406,-0.9465362594280445,0.45592447920252893,-0.0021215764964861066,0.21275155864385337,0.8899478369050665,-0.7536410517125558,1.4568541921143932,-0.33728457584131716,-0.2538483613905456,0.1364848572511534,-0.2538483613905456,0,0,1,0,0,-0.0083062649294202,-0.0080926142572308,-0.00417370764724,2,GLD
2016-12-02,2016-12-02,train,1,R1: Growth / trend,-1.409327038260009,0.20059439216559297,-0.7245240037248312,1.2533941448779897,0.042814344235346344,-1.3893549359898667,0.37169959941724395,-0.10639325990514183,0.06300177142554617,1.415012711510849,-0.8186142782188406,1.3985522319768373,-0.20449436547043595,-0.2552677918861162,0.17649413670528208,-0.2552677918861162,0,0,1,0,0,0.031090586526266,-0.017558437337397,-0.0155162999218827,0,SPY
2016-12-09,2016-12-09,train,1,R1: Growth / trend,-1.7347970486229845,-0.12195010429428992,-0.35740567505031645,1.7547748864958201,0.23021912006425305,-1.0996487566592092,0.7766353054838467,0.15341401446663058,0.301571785999207,1.7646693993491958,-0.9632969787850778,1.451460812599,-0.09574905442301175,-0.25531447284584924,0.2165034161594108,-0.25531447284584924,0,0,1,0,0,-0.0006341529341424,-0.0030642809492081,-0.0212862177684866,0,SPY
2016-12-16,2016-12-16,train,1,R1: Growth / trend,-1.759587212527752,0.5954372794345816,-0.22262250727459795,1.8822838998490445,-0.5633610819372111,-1.628646478672151,1.133732426362715,0.323116635453066,0.29213699658716313,2.1859224190476096,-1.1559534179254851,1.0072947881059537,0.5658580497845836,-0.25544423597137167,0.2565126956135395,-0.25544423597137167,0,0,1,0,0,0.0029776195159065,0.0104067084077057,-0.0011106223340366,1,TLT
2016-12-23,2016-12-23,train,1,R1: Growth / trend,-1.8658514357206288,0.4413931210411867,0.29630044022584695,1.620965736176926,-0.11240151654920877,-0.19599922817919843,1.036617616172309,0.13542669079951916,0.06885801608298094,2.0393950735948163,-1.2257372587086994,0.9301984048458328,0.7213391751006123,-0.25546170973705234,0.2965219750676682,-0.25546170973705234,0,0,1,0,0,-0.0096584975571285,0.0091489427257382,0.0155656471826695,2,GLD
2016-12-30,2016-12-30,train,1,R1: Growth / trend,-1.5038109040022147,1.0247862057979702,0.17646026894789676,0.844755589317972,-0.828909604510944,-0.40293012545313345,0.7032825351818557,-0.11167414850356837,-0.24764079838201172,1.6635170679141633,-1.215247729799114,0.6700467520340099,0.9708019762985557,-0.25544011396597954,0.3365312545217969,-0.25544011396597954,0,0,1,0,0,0.0164629040891404,0.0145219195290007,0.0195237604026281,2,GLD
2017-01-06,2017-01-06,train,1,R1: Growth / trend,-1.8925608332117483,0.8599550504159225,0.5547767342647265,0.9639998898448668,-0.187661221678698,0.4981292267885757,1.1259113548463087,0.11454599504427516,-0.023982309990636833,2.30520146703542,-1.2823926265338805,0.6918075053411521,1.0241315912424562,-0.2555138323633215,0.3765405339759256,-0.2555138323633215,0,0,1,0,0,-0.0007041787364777,0.0037231094527807,0.0220134146261534,2,GLD
2017-01-13,2017-01-13,train,1,R1: Growth / trend,-1.9323110983773288,0.9714753652787369,0.5139919071573332,0.3871287203787609,-0.5047212019734247,0.42729827448716834,1.1209543052776447,0.12391911298929194,0.017328389106484605,2.387798251977113,-1.2719906845326672,0.808545187608463,0.8952872038512367,-0.2555192975519349,0.41654981343005426,-0.2555192975519349,0,0,1,0,0,-0.0013653709666446,-0.0112934526256011,0.0073549073988159,2,GLD
2017-01-20,2017-01-20,train,1,R1: Growth / trend,-1.8358580999881053,0.9506482181836757,0.08802896774066941,0.8147708606156756,-0.2830765098394489,-0.09745424368549896,0.9570493860821141,0.032705218961071925,-0.02017336352085303,2.275679548825083,-1.2388021330752663,0.9937277016254283,0.6722220459321263,-0.2555160243440984,0.456559092884183,-0.2555160243440984,0,0,1,0,0,0.0098350545854533,-0.0025843844723504,-0.0135593667675651,0,SPY
2017-01-27,2017-01-27,train,1,R1: Growth / trend,-1.9285928249971769,0.7933427634441014,0.3470573306955432,1.0767805334352274,-0.11743568788859615,0.67516032984686,1.1769047527169005,0.12689340226846807,0.04936615356321346,2.3185965843111993,-1.2846280167537605,0.9276248587901157,0.7898437078792141,-0.2555107860623327,0.4965683723383117,-0.2555107860623327,0,0,1,0,0,0.00161612313225,-0.0031164953454305,0.023261956466132,2,GLD
2017-02-03,2017-02-03,train,1,R1: Growth / trend,-1.855307806108692,0.9449215578905833,0.07510540321372802,0.7295016489511535,-0.053915008665760586,0.809073619663598,1.0705347862517829,0.042747387947461656,0.022153622402763008,2.324957316779385,-1.272514233125371,1.1355080405715452,0.5675674470294589,-0.2555181228535855,0.5365776517924403,-0.2555181228535855,0,0,1,0,0,0.0094618527423984,0.0147898287707395,0.012658238659003,1,TLT
2017-02-10,2017-02-10,train,1,R1: Growth / trend,-1.7627111862282432,1.031715747288882,0.38824410441064794,0.1379359884503075,0.1529292644379173,1.1784985419814473,0.9828792635504567,0.01853114975949532,-0.050740850035514505,2.3644330656976837,-1.258509664169268,0.945960808128915,0.742236650581406,-0.25552508162494186,0.5765869312465691,-0.25552508162494186,0,0,1,0,0,0.0154637416306391,-0.0036430211317808,0.0006802876878633,0,SPY
2017-02-17,2017-02-17,train,1,R1: Growth / trend,-1.7957629937706914,0.8119361127905215,0.297366763284432,0.1863457927699435,0.1068251851629383,0.816211759544581,0.8362286059391275,-0.04595400332680327,-0.06316092217056662,2.1899967954155106,-1.2171454642527633,1.1125459001068627,0.5286932155948768,-0.2555146147551058,0.6165962107006978,-0.2555146147551058,0,0,1,0,0,0.007018727959583,0.0140457996099327,0.0171651651752891,2,GLD
2017-02-24,2017-02-24,train,1,R1: Growth / trend,-1.6365126445501277,0.925583679363853,0.5517467160346566,-0.4622630270790948,-0.07987822645841787,1.3749253093759206,0.8316662378344808,-0.02951773729240917,-0.08765602070598022,2.07849915079701,-1.2146102507630687,0.960374097133906,0.6786390990285939,-0.2555014828904893,0.6566054901548265,-0.2555014828904893,0,0,1,0,0,0.0070962706002517,-0.0199178767256879,-0.018295696473231,0,SPY
2017-03-03,2017-03-03,train,1,R1: Growth / trend,-1.7143876402661464,0.7835494971021694,0.5328840657422373,1.1351837183293094,0.18184489434668988,0.67069450364381,0.9325364305368293,-0.0034191060250698766,-0.14983786428924414,2.054874311551973,-1.2630238799410254,0.654209530246059,1.040205031199428,-0.2554994866266841,0.6966147696089552,-0.2554994866266841,0,0,1,0,0,-0.003061954487201,-0.0175954019760099,-0.0237426675585699,0,SPY
2017-03-10,2017-03-10,train,1,R1: Growth / trend,-1.6714519135054675,0.9955178821102609,0.1675631117701308,0.9842855283249429,-0.5664756902544744,0.11954389626130359,0.9023491863135981,-0.03934092253751652,-0.146899799134483,1.924665726710311,-1.259493716741837,0.803244423076255,0.8865901147660188,-0.25548113963751734,0.7366240490630839,-0.25548113963751734,0,0,1,0,0,0.0015615175919632,0.011855416721046,0.0197872787562063,2,GLD
2017-03-17,2017-03-17,train,1,R1: Growth / trend,-1.4505388999340687,0.9531044123866161,0.5502949440040774,0.740373967251855,-0.14808696536856264,0.8272842016521438,0.6822742598622283,-0.18029345748935016,-0.36168886122829724,1.6333056870179097,-1.250433018922832,0.5180500166757981,1.1627948117388625,-0.25545806955123884,0.7766333285172126,-0.25545806955123884,0,0,1,0,0,-0.0133738457859658,0.0188797577444206,0.0159842959289526,1,TLT
2017-03-24,2017-03-24,train,1,R1: Growth / trend,-1.1039530610266182,1.5086535008524558,0.35133302687050333,0.16972660133479514,-0.7196825845790986,1.0407191245546996,0.696562343301686,-0.18399724319225055,-0.4121838416865227,1.516411317354676,-1.2673547708299668,0.34564449666733066,1.3548045655545669,-0.25543210049016707,0.8166426079713413,-0.25543210049016707,0,0,1,0,0,0.0080392326532454,-0.0014057781962724,-0.0011778511604368,0,SPY
2017-03-31,2017-03-31,train,1,R1: Growth / trend,-1.2614446577078973,0.840226218878313,0.5595866712926622,0.3760850886451134,0.11528454053020176,1.022600329787167,0.4021167293223486,-0.3167349128220411,-0.47042761796916305,1.3472303199854596,-1.182929494474475,0.5908795156064887,1.01411492386265,-0.2554104670380122,0.8566518874254699,-0.2554104670380122,0,0,1,0,0,-0.0022904738903519,0.0021169482302705,0.0062331355808686,2,GLD
2017-04-07,2017-04-07,train,1,R1: Growth / trend,-1.0770031703290612,1.0348996786960012,0.6022268877395432,0.20043667285176947,-0.24775516573521744,0.3663848879700848,0.22453275939082756,-0.3826791371095906,-0.6044832436948616,1.1640784818651706,-1.1427466104826038,0.31166352435456635,1.2494986551723621,-0.25537866188987274,0.8966611668795986,-0.25537866188987274,0,0,1,0,0,-0.0114374373508633,0.0228646152097966,0.0262849440290726,2,GLD
2017-04-14,2017-04-13,train,1,R1: Growth / trend,-0.721398772041095,1.5739189233567519,0.5555446604173971,-0.4583472941931461,-1.344477394439237,0.3719077846992261,0.461567115760117,-0.1816011231666273,-0.483738169861277,1.075580172512364,-1.1802071231307925,0.020562234845873915,1.5834880390014332,-0.2551960722804064,0.9366704463337273,-0.2551960722804064,0,0,1,0,0,0.0089461836437898,0.0005666969110746,-0.0023654234839859,0,SPY
2017-04-21,2017-04-21,train,1,R1: Growth / trend,-0.8087215336455785,0.8560332409680163,0.7826262959558624,0.20587578856777994,-0.014911690090685723,0.4757878405925845,-0.02680286558191319,-0.4841945501981488,-0.7436764094809545,0.7382218758699723,-1.0557240474478924,0.1294733928173421,1.3348695785889682,-0.2551658080583857,0.9766797257878561,-0.2551658080583857,0,0,1,0,0,0.0148767124931741,-0.0096321079014983,-0.0125909651399478,0,SPY
2017-04-28,2017-04-28,train,1,R1: Growth / trend,-1.13227221492214,0.06557429112962601,1.0886130452195426,0.7065769079121528,0.6807753105063674,0.5946737033545867,0.12107687285623536,-0.30602229683238363,-0.4908541539529003,0.8840221703846166,-0.9640183415330397,0.34804960785634875,1.0127236719480133,-0.255070802624069,1.0166890052419848,-0.255070802624069,0,0,1,0,0,0.0068046251790865,-0.0065938383089084,-0.0311335150397372,0,SPY
2017-05-05,2017-05-05,train,1,R1: Growth / trend,-1.2780420530277063,0.2257682111526608,0.9421909414408558,0.590398752484699,-0.45160278948071586,-0.08200146729345367,0.19439345652986714,-0.3055490496596835,-0.48123418117811595,0.7976542148836219,-1.0311715953081895,0.4195891751165284,1.0158313269857575,-0.25492151028296645,1.0566982846961135,-0.25492151028296645,0,0,1,0,0,-0.0030037807687115,0.0008247774362886,-0.0015383326372923,1,TLT
2017-05-12,2017-05-12,train,1,R1: Growth / trend,-1.2179930845779263,0.23468265468366273,0.891539064887195,0.17956270624149231,-0.5440166105508196,-0.10919917385012665,0.0730112394319363,-0.3577088428393334,-0.5018167560925066,0.7070543760218164,-0.951237172874174,0.49020914316453024,0.8554277548640516,-0.2548388242712211,1.0967075641502422,-0.2548388242712211,0,0,1,0,0,-0.0028034191508142,0.0191124657693444,0.0219977715873072,2,GLD
2017-05-19,2017-05-19,train,1,R1: Growth / trend,-0.6275971528245151,0.903445634088245,0.8690443991113777,-0.21765205592559306,-0.7229851821652463,0.23045128451046007,-0.08129069812234387,-0.4613244130310889,-0.7483729309013524,0.42404890793521227,-0.9974684392238555,-0.0007078887679086074,1.399818631170509,-0.25461723117652624,1.1367168436043709,-0.25461723117652624,0,0,1,0,0,0.0142669452787718,-0.0018597754966716,0.0095477334596294,0,SPY
2017-05-26,2017-05-26,train,1,R1: Growth / trend,-1.0654845990613802,-0.06383736896634552,1.332490325429611,0.04010056836307546,0.03334466374749999,0.7042203797585529,0.04078882764132744,-0.3141477709906151,-0.495812015564448,0.5432879593595508,-0.8798962546221616,0.3118758883474372,0.9541648618483577,-0.2543564433380727,1.1767261230584996,-0.2543564433380727,0,0,1,0,0,0.0101776652369989,0.0194867707067514,0.008876718821116,1,TLT
2017-06-02,2017-06-02,train,1,R1: Growth / trend,-0.7752445838833583,0.14639766066070986,1.1478238991201228,-0.6343986231787004,-0.49949800928121013,0.7234865817237471,-0.15011725633463702,-0.4120178423015176,-0.574179544565709,0.18796072516264387,-0.7544698812580047,0.3111610352544894,0.8132595945279404,-0.2531519132450241,1.2167354025126282,-0.2531519132450241,0,0,1,0,0,-0.0031128162948327,-0.0097119988277912,-0.0087986159810374,0,SPY
2017-06-09,2017-06-09,train,1,R1: Growth / trend,-0.6024301489256894,0.23954906492555658,0.6084684278190071,-0.1417644250689378,-0.42915387890645823,-0.21630161420281427,-0.4622261311185031,-0.604387000889221,-0.7293232953267095,-0.05518255752624291,-0.5612212442969124,0.3270655490418784,0.5808505627568956,-0.25288045642627405,1.256744681966757,-0.25288045642627405,0,0,1,0,0,0.0016980096244643,0.0156747808883306,-0.0099552394933003,1,TLT
2017-06-16,2017-06-16,train,1,R1: Growth / trend,-0.7522599370460866,-0.023240521890597138,0.7565809216866888,-0.3996391881193693,-0.6164503272249925,0.1904601860888246,-0.34569537039662296,-0.5262326091783462,-0.5976951948407723,-0.07908408111897362,-0.5673838173119155,0.5009895259635734,0.41177461356601874,-0.251685026455528,1.2967539614208856,-0.251685026455528,0,0,1,0,0,0.0020192471879283,0.0113179644957583,0.0007541810796636,1,TLT
2017-06-23,2017-06-23,train,1,R1: Growth / trend,-0.5899038124227423,-0.03580684782799755,0.5307820015384771,-0.4569084795382944,-0.34821744504522745,0.3957363909010109,-0.4849261496290951,-0.6057795367635808,-0.6296941870628677,-0.2321222929335321,-0.42900051050212307,0.5566424198087379,0.20011883844670597,-0.25078586352679305,1.3367632408750143,-0.25078586352679305,0,0,1,0,0,-0.0054703451774771,-0.0208169434805419,-0.0118061095077153,0,SPY
2017-06-30,2017-06-30,train,1,R1: Growth / trend,-0.5031318263018043,0.13672042828360423,0.0038950453430625625,0.2895898906724444,-0.4144550478638953,-0.3460322461346831,-0.536857146775313,-0.6692627897412506,-0.6773440942752553,-0.2935521698657203,-0.45538665786320887,0.6243641483699996,0.16160065735229298,-0.25075892512838577,1.376772520329143,-0.25075892512838577,0,0,1,0,0,0.0012820659519119,-0.017154914878564,-0.0232163865591035,0,SPY
2017-07-07,2017-07-07,train,1,R1: Growth / trend,-0.529069273451799,0.03635166056219584,-0.09618566260644984,0.6723292258361044,-0.4093971406320482,-0.5170944631710961,-0.47810024887836405,-0.6285263893295124,-0.6227186446914974,-0.315330925278881,-0.4706019944590781,0.6744853605854759,0.12710197147525729,-0.24969076261379683,1.4167817997832717,-0.24969076261379683,0,0,1,0,0,0.0142497207231218,0.004970511101354,0.0129250336532542,0,SPY
2017-07-14,2017-07-14,train,1,R1: Growth / trend,-0.7001244143722717,-0.40417106969096267,0.4481556745619004,0.013591046288163615,-0.12136656967076657,0.7129968096234112,-0.400620206355071,-0.5688058239767587,-0.5215791101069275,-0.3242564951742378,-0.46008022083605393,0.783857211829855,0.003721818050280163,-0.24808159369729707,1.4567910792374004,-0.24808159369729707,0,0,1,0,0,0.0053755642556103,0.0191357612137876,0.0213240178534501,2,GLD
2017-07-21,2017-07-21,train,1,R1: Growth / trend,-0.7339424424137815,-0.30967729944774564,0.6869709814888496,-0.584651829806622,-0.6252708627979622,0.8838771427249144,-0.27576250053482776,-0.47201723084729313,-0.45070109355106486,-0.26340009472896264,-0.5114373428008666,0.7434806694172864,0.10076478816848669,-0.24723820423812912,1.496800358691529,-0.24723820423812912,0,0,1,0,0,0.0001215041748705,-0.0143207337653551,0.0119906110981138,2,GLD
2017-07-28,2017-07-28,train,1,R1: Growth / trend,-0.6902284239776273,-0.3436491441629554,0.24688562589241517,-0.388012892914416,-0.44835597567162894,0.09090855200550177,-0.5084940472222644,-0.5829809844343786,-0.48611071154037955,-0.3224087791991946,-0.21924929256784126,0.7326369088425976,-0.21367554166666347,-0.24855509744953036,1.5368096381456577,-0.24855509744953036,0,0,1,0,0,0.0020251781667426,0.0105857252298904,-0.0086171256482676,1,TLT
2017-08-04,2017-08-04,train,1,R1: Growth / trend,-0.5802950871259189,-0.39245084790462637,0.393752933211591,-0.49161183650312623,-0.4446831873951327,0.1693113224649308,-0.5520318810621255,-0.5737297843881325,-0.5057857463167471,-0.453260640366893,-0.11174861085847888,0.5740820325151011,-0.17781460653514666,-0.2457608254292044,1.5768189175997864,-0.2457608254292044,0,0,1,0,0,-0.0132979685316588,0.01200726088592,0.0262432039248181,2,GLD
2017-08-11,2017-08-11,train,1,R1: Growth / trend,0.21801365534450526,0.8250498174600964,0.00041658070108269716,-0.8059650366730498,-1.5812698653279593,0.16110239882866173,-0.2689606066112608,-0.380102996570983,-0.502592842719276,-0.5604867408438513,-0.4482838377582985,0.2471864569931693,0.5145892043119759,-0.23477933713223312,1.6168281970539151,-0.23477933713223312,0,0,1,0,0,-0.0057756199344249,0.0015024375532153,-0.0039905355494429,1,TLT
2017-08-18,2017-08-18,train,1,R1: Growth / trend,0.287129432708391,0.48390106389362003,0.1799040853413358,0.04721667048400522,-0.21807212269556547,0.5346013066471854,-0.5993150063775184,-0.6211413546984295,-0.7800374391972429,-0.7587607764903389,-0.3604800362335379,0.09013095823529675,0.5790053509305704,-0.23919785785397982,1.6568374765080438,-0.23919785785397982,0,0,1,0,0,0.0076220664823878,0.0055283694454646,0.0035976680378781,0,SPY
2017-08-25,2017-08-25,train,1,R1: Growth / trend,-0.11305260794161144,-0.04507924629751224,0.6629257210213256,-0.2023276576571115,0.27115726491078174,1.1543047152183155,-0.5398127901652847,-0.5841940409189637,-0.6873998550784469,-0.551265883192965,-0.3371530822151076,0.2502524326494927,0.39812212357941423,-0.2445729868413735,1.6968467559621725,-0.2445729868413735,0,0,1,0,0,0.0134118394262554,-0.0024270585143433,0.0270490447499367,2,GLD
2017-09-01,2017-09-01,train,1,R1: Growth / trend,-0.329222027067685,-0.3350196923644541,0.6490201295728315,-0.44130540702525173,0.12730305241178555,0.9324067587084975,-0.5548926229220217,-0.5634547800541718,-0.5772811482329606,-0.5197231148017802,-0.15382689098589794,0.38734237028540136,0.05505456050357409,-0.24423535255764625,1.7368560354163012,-0.24423535255764625,0,0,1,0,0,-0.0050838325054112,0.0177513736808547,0.0151515444954817,1,TLT
2017-09-08,2017-09-08,train,1,R1: Growth / trend,-0.042415685998136256,0.06057961442193369,0.5017529610181836,-0.7849019688770208,-0.34705667443080557,0.7202690005392715,-0.6167071462466049,-0.5852379343407442,-0.647865337182165,-0.6657631754612986,-0.11396738792230991,0.22211158148452878,0.17240634802679117,-0.24066415648028205,1.7768653148704299,-0.24066415648028205,0,0,1,0,0,0.0156000752779426,-0.0165888334794471,-0.0190669877168955,0,SPY
2017-09-15,2017-09-15,train,1,R1: Growth / trend,-0.35081423747557383,-0.8383268841222903,0.4467560772865493,0.30985983766367364,0.5500591563099795,0.4379374304733516,-0.5847494476957888,-0.49562060443115824,-0.4305714572956493,-0.6480355644958782,0.2076710731522566,0.31429044188870475,-0.28476828534482274,-0.23627744632475614,1.8168745943245586,-0.23627744632475614,0,0,1,0,0,0.0010033692480644,-0.0052028095110393,-0.0182426586297795,0,SPY
2017-09-22,2017-09-22,train,1,R1: Growth / trend,-0.49408744359797135,-0.7154345382937645,0.27492034176645974,-0.0453781399754042,-0.017571461574199698,0.35735059125091984,-0.5873187658029904,-0.5616840932543521,-0.44292382507280137,-0.6463743954216139,0.05836621278401584,0.5562960679753464,-0.3585679630431765,-0.2382623642273676,1.8568838737786872,-0.2382623642273676,0,0,1,0,0,0.0071759559057855,-0.0114105634122726,-0.013469620752102,0,SPY
2017-09-29,2017-09-29,train,1,R1: Growth / trend,-0.507620279819253,-0.5588493133014546,-0.16289388901804785,-0.07006278657269896,0.09611476990535,-0.384076889393466,-0.6869768018910488,-0.5948470234502581,-0.4113350319746158,-0.439232762878752,0.2913447026484329,0.5079311879444834,-0.5609243463009387,-0.24693181118188737,1.896893153232816,-0.24693181118188737,0,0,1,0,0,0.0124986379769411,-0.0073730036388455,-0.0040303132569857,0,SPY
2017-10-06,2017-10-06,train,1,R1: Growth / trend,-0.7227197769881971,-0.6369499070644633,0.1517239566814957,4.123885680855104e-05,-0.7082699818160269,-0.25941557405352333,-0.45250412832756864,-0.507393841321642,-0.3685258088128634,-0.5130855042846612,-0.11780906327634431,0.7448212171849675,-0.3482918598399157,-0.24053736137251938,1.9369024326869446,-0.24053736137251938,0,0,1,0,0,0.0022799550215286,0.0182862782303099,0.0225452427078762,2,GLD
2017-10-13,2017-10-13,train,1,R1: Growth / trend,-0.6132387360524303,-0.5979932225010247,0.5154189245767422,-0.7553272240366437,-1.3939836366758833,0.727700123613752,-0.22036127444139544,-0.3556108496860265,-0.2507245309526781,-0.6880185762313827,-0.29651549637411073,0.7827719664280962,-0.21336059971522675,-0.2164364226261871,1.9769117121410733,-0.2164364226261871,0,0,1,0,0,0.0084719976477949,-0.0148584653249324,-0.0178484823931479,0,SPY
2017-10-20,2017-10-20,train,1,R1: Growth / trend,-0.7340977922817594,-0.7717726530946527,0.08707980872938924,0.25047191672256364,-0.7961232138294903,-0.45920365228396703,-0.39902412131235937,-0.4483341233233516,-0.2910581147220463,-0.5707230190385523,-0.07273517716543802,0.7434496798448361,-0.404046815625871,-0.2345022620809299,2.016920991595202,-0.2345022620809299,0,0,1,0,0,0.0023338677163209,-0.0059690130844675,-0.0058383281054947,0,SPY
2017-10-27,2017-10-27,train,1,R1: Growth / trend,-0.6176391416822571,-0.3530881456932913,-0.1326645719078735,0.07659438008637867,-0.8598354950007087,0.007194106858462671,-0.454388557567368,-0.5930141677834555,-0.4499370968922614,-0.586384448338397,-0.33809470781459144,0.936045732997404,-0.2941224396535583,-0.24035953777658042,2.056930271049331,-0.24035953777658042,0,0,1,0,0,0.002871241017103,0.0216328420686742,-0.0023159534802563,1,TLT
2017-11-03,2017-11-03,train,1,R1: Growth / trend,-0.8903913631421784,-0.12992710517378003,0.1086100451995603,-0.7939214683705271,-0.738147829811193,0.4536584200807715,-0.27378896770442956,-0.5005135163025981,-0.35184248086997283,0.0262363277849143,-0.4925789313790373,1.083183084500137,-0.2564003959890787,-0.2517491597667684,2.0969395505034596,-0.2517491597667684,0,0,1,0,0,-0.0013925748354749,-0.0122567189039053,0.0042281088975548,2,GLD
2017-11-10,2017-11-10,train,1,R1: Growth / trend,-0.6578527286350229,0.19126751457472144,-0.4657317542504308,-0.28059097808828465,-1.0287701736764985,-0.8123977763764739,-0.3838907306879799,-0.5291759224908184,-0.3904604674928928,-0.051728045874631576,-0.33573327189977586,0.9308358882058559,-0.2792167086544259,-0.25142050525044196,2.1369488299575883,-0.25142050525044196,0,0,1,0,0,-0.0008912619867343,0.0184521586479431,0.0142822042116803,1,TLT
2017-11-17,2017-11-17,train,1,R1: Growth / trend,-0.44059655124751584,0.36207118454092685,0.07168063534000445,-0.7608564720190469,-0.4987240193170429,0.7182260627293757,-0.4258515668472706,-0.6169504637426402,-0.5910860518006293,-0.1431120571099122,-0.5317892195064512,0.7792687123696813,0.09251442861833069,-0.2516588807823538,2.176958109411717,-0.2516588807823538,0,0,1,0,0,0.0096950470460248,0.0032445085666057,-0.00439525405213,0,SPY
2017-11-24,2017-11-24,train,1,R1: Growth / trend,-0.7282841484694352,-0.4323162030880547,0.6561141434734925,-0.21820135966690243,0.606771727599516,1.312231778708651,-0.2705603652542578,-0.4457740950145946,-0.40510836539619755,0.04987580173561249,-0.44761334809058034,0.7551598830180803,0.022715926393682126,-0.2517841244130145,2.2169673888658457,-0.2517841244130145,0,0,1,0,0,0.0157474454973853,6.598172723770723e-05,-0.0059679803691536,0,SPY
2017-12-01,2017-12-01,train,1,R1: Growth / trend,-0.18472896678492373,0.5912056410211353,-0.6037575417131984,-0.5693542653505655,-0.08741976458293156,-0.6143166602566108,-0.6118056865773024,-0.5972950575690088,-0.5169837784919548,0.04778479376872313,-0.012633165394992336,0.5348364095374935,-0.24083358095176985,-0.25333121217011206,2.2569766683199743,-0.25333121217011206,0,0,1,0,0,0.0039702452661065,0.0011063547675522,-0.0255777043722787,0,SPY
2017-12-08,2017-12-08,train,1,R1: Growth / trend,-0.8126139418961476,-0.2419365673052311,0.07393881503767041,-0.03853105632485632,0.4044501006871118,0.22852845587159773,-0.4658731482963623,-0.5983851704477869,-0.481905549519639,0.11650660884049371,-0.34125781058256344,0.883049590262242,-0.2227558651074515,-0.2534858908035033,2.296985947774103,-0.2534858908035033,0,0,1,0,0,0.0088973811485617,0.013103156634046,0.0059081442303252,1,TLT
2017-12-15,2017-12-15,train,1,R1: Growth / trend,-0.7906932624885261,-0.025126532042436926,0.3130206457995975,-0.3734514008832232,-0.3102142973886122,0.3302067015332124,-0.40215219485769116,-0.5981415485136703,-0.5577081246617648,0.00014402998416644447,-0.526046461326973,0.8179451324193742,0.0484749043367608,-0.2527532192077568,2.3369952272282317,-0.2527532192077568,0,0,1,0,0,0.0037521032034262,-0.0258369016528688,0.01476759633935,2,GLD
2017-12-22,2017-12-22,train,1,R1: Growth / trend,-1.0465656098473595,-0.18783714921103623,-0.11337327873546693,0.5152765116369811,-0.19121875238236297,-0.2545415339375108,-0.2272583470238388,-0.5153362666186091,-0.3912720281811513,0.23888132424659855,-0.6235477963215997,1.1267582792231932,-0.15170722042164184,-0.2535151174140366,2.3770045066823604,-0.2535151174140366,0,0,1,0,0,-0.0024299027021463,0.0167512129433491,0.0224077975009602,2,GLD
2017-12-29,2017-12-29,train,1,R1: Growth / trend,-0.6798904948829686,0.48072153881522073,-0.0011090677610020969,-0.6567617014965239,-0.816619121070732,0.40182541064646826,-0.2732765351637983,-0.5723739291216849,-0.5399848269216829,0.11967732664192955,-0.7062556498035569,0.9272113256642642,0.14092838743428188,-0.2533052792310507,2.417013786136489,-0.2533052792310507,0,0,1,0,0,0.0245824055405372,-0.0090653458869282,0.013586739057372,0,SPY
2018-01-05,2018-01-05,train,1,R1: Growth / trend,-1.0126762675263112,-0.48988856033078687,0.3589420010544711,0.4142068800938496,0.48181548171582284,0.3503803374521554,-0.23999676917379417,-0.459321868695485,-0.37310513233647913,0.24681517169235356,-0.5065144631691141,0.9292747583540809,-0.08450598524198331,-0.25333768638628773,2.457023065590618,-0.25333768638628773,0,0,1,0,0,0.0164579101693458,-0.0094658637132536,0.0130056429394713,0,SPY
2018-01-12,2018-01-12,train,1,R1: Growth / trend,-0.9506494706623806,-0.09833432710973342,-0.1305030389668685,0.29211079283732233,-0.23676324178717179,-0.23422190297449474,-0.32152407819607326,-0.5700416547511661,-0.4525226858259795,0.1548229282785167,-0.5684785632104667,1.0663913893339285,-0.15280426002958675,-0.2534074276890678,2.4970323450447465,-0.2534074276890678,0,0,1,0,0,0.0089595045440333,-0.0117253616181568,-0.0042533153703635,0,SPY
2018-01-19,2018-01-19,train,1,R1: Growth / trend,-1.0069424576141237,-0.16027739008197078,-0.22787503882499238,0.7962687995466905,-0.2675034223744619,-0.061043986412648105,-0.16138060135929985,-0.5136668506318974,-0.3881495518421931,0.15175766130759252,-0.7282759460633388,1.2142941811770562,-0.12318663460730224,-0.25287150545401454,2.537041624498875,-0.25287150545401454,0,0,1,0,0,0.0220034754141373,0.0043068048810455,0.0130518049293781,0,SPY
2018-01-26,2018-01-26,train,1,R1: Growth / trend,-1.073836729887743,-0.2090231965264405,-0.15125951198424548,0.9300895068487933,0.07706962859655511,0.48112960511697833,-0.043080417065587163,-0.47289013045576395,-0.3455835751616576,0.2918296394575104,-0.8321524328254354,1.3021626385234402,-0.09459345652554862,-0.25344848458064007,2.577050903953004,-0.25344848458064007,0,0,1,0,0,-0.0388372179121176,-0.0304312966750618,-0.0131178873935506,2,GLD
2018-02-02,2018-02-02,train,1,R1: Growth / trend,0.2608451075364908,2.2079285629441503,-2.3086097375744807,2.3985177913747093,-1.8793423428178881,-2.1114044465713535,2.2057867914188813,1.4059238171127793,1.3237561453266993,2.0727248119552537,-1.0688070508827587,0.7223172885963741,0.7508388905602063,-0.2521233339297868,2.6170601834071325,-0.2521233339297868,0,0,1,0,0,-0.0506444250581499,-0.0137145438574957,-0.0128174915294343,2,GLD
2018-02-09,2018-02-09,train,1,R1: Growth / trend,0.7844052887778412,3.2889709848960953,-2.387546164126518,1.9402946803019918,-1.7094016743204539,-1.6673690227186833,3.138326161602678,2.1853563729115275,1.9257226074815579,3.211174135657094,-1.1781255790964769,0.08986752203385465,1.510677946503781,-0.2543945483581059,2.657069462861261,-0.2543945483581059,0,0,1,0,0,0.0443975455560918,0.006528704778536,0.025567063614917,0,SPY
2018-02-16,2018-02-16,train,1,R1: Growth / trend,0.2501081734783463,1.0909905982961945,-0.4222783652848819,3.5678651143563687,2.0679204501768957,2.120195484957408,1.7485538805130583,0.9072929618715155,0.59987816160991,1.6658424612121396,-1.2169285631072129,-0.023190838734620134,1.6669246383582712,-0.2537890044216052,2.69707874231539,-0.2537890044216052,0,0,1,0,0,0.0058586314980773,-0.0048856632136488,-0.0142231924651917,0,SPY
2018-02-23,2018-02-23,train,1,R1: Growth / trend,0.2414068185546334,1.4435006424442867,-0.9784196036225291,2.9250811924771556,0.8467810583372547,1.0849851011331795,1.1242603288569255,0.3749328452447961,0.14951503360976692,1.0785780722774292,-1.175193297457335,0.2854470249087262,1.3099636992218644,-0.2534488920324259,2.7370880217695186,-0.2534488920324259,0,0,1,0,0,-0.0204942908526793,0.0038822335170101,-0.0059457745649993,1,TLT
2018-03-02,2018-03-02,train,1,R1: Growth / trend,0.5346052870655058,2.4032802703568734,-1.347661445575598,2.1313326137985875,-0.27129849140754014,0.3601641417603595,1.4643775630657199,0.6619154022081094,0.36065668341837936,1.5076474268615296,-1.21046093529856,0.006079935195284302,1.6307819159318495,-0.25422169380385234,2.7770973012236473,-0.25422169380385234,0,0,1,0,0,0.0363828311971827,-0.0037173947368142,0.0011962798198346,0,SPY
2018-03-09,2018-03-09,train,1,R1: Growth / trend,-0.26433199380958455,0.7230676277141902,-0.2527611573086129,2.653506021744969,1.4575048204193415,1.5779391466119432,0.7706019850686603,0.08497740049054586,-0.10064906226500549,0.9522027343924289,-1.143429468248337,0.4308389680799071,1.1293121986023684,-0.2542237574295247,2.817106580677776,-0.2542237574295247,0,0,1,0,0,-0.0128080269910445,0.0161139643019743,-0.0074876727302141,1,TLT
2018-03-16,2018-03-16,train,1,R1: Growth / trend,-0.12614258670575185,1.5122631818613745,-0.5231922873779851,1.4405369029213915,-0.4392199475637307,1.0012837926470148,0.4594174917642072,-0.24543800103367566,-0.4620509830689811,0.5025084748886866,-1.1896919019891963,0.35051853424819607,1.2613206844429021,-0.2538796205805589,2.8571158601319047,-0.2538796205805589,0,0,1,0,0,-0.0588984854374703,0.0030046211391911,0.0241573208113292,2,GLD
2018-03-23,2018-03-23,train,1,R1: Growth / trend,0.7497639616979446,3.36270055681888,-1.1909082876079309,1.0255358609227412,-1.89196366633228,-0.20513002629860333,2.4396447948615916,1.4825388882303496,1.0166551525291485,2.4008274323336622,-1.2808301121184518,-0.5747266196422607,2.2931063736779835,-0.25460951088513933,2.8971251395860333,-0.25460951088513933,0,0,1,0,0,0.0197634636785455,0.0143961413230424,-0.0142622026966481,0,SPY
2018-03-30,2018-03-29,train,1,R1: Growth / trend,0.7855767606372541,2.5164346493041085,-0.12133736475186199,1.7766328412033647,0.5513439742161866,1.643508675761494,1.4943680526636867,0.7175179629352905,0.13603422015437136,1.5736857200600967,-1.282687805531474,-0.9013855394483178,2.623394609816808,-0.25479963510209885,2.937134419040162,-0.25479963510209885,0,0,1,0,0,-0.013034160076861,-0.0044389821102024,0.0047698423543538,2,GLD
2018-04-06,2018-04-06,train,1,R1: Growth / trend,0.7596774766660417,2.945078400773989,-0.691258713512696,1.5128851324986758,0.30170424759829606,0.48331047756446993,1.6310071723338546,0.8852678714004845,0.3613449660519632,2.1271665987373067,-1.2470352037698011,-0.7485257171096277,2.430536489373202,-0.2552522993638692,2.9771436984942907,-0.2552522993638692,0,0,1,0,0,0.0209068835342445,-0.0016517505818068,0.008386720181285,0,SPY
2018-04-13,2018-04-13,train,1,R1: Growth / trend,0.010061329990460789,1.5703528688131845,0.20503292920055446,2.0815343365843537,1.3161696563398482,1.5151087752711436,0.8179592189029133,0.118517679650574,-0.31554967280660273,1.2853331171406512,-1.2363730917175835,-0.43886628549242784,2.1075882937159873,-0.2551681878901866,3.0171529779484194,-0.2551681878901866,0,0,1,0,0,0.0055063952787552,-0.0201820491272722,-0.0064338934049347,0,SPY
2018-04-20,2018-04-20,train,2,R2: Transition / mixed,-0.20095154246861052,1.4700281253218757,-0.36509142761375235,2.4300374869274712,0.478999772370377,0.2613941684596964,0.6748215798287275,-0.012709192367842551,-0.3284640251128855,1.0663453817137327,-1.1982185041028404,-0.02807454734223643,1.6522062440929275,-0.25496010884107345,-1.143812085280965,-0.25496010884107345,1,0,0,1,0,-0.000187495919778,0.0036300906207549,-0.0089236142930378,1,TLT
2018-04-27,2018-04-27,train,2,R2: Transition / mixed,-0.32288659206055237,1.4894071619072682,-0.1545405524200037,1.686708275771143,0.25813483755701544,0.5750930961133821,0.4196755474651236,-0.246662759048714,-0.5471045363670703,0.9163309896822581,-1.1966534941316296,0.03692912788793984,1.585332857654878,-0.25509239731951855,-1.1038028058268363,-0.25509239731951855,0,0,0,1,0,-0.0020257243412297,0.0030473801739003,-0.0076493950953996,1,TLT
2018-05-04,2018-05-04,train,2,R2: Transition / mixed,-0.41638407501981917,1.5083838488335204,-0.2316729999927132,1.5467582736759031,-0.5031373393156507,0.4851242049208421,0.4771699744556246,-0.2583467739192523,-0.5308306260423097,0.7589807626839454,-1.2228949754991338,0.15524420775661205,1.495586274454715,-0.2548268058965411,-1.0637935263727076,-0.2548268058965411,0,0,0,1,0,0.025674455472999,0.0020176376301401,0.0036935850416819,0,SPY
2018-05-11,2018-05-11,train,2,R2: Transition / mixed,-0.9511719277074386,0.5018073241195963,0.401815268662518,1.2841327132952607,-0.00987088169610714,0.704157717641225,0.17959445877173724,-0.4309167551143278,-0.5940240897507221,0.5772560619721101,-1.1268239074364181,0.5262391165652798,1.0154994512825415,-0.2547186632362318,-1.023784246918579,-0.2547186632362318,0,0,0,1,0,-0.0055704716589605,-0.01694243282309,-0.020719970703125,0,SPY
2018-05-18,2018-05-18,train,2,R2: Transition / mixed,-0.7635889818127758,0.7193819276441595,-0.4552025428103542,1.1582785350600917,-0.34673484355281536,-0.6254356631143548,-0.015453601300098756,-0.4631396075809171,-0.5021913545805987,0.5456530495478494,-0.9289586699495562,0.8508283427363905,0.4681740578669249,-0.25462496434787363,-0.9837749674644501,-0.25462496434787363,0,0,0,1,0,0.0030222052858237,0.0205615389369884,0.0065353761819297,1,TLT
2018-05-25,2018-05-25,train,2,R2: Transition / mixed,-0.617755033610188,0.8629927164819553,0.20328444568284096,0.1457949124131952,-0.6356889657891815,0.6980421807446764,-0.08970456253523099,-0.5683908818173748,-0.7084258127911934,0.260676463467971,-1.0238093203443686,0.5558313066580604,0.8699970445609939,-0.25420387195241195,-0.9437656880103215,-0.25420387195241195,0,0,0,1,0,0.0053280905789991,0.0080210480184346,-0.0058436914702799,1,TLT
2018-06-01,2018-06-01,train,1,R1: Growth / trend,-0.38375343703571624,0.89520794333327,0.011755568555969487,0.2573940915794312,0.5131287086663501,0.1236814823381161,-0.36818350060036453,-0.6161206832484324,-0.7540417971076987,0.4603672077140316,-0.7517205177623023,0.4012746490832738,0.7216708785635041,-0.25492079382775906,-1.143812085280965,-0.25492079382775906,1,0,1,0,0,0.0167759134998843,-0.0064006285039039,0.0042452794638734,0,SPY
2018-06-08,2018-06-08,train,1,R1: Growth / trend,-0.8269599687311562,0.24871503177657334,0.33521379698538534,0.6662625436763072,0.9117669798615405,0.16154643291467916,-0.255939045330914,-0.533533074291574,-0.611496919291378,0.6252481054766913,-0.7371144114357323,0.5932955251940892,0.5126172556622284,-0.255002478326716,-1.1038028058268363,-0.255002478326716,0,0,1,0,0,0.0006632745690435,0.0071116146082268,-0.0135761789231607,1,TLT
2018-06-15,2018-06-15,train,1,R1: Growth / trend,-0.6530237096549127,0.5765113321748336,0.0806604838553065,0.13278350114255963,0.580129631485024,-0.43462274485073366,-0.43471969074057665,-0.6043136829475778,-0.6753944124966437,0.5998748401067587,-0.5639666816434697,0.5046856585642479,0.4080331359189686,-0.2550904215290036,-1.0637935263727076,-0.2550904215290036,0,0,1,0,0,-0.0086245455725685,0.0012459758714207,-0.0082413056715061,1,TLT
2018-06-22,2018-06-22,train,1,R1: Growth / trend,-0.4898650955911232,0.7211341313430436,-0.1408456230900659,0.10135693940201677,0.12233363367647936,0.04987132766531228,-0.4115475034475887,-0.6595485120131307,-0.7126271711942539,0.29008384887035665,-0.6973477986222455,0.6532501407375538,0.4074619190151672,-0.2545729773497914,-1.023784246918579,-0.2545729773497914,0,0,1,0,0,-0.0125933678328939,0.0098730077035853,-0.0140435006102754,1,TLT
2018-06-29,2018-06-29,train,1,R1: Growth / trend,-0.16097405995242703,1.2932936600475136,-0.34472856319325307,-0.2143762701440801,-0.44725094854208164,-0.29464367758969645,-0.24087978890809178,-0.49184544200679625,-0.6193611597493781,0.40117924914687514,-0.7250969464492595,0.4162159280247515,0.6763840121391925,-0.25446505905369593,-0.9837749674644501,-0.25446505905369593,0,0,1,0,0,0.0152609942473846,0.0107451946136563,0.0017699037654614,0,SPY
2018-07-06,2018-07-06,train,1,R1: Growth / trend,-0.32737434734411036,0.2855856448557781,0.7554839663854168,0.40506696711291434,0.24304430243198802,1.0933354228684753,-0.331207356515509,-0.5829763516633011,-0.7880831108881078,-0.1978237515225009,-0.804375967643409,0.19471687441679947,0.98420225531923,-0.25153878738492685,-0.9437656880103215,-0.25153878738492685,0,0,1,0,0,0.0151405086310649,-0.0002440939630687,-0.0105165740668112,0,SPY
2018-07-13,2018-07-13,train,1,R1: Growth / trend,-0.4627188670787943,0.0210624219515403,0.6580532510875154,0.3017387054915221,0.08433938938412484,0.419641721182701,-0.4900792985174768,-0.6335153039520276,-0.7622595742596404,-0.28643189255372914,-0.5740053484136061,0.3221666691080287,0.5978567567789549,-0.25089467330686593,-0.9037564085561928,-0.25089467330686593,0,0,1,0,0,0.0003217383931781,-0.0159716991630223,-0.0089278381626449,0,SPY
2018-07-20,2018-07-20,train,1,R1: Growth / trend,-0.49738783630828276,0.016035020403139033,0.2441464225609083,0.40381659252916147,-0.21401829456431665,-0.5746353618795818,-0.57208191276148,-0.6382279613244786,-0.6937560290830894,-0.28223545009922446,-0.34975595585599606,0.40866698006898877,0.26014623454834535,-0.25085346799966596,-0.8637471291020641,-0.25085346799966596,0,0,1,0,0,0.0062213275968039,-0.0107644586971615,-0.0062628323852883,0,SPY
2018-07-27,2018-07-27,train,1,R1: Growth / trend,-0.5384704688989539,0.02257668820805862,0.16454380802806687,0.6820759877045377,-0.19668162629378935,-0.4434408835721126,-0.4946129552787902,-0.6301874092788878,-0.6805525690500603,-0.2605530059936345,-0.4879240471074357,0.5171918052583819,0.3056800719828607,-0.2508274917844113,-0.8237378496479354,-0.2508274917844113,0,0,1,0,0,0.007746642721395,0.0002214250041829,-0.0078563726817223,0,SPY
2018-08-03,2018-08-03,train,1,R1: Growth / trend,-0.7056652292813265,-0.05094275314379106,0.18202718557103204,0.21348016035678377,0.15831407800021915,-0.2107520909916328,-0.5162957296244207,-0.6361180995686673,-0.619302202046937,0.010238394675941611,-0.39974835547780796,0.6581407752946302,0.06823748363923267,-0.253255807723817,-0.7837285701938067,-0.253255807723817,0,0,1,0,0,-0.0015516385791939,0.0120785747726896,-0.0020013551270768,1,TLT
2018-08-10,2018-08-10,train,1,R1: Growth / trend,-0.46197247860982477,0.4434899080479388,0.13620013331970304,-0.5492935667369644,-0.6073362795912758,-0.24288778310273998,-0.5084606776720678,-0.6227296514712609,-0.6596047444413845,-0.06621116787191542,-0.4306698761174338,0.5206053234318004,0.24034581010602357,-0.2527392561747816,-0.743719290739678,-0.2527392561747816,0,0,1,0,0,0.0067100546828389,0.0026518072592764,-0.0223210840831236,0,SPY
2018-08-17,2018-08-17,train,1,R1: Growth / trend,-0.4829606914229259,0.16914249517924124,0.2886224776541898,-0.09270718477083663,0.12570812655728866,-0.3115169253202883,-0.6299495670472346,-0.6672033438247835,-0.7191155575637789,-0.06733767556527469,-0.2888445851242379,0.38085970715450046,0.22256937788176248,-0.2532133152074556,-0.7037100112855493,-0.2532133152074556,0,0,1,0,0,0.0085945977727155,0.0108288636175424,0.0181040440418769,2,GLD
2018-08-24,2018-08-24,train,1,R1: Growth / trend,-0.5180683625856796,0.12221458975775144,0.7657434123065038,-0.7864156530591702,0.2639396265205368,0.31659434234918354,-0.5225150363994656,-0.5512698480712117,-0.6399741961272285,0.1160226818421351,-0.27501013609980207,0.25925816572024807,0.3296963029197884,-0.2536620131825982,-0.6637007318314206,-0.2536620131825982,0,0,1,0,0,0.0097387228925127,-0.0105489262280915,-0.0056937763229473,0,SPY
2018-08-31,2018-08-31,train,1,R1: Growth / trend,-0.4787912416111499,0.12744055576103985,0.397018415018551,-0.2314297770032495,0.023821417560869473,-0.43268008464977226,-0.642804058396738,-0.6436947540831216,-0.7074201693062578,-0.09151924894668428,-0.2092624267862312,0.2921660446327523,0.22233906886413665,-0.2529619302297395,-0.6236914523772918,-0.2529619302297395,0,0,1,0,0,-0.0093349369602206,-0.0132362932479149,-0.002466732217667,2,GLD
2018-09-07,2018-09-07,train,1,R1: Growth / trend,-0.42832425473087615,0.17414500294021268,0.31490509424560176,0.43160412065211723,-0.6982113050861989,-0.7707886740232477,-0.4977720667229098,-0.5942828997863006,-0.7106072866867511,-0.36320061670209025,-0.4627790000352643,0.29132241058025743,0.5024758820206201,-0.24914185933280186,-0.5836821729231632,-0.24914185933280186,0,0,1,0,0,0.0114048805515503,-0.0048687667934018,-0.0018546914037014,0,SPY
2018-09-14,2018-09-14,train,1,R1: Growth / trend,-0.7156820311365124,-0.36080239432547034,0.5405606704126384,0.42249984063327234,0.15975062157204986,-0.014342488378417728,-0.4530094791021521,-0.5596746829616667,-0.5822931794872509,-0.1634574087214023,-0.38590519829392705,0.5293302766066318,0.17966923907943028,-0.25107843062941654,-0.5436728934690345,-0.25107843062941654,0,0,1,0,0,0.008359993627059,-0.0122307936350504,0.0041585669320751,0,SPY
2018-09-21,2018-09-21,train,1,R1: Growth / trend,-0.7706687600173074,-0.28413976720220113,0.11940199933154017,0.5715327040963153,-0.09145664484459554,-0.3340401793161999,-0.42865753526974537,-0.5765063123366662,-0.525846587301207,-0.13759689417295734,-0.41695800156444135,0.7637349634625733,-0.02077937093533821,-0.25124626215607265,-0.5036636140149058,-0.25124626215607265,0,0,1,0,0,-0.0043494089670472,0.0014515231418616,-0.0064322472577301,1,TLT
2018-09-28,2018-09-28,train,1,R1: Growth / trend,-0.7350529567960816,0.1354928173257828,0.19900148539325604,0.12214956527022494,-0.6869220548048001,-0.335966530737755,-0.38810428315247103,-0.6025085965207665,-0.6207275538917333,-0.08650920458325462,-0.6036532977765195,0.6968751320550107,0.2562003552009663,-0.2521786344671352,-0.4636543345607771,-0.2521786344671352,0,0,1,0,0,-0.009975045903788,-0.0339204762829823,0.0092231367135915,2,GLD
2018-10-05,2018-10-05,train,1,R1: Growth / trend,-0.5221127436858145,0.5688174758155412,-0.77920336580041,1.038587059607441,-0.15673781186054828,-1.5786800898538713,-0.1882034111476704,-0.3820625976097811,-0.3524819301784248,0.4689273039224917,-0.4773374355852891,0.7451186606399137,0.06866553998870326,-0.25413953544074747,-0.4236450551066484,-0.25413953544074747,0,0,1,0,0,-0.0412412385035551,0.0126502264811083,0.0125659074413682,1,TLT
2018-10-12,2018-10-12,train,1,R1: Growth / trend,0.6724140986962506,2.3098472173226234,-0.9088014866450009,0.38211887123450144,-0.6399231135754153,-0.5794019729008221,0.6630641518211273,0.30049985866867585,-0.003626087759108575,1.0372275622500333,-0.8883645646542815,-0.13956244007940785,1.4165254475562084,-0.25399649846473277,-0.3836357756525197,-0.25399649846473277,0,0,1,0,0,0.0010873960043853,-0.0066390949268867,0.0067690597637213,2,GLD
2018-10-19,2018-10-19,train,1,R1: Growth / trend,0.23232925806241989,1.3999125572387645,-0.250638264224748,1.297259978047563,0.5186931996028016,0.43148705966061157,0.06601520848214551,-0.3039547759999508,-0.5994717844773451,0.407062888839991,-0.9733740646515394,-0.04843168409417949,1.4201201151344032,-0.25401553159666534,-0.343626496198391,-0.25401553159666534,0,0,1,0,0,-0.0395297343187215,0.0112565048767303,0.0065511119113976,1,TLT
2018-10-26,2018-10-26,train,1,R1: Growth / trend,1.1242918401993984,2.8363440788493146,-0.6489840994592065,-0.03010900709081842,-0.7730133181160493,-0.05786729644102213,1.2951430732873495,0.8718731484491337,0.4096276309750436,1.5099097746672183,-1.0045202863071931,-0.6361097063633684,2.0448212532456203,-0.25381557561496937,-0.3036172167442623,-0.25381557561496937,0,0,1,0,0,0.024724093616298,-0.0236381991676609,-0.0010276194282533,0,SPY
2018-11-02,2018-11-02,train,1,R1: Growth / trend,0.5238808601071275,0.9465864710771403,0.0863511885457936,2.0802460493865946,1.3814912231939418,0.1865581874443506,0.1437278357277954,-0.04419814412067031,-0.42346942643440016,0.3213512346553353,-0.7792590633551396,-0.42796300945635135,1.581937313274889,-0.25207118272712575,-0.2636079372901336,-0.25207118272712575,0,0,1,0,0,0.0215894877447591,0.0120538773426861,-0.0186026415821682,0,SPY
2018-11-09,2018-11-09,train,1,R1: Growth / trend,0.1239664266556367,0.6406361425412135,0.38552904103525243,1.0976877207331754,0.40735476399458675,0.26749701839088963,-0.3823880699052773,-0.5358099329221219,-0.8288384396780583,-0.2855376799524582,-0.7292733159799302,-0.14916142218690226,1.2443583489764771,-0.25051948753737996,-0.2235986578360049,-0.25051948753737996,0,0,1,0,0,-0.0145088701255894,0.0119097327735402,0.0099580656553099,1,TLT
2018-11-16,2018-11-16,train,1,R1: Growth / trend,0.5716602912453346,1.2338832491431817,0.40142399195207046,0.007098628645751468,-0.3997637600135215,0.37608074413590753,-0.2473729733947092,-0.3515239962911923,-0.724548577275199,-0.3025460945461504,-0.701744501978798,-0.4314990228733325,1.4939045980596914,-0.24768130148330567,-0.1835893783818762,-0.24768130148330567,0,0,1,0,0,-0.0382858786130239,0.0038363040666278,0.001297300578803,1,TLT
2018-11-23,2018-11-23,train,1,R1: Growth / trend,0.675103235904114,1.2120146539777197,0.6884429082033404,0.3939825913596329,-0.22721638527357926,0.4157424547945826,-0.17021790600356898,-0.274098359825473,-0.7472606771447032,-0.3347398251808044,-0.7993120560600752,-0.7061293023267593,1.8774075804361336,-0.2464443533019118,-0.1435800989277475,-0.2464443533019118,0,0,1,0,0,0.0471033600803352,0.0016499476908427,-0.0019866609156788,0,SPY
2018-11-30,2018-11-30,train,1,R1: Growth / trend,0.44219277834405785,0.35212058933691115,1.0925724350356218,0.5193600989657854,0.7689497023590374,0.4992240777442899,-0.4758074367169908,-0.3884685439631751,-0.7826387880023631,-0.4897020838592479,-0.38039461459133567,-0.6251844192646954,1.3260229960465624,-0.24503106738770444,-0.1035708194736188,-0.24503106738770444,0,0,1,0,0,-0.0438236626472305,0.0290884300927054,0.0220702388969826,1,TLT
2018-12-07,2018-12-07,train,1,R1: Growth / trend,1.6007771243776403,1.8113295845118476,0.8963601582903438,-1.0708771594546567,-0.7998663931153862,0.3812374895358919,0.6727647110473625,0.7585554150610399,0.14125214816746262,0.22729107699308493,-0.47443742721644583,-1.1996797291006494,1.9890689393185024,-0.227978289107276,-0.0635615400194901,-0.227978289107276,0,0,1,0,0,-0.0117617391612603,0.0005912629773847,-0.008722150997022,1,TLT
2018-12-14,2018-12-14,train,1,R1: Growth / trend,1.0221632681726565,0.8681824055686619,1.2211468477156486,-0.006199392956156434,0.17236939937981896,-0.06449263189056945,-0.2901350063867659,-0.06527490724735012,-0.6178998265775812,-0.4805022840988344,-0.2641325810824354,-1.0887577932498436,1.6523263139526305,-0.23682271912206065,-0.02355226056536141,-0.23682271912206065,0,0,1,0,0,-0.0705046267437667,0.0213227177887338,0.0141807935821838,1,TLT
2018-12-21,2018-12-21,train,1,R1: Growth / trend,1.7416937683974718,2.2964798599880822,0.42688799345035333,-1.2681921717472895,-1.594870808278694,-0.9871246333604637,1.2443166592203112,1.33205228041808,0.7120876804807593,0.8981771004807904,-0.33063933888471836,-1.2502754037201105,1.8847476309880222,-0.2331021146609406,0.01645701888876729,-0.2331021146609406,0,0,1,0,0,0.0292897554664586,0.0027339936309391,0.019710211538328,0,SPY
2018-12-28,2018-12-28,train,1,R1: Growth / trend,1.647618689721837,1.3848508677805857,1.3095826209082566,-0.49269483209336884,0.21349496227176615,0.3689508148284781,0.36394894982178266,0.6050533896209291,-0.07632776398586767,0.009886508019096844,-0.30392626769122233,-1.3631038164084979,1.9638913210425522,-0.22926662641140683,0.05646629834289599,-0.22926662641140683,0,0,1,0,0,0.0187284911282934,0.0087565400123881,0.0031389797660332,0,SPY
2019-01-04,2019-01-04,train,1,R1: Growth / trend,1.4024942148102635,0.07561264179516433,2.1516450613741043,0.09977441319685584,1.352919008770638,0.7087906265529441,0.16237791287572415,0.6066957724725511,-0.04496569257121712,-0.35476200627154747,0.2846397747911795,-1.4453999852788442,1.3448715397906776,-0.190308150207187,0.09647557779702469,-0.190308150207187,0,0,1,0,0,0.026110285550388,-0.0096634535160757,0.0029644318438255,0,SPY
2019-01-11,2019-01-11,train,1,R1: Growth / trend,0.792765764529281,-0.6373324539296134,2.2228421240783676,0.16811221508445426,0.9264470669063856,-0.03807175495339541,-0.2204361309353744,0.2796335885032896,-0.22391907403971006,-0.6990207592739319,0.7138874388539749,-1.3033942126364018,0.7089818102080082,-0.17844065439352477,0.1364848572511534,-0.17844065439352477,0,0,1,0,0,0.0288824705620971,-0.0113289927833994,-0.0064039933427582,0,SPY
2019-01-18,2019-01-18,train,1,R1: Growth / trend,0.5297474572647702,-0.6658170946703915,1.6075124339874598,0.2659238677698135,0.5305597496424439,-1.0649519314125389,-0.5706298611028179,-0.03429778468041771,-0.39231906872556055,-0.8421497658311203,1.0675530616136388,-1.1560532036145577,0.19259379398288584,-0.20278985342000405,0.17649413670528208,-0.20278985342000405,0,0,1,0,0,-0.0025520299332614,0.0081131631804181,0.0152041316999207,2,GLD
2019-01-25,2019-01-25,train,1,R1: Growth / trend,0.5486585119429077,-0.5456638520379992,1.710211622513429,-0.4191103540054622,0.15482200437460092,-0.6961186226706327,-0.5883906504706784,-0.06308215850541295,-0.4151242884090405,-0.9025525094187995,1.0315627201879092,-1.131948408163771,0.20203407831182496,-0.19685407554018539,0.2165034161594108,-0.19685407554018539,0,0,1,0,0,0.0161038817386067,0.0058349241588411,0.013348521744271,0,SPY
2019-02-01,2019-02-01,train,1,R1: Growth / trend,0.6207067203850719,-1.1954953787526859,2.010633267578056,-0.12062405081588964,-0.6464677184637041,-0.6071851604235992,-0.24067084272460257,0.29820399141865106,-0.03943463210319644,-1.3683198477198069,0.9821298984372077,-1.295514077736169,-0.10681661938600802,0.27769191801190724,0.2565126956135395,0.27769191801190724,0,0,1,0,0,0.0015179245501726,0.0114919758733409,-0.0023293246227096,1,TLT
2019-02-08,2019-02-08,train,0,R0: Calm / risk-on,0.7936273532952355,-1.0219189739583818,2.081616473540092,-0.5191635807132471,-1.2031810855236431,-0.33888666862987665,-0.10095459479811873,0.41146523627873527,0.03912865016771086,-1.4792465665205419,0.6737366543647786,-1.379522577395528,-0.1064363884581152,0.6628901517975697,-1.143812085280965,0.6628901517975697,1,1,0,0,0,0.0255111684721538,-0.0030241936251176,0.0047500521023584,0,SPY
2019-02-15,2019-02-15,train,0,R0: Calm / risk-on,0.527455835623271,-1.3579682105446793,1.9503745142599829,-0.16530729581885661,-0.4530762936189001,-0.773733510355806,-0.27039860239689134,0.3131011973013182,0.02962469700618766,-1.2792561667526563,1.2733707998414423,-1.3028547727866888,-0.3114122606665784,0.17551323759847803,-1.1038028058268363,0.17551323759847803,0,1,0,0,0,0.0063814023566866,-0.0033612037759087,0.0056089497686302,0,SPY
2019-02-22,2019-02-22,train,0,R0: Calm / risk-on,0.4248019739827745,-1.3669009704740578,1.9670603769695976,-0.10911766860833966,-0.2649493415780328,-0.4423221287788888,-0.27557958820509887,0.24735504713060907,-0.024154372990344272,-1.2205025043970532,1.1491022554693757,-1.1823522574901335,-0.19658343151818172,0.088540116984977,-1.0637935263727076,0.088540116984977,0,1,0,0,0,0.0045855665548935,-0.0218748929922496,-0.0288446433990601,0,SPY
2019-03-01,2019-03-01,train,0,R0: Calm / risk-on,0.1710756055262985,-1.1863334024007441,0.7536454750436296,0.37877342082363746,0.049132115665321816,-2.621383846175429,-0.48917906105968195,0.150865745758879,0.08448142621673776,-0.6649014530361665,1.948585920421473,-1.188960887126467,-0.7613632562971433,-0.20133740003046505,-1.023784246918579,-0.20133740003046505,0,1,0,0,0,-0.0212535798383117,0.024523732678634,0.0078765926001507,1,TLT
2019-03-08,2019-03-08,train,0,R0: Calm / risk-on,0.5536216387361255,-0.31428562503161833,1.0844764433554486,-1.0368850439814694,-1.507111712255561,-0.9870594789959917,-0.47701894546111007,-0.04412035518043878,-0.26186863127780796,-1.2077784599116843,0.9557973917720474,-0.901173724514539,-0.07936394217996398,-0.07613215076683823,-0.9837749674644501,-0.07613215076683823,0,1,0,0,0,0.0294721624490135,0.0014810187427531,0.0010583269837853,0,SPY
2019-03-15,2019-03-15,train,0,R0: Calm / risk-on,0.27945696625488603,-1.1789314732786673,1.4477240702653489,-0.14396676324873847,0.20450948117884038,-0.32267714801442193,-0.5696308080238418,-0.084379634125958,-0.2455775486294735,-1.1171225279368686,1.231955642272689,-0.9197159505851248,-0.30519579409984854,-0.13398597997015602,-0.9437656880103215,-0.13398597997015602,0,1,0,0,0,-0.0073224349123751,0.0255438744331502,0.0081320646505096,1,TLT
2019-03-22,2019-03-22,train,0,R0: Calm / risk-on,0.8385402532704229,-0.0665795967209844,1.0159253881451253,-1.40844545601787,-1.0394824653144885,-0.6615899949800018,-0.503344898479347,0.0011575996714535556,-0.2379472215492575,-1.0804389707114814,1.1831383751923292,-1.033695517753331,-0.14388638169025184,-0.1270373119943428,-0.9037564085561928,-0.1270373119943428,0,1,0,0,0,0.0115663372056415,0.0126541078532054,-0.0158102691390901,1,TLT
2019-03-29,2019-03-29,train,0,R0: Calm / risk-on,0.4269526726985898,-0.7150723110582244,1.4959882043795696,-0.8749785423842404,0.15432685532794874,-0.5975528037170521,-0.6574522826021839,-0.09695871404920117,-0.321146273624684,-0.878590554657116,1.3904668068088293,-1.0754287842882368,-0.24911640029509255,-0.20315325810301102,-0.8637471291020641,-0.20315325810301102,0,1,0,0,0,0.0215589295837415,-0.0168990310073673,-0.0002458714758761,0,SPY
2019-04-05,2019-04-05,train,0,R0: Calm / risk-on,-0.10815315924649843,-0.854186018949958,1.1425810535650582,-0.3249201123643402,0.5171157164461625,-0.8874553614698409,-0.705445763511749,-0.27826814681140793,-0.38119166748562633,-0.53502480503799,1.124500689394746,-0.6827892240159082,-0.3053596597013385,-0.23956289263549504,-0.8237378496479354,-0.23956289263549504,0,1,0,0,0,0.0055102223858463,-0.010964923429527,-0.0012297222639024,0,SPY
2019-04-12,2019-04-12,train,0,R0: Calm / risk-on,-0.22038400357978327,-0.7266135555206502,0.9473545248158225,-0.3513459943529853,0.30753979484690036,-1.0005019452355104,-0.7318601739053199,-0.36342614779099724,-0.43315709950720266,-0.4851878044858951,0.9543789531496335,-0.5052339419257534,-0.2890360040079036,-0.2434573956118068,-0.7837285701938067,-0.2434573956118068,0,1,0,0,0,-0.0004826560795226,0.0018748976206723,-0.0119839043136291,1,TLT
2019-04-19,2019-04-18,train,0,R0: Calm / risk-on,-0.27328427507062364,-0.6062835900433292,0.663940069841923,-0.4137028937721667,0.035008988373515064,-1.1545049233644773,-0.7598988532342187,-0.42945833938332933,-0.44868484105852385,-0.48853394213228063,0.8776454833117086,-0.35128156236387353,-0.3565353888963628,-0.24459144958516563,-0.743719290739678,-0.24459144958516563,0,1,0,0,0,0.0116892114223958,0.0074044469688372,0.008307717680337,0,SPY
2019-04-26,2019-04-26,train,0,R0: Calm / risk-on,-0.2854538344989812,-0.4247335373698806,0.8454467370352345,-0.8276559290682436,-0.3557835771885258,-0.7489268110878539,-0.6897705986429831,-0.4337722988883478,-0.49161010065965643,-0.49432402157024974,0.5868261104567307,-0.23465790361438915,-0.14921574775996463,-0.2438348838307439,-0.7037100112855493,-0.2438348838307439,0,1,0,0,0,0.0021130251995082,0.0008851904470132,-0.0059322831375927,0,SPY
2019-05-03,2019-05-03,train,0,R0: Calm / risk-on,-0.23571202512999825,-0.27371633373087983,0.5653209659153955,-0.6791953336928778,0.012176292061065406,-1.0126746817372951,-0.790720801663509,-0.5026913353209934,-0.5402683087592408,-0.36408270065066445,0.6909102632991584,-0.25544039880194663,-0.2390065117859259,-0.24900213702784676,-0.6637007318314206,-0.24900213702784676,0,1,0,0,0,-0.0201680011954822,0.0088142188853006,0.0064649711515301,1,TLT
2019-05-10,2019-05-10,train,0,R0: Calm / risk-on,0.2595634189792337,0.6039415695252996,0.3027540258256759,-1.0574528146491067,-0.8637883568838444,-0.8924302437376483,-0.586773764899554,-0.3894320218475212,-0.5479151212788983,-0.4054023975117816,0.27766008742277093,-0.28593245194446476,0.24978466926107448,-0.2453903083221128,-0.6236914523772918,-0.2453903083221128,0,1,0,0,0,-0.0078447392130426,0.0099397405592935,-0.0064234437728452,1,TLT
2019-05-17,2019-05-17,train,0,R0: Calm / risk-on,0.4326029398630352,0.4999039619631313,0.4925776446011633,-1.1255299627345776,0.20818321779640406,-0.5882978515733597,-0.733936935069551,-0.39547855586193087,-0.5811222995881465,-0.2881688262155199,0.6624870008409052,-0.5709631383076555,0.11012175826349901,-0.24947058491302349,-0.5836821729231632,-0.24947058491302349,0,1,0,0,0,-0.0107051378688496,0.0142074402913967,0.005387497038195,1,TLT
2019-05-24,2019-05-24,train,0,R0: Calm / risk-on,0.2940565498329518,0.2591842623088106,0.6426836187133597,-1.2660852133586968,0.4121532582648397,-0.20926145082053435,-0.7513741423622196,-0.41777918585134094,-0.5628525950604081,-0.285951368806334,0.707182349855854,-0.5042691759271527,-0.0066264167152835654,-0.24965777931385533,-0.5436728934690345,-0.24965777931385533,0,1,0,0,0,-0.0265577614494627,0.0316952355075506,0.0167353563744816,1,TLT
2019-05-31,2019-05-31,train,0,R0: Calm / risk-on,0.7484045135684692,0.8440366713271459,0.5360286242987692,-2.166439009204638,-0.28297353904567757,-0.14052877893495627,-0.29205290626129604,0.046597550326398854,-0.15948796795503759,0.01470765010362416,0.7961370943624552,-0.7019988733693289,0.08893646719299447,-0.24652573902608757,-0.5036636140149058,-0.24652573902608757,0,1,0,0,0,0.0449738073888688,0.0013682502351604,0.026433101908988,0,SPY
2019-06-07,2019-06-07,train,0,R0: Calm / risk-on,0.38050900505302615,-0.11305582860301393,0.943527967098437,-1.544805624901944,1.719371577088802,0.422514079170864,-0.5465460872009092,-0.08285126573327106,-0.19820871324340958,0.18063326912084407,1.3047400732080932,-0.8135571814426109,-0.3617915807786143,-0.2520025246763854,-0.4636543345607771,-0.2520025246763854,0,1,0,0,0,0.0055970949045884,-0.0021253097190301,-0.0002369759077707,0,SPY
2019-06-14,2019-06-14,train,0,R0: Calm / risk-on,0.20861746881850324,-0.2992533533636047,0.5314866909065912,-1.5839171799886578,1.1284471656991133,-0.5143726157842512,-0.7902887040488343,-0.24980341278561347,-0.23805122129605566,-0.07204325096125076,1.6533627485098712,-0.8485430465117645,-0.7173394977673581,-0.25131662972231866,-0.4236450551066484,-0.25131662972231866,0,1,0,0,0,0.0213302349102662,-0.0002281566042204,0.0428255236528112,2,GLD
2019-06-21,2019-06-21,train,0,R0: Calm / risk-on,0.2000702954761384,-0.6023757762614449,0.628731458401148,-1.4353144828676498,1.4663440829969914,-0.21793339814800616,-0.7439758085261332,-0.17828750759461787,-0.13685481762067464,-0.11319801094792159,1.7861391755755314,-0.9096786897280331,-0.8059840854904968,-0.24994383374380966,-0.3836357756525197,-0.24994383374380966,0,1,0,0,0,-0.0034013457229069,0.010499776990664,0.0092438343703367,1,TLT
2019-06-28,2019-06-28,train,0,R0: Calm / risk-on,0.07566007364289584,-0.3428602075638881,0.5700398878051063,-1.6824895367515642,0.6610144400280606,-0.26684081674331434,-0.7614618017448003,-0.30771537237757784,-0.2747614720034221,-0.21310954770643467,1.3887236397368017,-0.6259565715768044,-0.6470360049705279,-0.24935870675262634,-0.343626496198391,-0.24935870675262634,0,1,0,0,0,0.0186349011000339,-0.0009055051836573,-0.0079579398114073,0,SPY
2019-07-05,2019-07-05,train,0,R0: Calm / risk-on,0.11785836524882523,-0.7742308878680894,0.5481318623795154,-0.6591837130986271,1.2341160667077575,-0.9540431624963794,-0.8477941110458616,-0.2743879931109769,-0.2474970820175983,-0.3636230707935891,1.7562884013333036,-0.9064546132319921,-0.7790268609280117,-0.24707722252314493,-0.3036172167442623,-0.24707722252314493,0,1,0,0,0,0.0073370940340857,-0.0166878650740163,0.0105191417895325,2,GLD
2019-07-12,2019-07-12,train,0,R0: Calm / risk-on,0.007027577942837875,-0.9207759284914228,0.17030654153415423,-0.8086478600745333,0.9351718899774479,-0.9646310802938871,-0.8598422919342336,-0.30517396445816963,-0.1428435896655877,-0.45775617214894476,1.8201113730587364,-0.8041589565492862,-0.9558119197649446,-0.24466340097113767,-0.2636079372901336,-0.24466340097113767,0,1,0,0,0,-0.011574678610415,0.011288453655178,0.0070396349134993,1,TLT
2019-07-19,2019-07-19,train,0,R0: Calm / risk-on,0.21792549562679364,-0.32367269458087555,-0.15494443081777223,-1.3769123771391265,0.12924853309162326,-1.358975557103141,-0.8597984651307775,-0.3156913425515927,-0.17711551133768721,-0.453018506895161,1.7659494286463546,-0.7844396316462577,-0.9146763969794479,-0.24498568469226076,-0.2235986578360049,-0.24498568469226076,0,1,0,0,0,0.0162871242367714,-0.0016706193202983,-0.0061723940174018,0,SPY
2019-07-26,2019-07-26,train,0,R0: Calm / risk-on,-0.15779246966125657,-0.8670931384117783,0.26661786392001646,-0.5685723718840392,0.7372612470799595,-0.5096856254982727,-0.8288253032979253,-0.4299317287303389,-0.29261013189159,-0.5342909073356222,1.276244323849178,-0.38874432971729994,-0.7660789281048391,-0.24337805475167323,-0.1835893783818762,-0.24337805475167323,0,1,0,0,0,-0.0310916440348509,0.0404026206529311,0.0168362766407965,1,TLT
2019-08-02,2019-08-02,train,0,R0: Calm / risk-on,0.8938550020429268,0.033810207727789095,-1.2891538790438128,-3.148710324789676,-0.22964141709500555,-0.512790720549887,-0.009020655317750004,0.5972421553742735,1.0192706709170547,0.17598609054590483,2.371962038523551,-1.1333785898610957,-1.2537075600135708,-0.23455614027675445,-0.1435800989277475,-0.23455614027675445,0,1,0,0,0,-0.0034175018307016,0.0259325084617603,0.0395172208500029,2,GLD
2019-08-09,2019-08-09,train,0,R0: Calm / risk-on,1.0780997942316393,-0.09751742092771588,-0.7807421655256779,-2.35001005322053,1.0472454060179548,0.4056272432431112,-0.3303516115579106,0.3002681515740538,0.5724046538178744,-0.1382255784329297,2.2788821178160426,-1.1224679417920294,-1.1604582804511692,-0.2346462783387115,-0.1035708194736188,-0.2346462783387115,0,1,0,0,0,-0.0094983057360582,0.0434128409420488,0.0107603308195469,1,TLT
2019-08-16,2019-08-16,train,0,R0: Calm / risk-on,1.3940644510388134,-0.06753760005599219,-0.9787578960578753,-2.6342241460546894,1.4436482657805296,0.19109910437391892,-0.03194721116912654,0.732349831956846,1.0350405883773761,0.241409199295651,2.6692019437399392,-1.4556504510495223,-1.2589442923542735,-0.23780243810581037,-0.0635615400194901,-0.23780243810581037,0,1,0,0,0,-0.0138481879123818,-0.0011631483093088,0.0097352528472636,2,GLD
2019-08-23,2019-08-23,train,0,R0: Calm / risk-on,1.4779963696134262,0.09735780000412508,-1.0785805105804427,-2.1466350344060134,1.6130024728513317,-0.43692623890387244,-0.12501027794870284,0.6768515422240908,0.9181911953047471,0.2700633148887288,2.700725296804422,-1.5033874202092334,-1.2408519626204788,-0.24266715474872982,-0.02355226056536141,-0.24266715474872982,0,1,0,0,0,0.0266809227508497,0.0090431560489834,-0.002913214776164,0,SPY
2019-08-30,2019-08-30,train,0,R0: Calm / risk-on,0.8760314258409747,-0.7223560438805281,-0.5641582907201741,-1.5904577079730835,1.8217258790241233,-0.2573763396533373,-0.6017535059953629,0.1818616283694048,0.4708357386438476,-0.2547810132704493,2.5785790806356745,-1.3752784133060512,-1.2354331139980392,-0.24036805688498444,0.01645701888876729,-0.24036805688498444,0,1,0,0,0,0.0191482302772247,-0.0083654356645923,-0.0127304475203804,0,SPY
2019-09-06,2019-09-06,train,0,R0: Calm / risk-on,0.8539837372913135,-1.5087327028319202,-0.9527781767032847,-1.187268666342652,1.696044608216263,-0.6084144543894053,-0.4549754919631974,0.4349106682358222,0.922795143073224,-0.5340636112008312,2.8193568165718847,-1.5763097949780611,-1.343778662085977,-0.2036293705586069,0.05646629834289599,-0.2036293705586069,0,1,0,0,0,0.0101995329154147,-0.063448218615682,-0.012471845372728,0,SPY
2019-09-13,2019-09-13,train,0,R0: Calm / risk-on,0.2943839550806832,-2.1111498524494907,-1.7982336573467497,0.6059339199187102,1.4134120808592678,-2.83293153450267,0.3274015425133348,1.1135533931808357,1.8000102671002662,0.24682130816488798,2.826837670528265,-1.5491798553540745,-1.3742661405824814,-0.20822833040638766,0.09647557779702469,-0.20822833040638766,0,1,0,0,0,-0.0047576024505291,0.0391832524247361,0.0199786170081883,1,TLT
2019-09-20,2019-09-20,train,0,R0: Calm / risk-on,0.6553340153038605,-1.1609417378839946,-1.5390053896726228,-1.9621238018038973,0.3350356636372938,-0.4758025850920965,-0.3849477016941641,0.32298476158188116,0.9576376177403387,-0.610757111472612,2.517864222980194,-1.263401279693758,-1.3431064759537377,-0.18356779546634974,0.1364848572511534,-0.18356779546634974,0,1,0,0,0,-0.0096555327407534,0.0059196141787047,-0.0132214020986145,1,TLT
2019-09-27,2019-09-27,train,0,R0: Calm / risk-on,0.7333246618588011,-1.1562990022198525,-1.8522327031835968,-1.5933602742456767,0.4333630771874668,-1.3667753789049448,-0.3240298965452284,0.4666835119143635,1.1240912384392703,-0.4503577210298778,2.7050309000067636,-1.4361936835648397,-1.3619155320552725,-0.19885789495735243,0.17649413670528208,-0.19885789495735243,0,1,0,0,0,-0.0035544953704881,0.0246308584515129,0.0059548869447676,1,TLT
2019-10-04,2019-10-04,train,0,R0: Calm / risk-on,0.8271613645319947,-0.9530600321928023,-1.2776763908734812,-1.8676867588960435,0.8174149226122008,-0.4873433355189942,-0.501279885536336,0.26468503051571857,0.7779543417908156,-0.550280537055916,2.6076549484970584,-1.3552725698603356,-1.3219208117908154,-0.2099394721244426,0.2165034161594108,-0.2099394721244426,0,1,0,0,0,0.0065566746893614,-0.0380160817612903,-0.0131782607302411,0,SPY
2019-10-11,2019-10-11,train,0,R0: Calm / risk-on,0.4884802481430994,-1.644023820167367,-1.6879544630735428,-0.3039377549318036,1.5018113696218702,-1.743354701146383,-0.24717140671685836,0.5456956971916214,1.1847501385373977,-0.19383420636493284,2.740365781793643,-1.4526077351758493,-1.360014114011049,-0.22125708649221798,0.2565126956135395,-0.22125708649221798,0,1,0,0,0,0.0057042355778389,-0.0061233934527646,0.0030708272392978,0,SPY
2019-10-18,2019-10-18,train,0,R0: Calm / risk-on,0.2628082884076179,-1.654707806823385,-1.4683195095690367,-0.5590379559738502,1.017937261176275,-0.9479804042962534,-0.42890882115892137,0.22112382063198144,0.8621306679462584,-0.5491198707000053,2.395522802023676,-1.116117183589173,-1.3321600889224459,-0.20332926769360202,0.2965219750676682,-0.20332926769360202,0,1,0,0,0,0.0121827994287799,-0.0075948233297535,0.0099672065325777,0,SPY
2019-10-25,2019-10-25,train,0,R0: Calm / risk-on,0.15467296088452628,-1.8098493104839262,-1.4631792443906337,-0.6774513059403536,1.1190776413959442,-0.8395580230961152,-0.34422931128269113,0.3010893013429203,0.9919411104482088,-0.4202420451570584,2.420140013951349,-1.1243000575805384,-1.3445106647214904,-0.209585473534265,0.3365312545217969,-0.209585473534265,0,1,0,0,0,0.0150528283219177,0.0164979326716487,0.0049344208743158,1,TLT
2019-11-01,2019-11-01,train,0,R0: Calm / risk-on,0.2997035303453818,-1.5478156257246247,-1.7271223214271854,-1.6996145591255827,1.0537454669230863,-0.7856142729200024,-0.2645499179235504,0.45564835615579546,1.222351570968474,-0.11652170416891072,2.626226586852964,-1.3059758677024242,-1.3699752724169896,-0.22989192963228866,0.3765405339759256,-0.22989192963228866,0,1,0,0,0,0.0091459765201091,-0.0401967937786513,-0.036265419875729,0,SPY
2019-11-08,2019-11-08,train,0,R0: Calm / risk-on,0.02762105302582954,-1.9961521465183776,-2.120047904730218,-0.06281475567642514,1.0733739380070924,-2.0395398015833925,0.14792208397167636,0.7942442119858426,1.623708085960077,0.14974933282932645,2.5686572938172865,-1.248430789371024,-1.3750069307059654,-0.219439256464877,0.41654981343005426,-0.219439256464877,0,1,0,0,0,0.0092253688192309,0.0211251400092169,0.0059684644287183,1,TLT
2019-11-15,2019-11-15,train,0,R0: Calm / risk-on,0.0955817195487437,-1.6266580296191486,-1.631347894405493,-1.1307849328978992,0.3308701818147141,-0.6152035573869858,-0.3475594442628673,0.20471915594657186,0.9401701124439058,-0.5853949181769487,2.176847840396092,-0.8834531360878225,-1.3383804870901044,-0.18790233373544746,0.456559092884183,-0.18790233373544746,0,1,0,0,0,-0.0026622348824127,0.015534224589909,-0.0034006309085575,1,TLT
2019-11-22,2019-11-22,train,0,R0: Calm / risk-on,0.21391123314282962,-1.5409443038567916,-1.51656881659716,-1.1363804957439105,0.4288590754482106,-0.44135663217765053,-0.43155132412831376,0.13839652584559287,0.822747740831032,-0.6980297335370894,2.185135321787167,-0.9108840448426021,-1.327436026655296,-0.181319165049484,0.4965683723383117,-0.181319165049484,0,1,0,0,0,0.0107730880755285,0.0037176102179667,0.0008711711369393,0,SPY
2019-11-29,2019-11-29,train,0,R0: Calm / risk-on,0.10726258661058437,-1.5482984747051531,-1.3354712944766043,-0.7978280945535878,0.642525017950949,-0.2466339013905806,-0.4873227025464475,0.01931137982352302,0.6535453399913791,-0.7127550015954445,1.987743005775313,-0.7101227028525097,-1.295739599757276,-0.19255448838295336,0.5365776517924403,-0.19255448838295336,0,1,0,0,0,0.0017815202348712,-0.0130482162633288,-0.0017409363999817,0,SPY
2019-12-06,2019-12-06,train,0,R0: Calm / risk-on,0.014529000744216767,-1.1275428697791634,-1.7769320818854375,-0.8421650359959892,0.6775971427556187,-0.266664024951794,-0.44130224203135643,-0.05093715801481875,0.6260319824141014,-0.3723008717758408,1.673387448267704,-0.33167835426821474,-1.2818197301498906,-0.23057086496925167,0.5765869312465691,-0.23057086496925167,0,1,0,0,0,0.0077813294135551,0.0049870188037861,0.0103909895749714,2,GLD
2019-12-13,2019-12-13,train,0,R0: Calm / risk-on,0.016963058957830426,-1.0118493607992352,-1.4751478972651106,-1.0898493635887154,0.716733688103362,0.5201606527594966,-0.4660591963155955,-0.15252325297325936,0.4651455359074222,-0.44035498636619774,1.384145869452526,-0.06048395049031945,-1.231339665436578,-0.22993093251240432,0.6165962107006978,-0.22993093251240432,0,1,0,0,0,0.0157152367501405,-0.0156165459865483,0.0033800878129299,0,SPY
2019-12-20,2019-12-20,train,0,R0: Calm / risk-on,-0.19675980610642035,-1.3533444955841358,-1.4696730156498672,-0.3673819479156607,0.2962787374290932,0.4496997635694265,-0.35467569613397787,-0.15122145151180938,0.4925983096196299,-0.6896611660703821,1.0248627663148173,0.2863371637285549,-1.216290301823714,-0.1953140575254781,0.6566054901548265,-0.1953140575254781,0,1,0,0,0,0.0066410840967983,0.0049031842835427,0.020140463536012,2,GLD
2019-12-27,2019-12-27,train,0,R0: Calm / risk-on,-0.17379827232284584,-1.044440160738578,-1.184034449624313,-1.0214749133805157,-0.2068076156672184,1.0044223033058133,-0.371100841171128,-0.2438058335724705,0.32901863073557513,-0.7693395214711688,0.7234754701055337,0.5455192419834263,-1.1426215393013974,-0.1924672932752452,0.6966147696089552,-0.1924672932752452,0,1,0,0,0,-0.0013937386742571,0.0131080106907941,0.0248015087043065,2,GLD
2020-01-03,2020-01-03,train,0,R0: Calm / risk-on,0.08864127203167445,-0.5014181556582026,-1.344484688315031,-1.6154892171493909,0.04999541365628365,1.2180804181303697,-0.33815800674004404,-0.18933448079999998,0.3465553336355198,-0.4489858631993094,0.8158078094770473,0.45770588084886005,-1.1201938827894757,-0.22616694823660302,0.7366240490630839,-0.22616694823660302,0,1,0,0,0,0.0102354640428845,-0.004887712662829,0.0071987045616623,0,SPY
2020-01-10,2020-01-10,train,0,R0: Calm / risk-on,-0.18716892072351998,-1.0130752633037579,-1.0103945958320357,-0.9143910026315605,0.505554602044115,1.330430744855991,-0.3843195129930963,-0.26011015874438376,0.2710183309187989,-0.5411110985215698,0.7065262310473431,0.5609667866402072,-1.1045081945862665,-0.22360303175719204,0.7766333285172126,-0.22360303175719204,0,1,0,0,0,0.0191581844872235,-0.0030336685631621,-0.002246285636298,0,SPY
2020-01-17,2020-01-17,train,0,R0: Calm / risk-on,-0.3313222723760267,-1.1953546734092773,-1.0709745890446576,-0.8474298300408227,-0.17752993160914388,1.1418742212886763,-0.29326277963740494,-0.22248893679257448,0.35784578635324055,-0.7198458006220674,0.558490782396298,0.7185789945660878,-1.131069222787857,-0.19318259375716124,0.8166426079713413,-0.19318259375716124,0,1,0,0,0,-0.009579951485079,0.0294156883274634,0.0095510566175185,1,TLT
2020-01-24,2020-01-24,train,1,R1: Growth / trend,0.17677533474698257,-0.20909841974427723,-1.334831096727678,-1.7608759499875029,-0.9933661200791208,1.1450546866275289,-0.1775876238797543,-0.12790236437556873,0.3472832150281115,-0.6286481702451501,0.4919222719725081,0.6891396792391936,-1.0284050438607732,-0.1919712174446173,-1.143812085280965,-0.1919712174446173,1,0,1,0,0,-0.021413035242084,0.0268867238164154,0.0091228959487283,1,TLT
2020-01-31,2020-01-31,train,1,R1: Growth / trend,0.7845963732674279,1.0154204586407807,-0.9043084033920031,-1.509516652291785,-1.4404522885276712,1.089369060423574,0.15752136054081844,0.07381872743168894,0.14586604185529306,-0.39049420823867986,-0.0744590595650578,0.5046006045862663,-0.20123808750187772,-0.19952202791609164,-1.1038028058268363,-0.19952202791609164,0,0,1,0,0,0.032542964264933,-0.0084302685349898,-0.0103127872901532,0,SPY
2020-02-07,2020-02-07,train,1,R1: Growth / trend,-0.12384303461474137,-0.44105402649960956,-0.36701552880403243,-0.27725279149641385,0.8643721240409719,1.446229926492323,-0.5230339965760481,-0.5118899030379991,-0.2840686255886789,-0.47452565306890604,0.1208399708674265,0.7324653864259729,-0.6008289693724859,-0.24230759465083776,-1.0637935263727076,-0.24230759465083776,0,0,1,0,0,0.0162552345039683,0.0008300666165022,0.008187338580661,0,SPY
2020-02-14,2020-02-14,train,1,R1: Growth / trend,-0.3932986043803015,-0.5329622724048135,-0.2182915995354312,-0.6239927339231034,0.3099645525897623,1.6626275742792207,-0.38710126460845606,-0.4781119939606213,-0.21464854663036906,-0.4225353687214037,-0.11654807858365686,1.0070128295334224,-0.6117231559146059,-0.24165653445035645,-1.023784246918579,-0.24165653445035645,0,0,1,0,0,-0.0122037975635136,0.0241439873073898,0.0382550130754508,2,GLD
2020-02-21,2020-02-21,train,1,R1: Growth / trend,0.3330604076134,0.6834128212579018,-0.5302390701570576,-1.6934293272837992,-0.33172983471334344,1.5724753610912217,-0.16697768108332092,-0.2310573913583057,-0.11344490459179615,-0.13498283832970917,-0.06969233721893968,0.6527589317307146,-0.30586979322635227,-0.2439482844162438,-0.9837749674644501,-0.2439482844162438,0,0,1,0,0,-0.1116110088818,0.0491084782754156,-0.0408532138985378,1,TLT
2020-02-28,2020-02-28,train,1,R1: Growth / trend,2.6092775298956896,3.2222315482784025,-2.182453763087691,-1.8253476941680251,-1.0191360257342132,-0.49879933416507516,3.590563569559162,3.4561919097513956,3.2730724117175654,3.330621505922681,0.6457860811649005,-0.6542367834268035,0.19127667675536683,-0.23048489754790352,-0.9437656880103215,-0.23048489754790352,0,0,1,0,0,0.0040505261287959,0.0753736222804808,0.0618007674025054,1,TLT
2020-03-06,2020-03-06,train,1,R1: Growth / trend,3.2086102094139046,2.537229475936019,-1.5660237978956453,-2.1096270142634266,1.8745811822543021,1.914344403397771,3.852399948647885,3.9588267221089963,3.779464108365971,3.6874430386137385,1.6038709336201664,-1.1685022947395929,-0.3663932241531296,-0.2282536851122316,-0.9037564085561928,-0.2282536851122316,0,0,1,0,0,-0.0946010057454166,-0.0769324362114388,-0.0905744461824795,1,TLT
2020-03-13,2020-03-13,train,1,R1: Growth / trend,3.247522079907102,2.451983730501602,-3.500631168191024,0.4151715224774312,0.994850112088721,-3.360093788304388,4.638803350856788,4.9385054994132815,4.945398000779501,4.548458891396798,2.5985850447570176,-1.5812349516142883,-1.0638406568636876,-0.22884206739402177,-0.8637471291020641,-0.22884206739402177,0,0,1,0,0,-0.1454572203281556,0.0356629920128956,-0.0221244988550582,1,TLT
2020-03-20,2020-03-20,train,1,R1: Growth / trend,3.502345509240125,2.6955132845695453,-3.6379688539049035,-0.9284230722814419,0.7750278714017335,-1.6127462364414848,4.977384918128594,5.177500700959995,5.278848445368169,4.666443651067049,2.5232142499389694,-1.4828391009060575,-1.1003601655752644,-0.2090673850357876,-0.8237378496479354,-0.2090673850357876,0,0,1,0,0,0.1076047616556752,0.0518722841997245,0.0866462018183127,0,SPY
2020-03-27,2020-03-27,train,1,R1: Growth / trend,3.618920950583451,1.2203066972519883,-1.143478186644711,0.01638054086386596,3.8704574547730872,2.888730339079315,4.245925061059416,4.488696127778873,4.284045960392422,3.353747234125827,1.9769545734977576,-1.501733092259938,-0.6662291281464411,-0.03321550736596323,-0.7837285701938067,-0.03321550736596323,0,0,1,0,0,-0.0206375446358274,0.0062218644863667,0.002627217710899,1,TLT
2020-04-03,2020-04-03,train,1,R1: Growth / trend,4.443655488656678,-0.4292344056921639,-0.7512645231409579,2.095893197728463,2.7127668026384044,2.684302475767905,5.369746783771292,5.7713901053049765,5.528704629175425,2.1570027746268505,-1.2773672099389701,-2.1185781758963125,-1.4047570726570664,4.455307357099676,-0.743719290739678,4.455307357099676,0,0,1,0,0,0.1209156374548023,-0.0184564351370373,0.0395676959477493,0,SPY
2020-04-10,2020-04-09,train,1,R1: Growth / trend,3.7684302758951937,-1.7368432906348974,0.6374733797273867,3.0539432122370123,3.722397115939048,3.49619522909653,5.616691236949503,5.953163339729959,5.6409815855198575,2.253646135962677,-1.3174124733199029,-2.120915229766342,-1.4055037971261861,4.498310945934609,-0.7037100112855493,4.498310945934609,0,0,1,0,0,0.0303375575285531,0.0146318084003611,-0.0007561605352662,0,SPY
2020-04-17,2020-04-17,train,1,R1: Growth / trend,3.9748832895234045,-1.22239227405478,-0.10399554461413625,1.8285923121984713,2.9001070549743027,1.9405445872556655,4.084412359006489,4.798298253789295,4.587776326685204,1.1561404537314826,-1.1710143815881924,-2.1174544713659826,-1.4050007431570157,4.347681692667228,-0.6637007318314206,4.347681692667228,0,0,1,0,0,-0.0128030937846916,0.0180565987069323,0.0256668466761686,2,GLD
2020-04-24,2020-04-24,train,1,R1: Growth / trend,3.6564344302395497,-0.9135594616588446,-0.06553751897130569,1.55965269130061,0.8982347902493518,1.734742880871742,2.847646232695681,3.4581350520154603,3.206611084586326,-0.4482946889068237,-1.3301395378554561,-2.121230286058217,-1.4088829675901935,4.5144142826868325,-0.6236914523772918,4.5144142826868325,0,0,1,0,0,-0.0006368244563117,-0.015641698158925,-0.0175848537941742,0,SPY
2020-05-01,2020-05-01,train,1,R1: Growth / trend,3.8609338853205286,-1.5099339694061487,0.21224999030355043,2.40580581192218,-0.5799571913644903,0.026876055654309366,3.488116611572152,4.219699208812442,3.8882502610746426,-0.7443260905376471,-1.3982332794878023,-2.1282108802171487,-1.4180954515491884,4.5973833744535195,-0.5836821729231632,4.5973833744535195,0,0,1,0,0,0.0341244552491315,-0.0236375869416324,0.0040055037835646,0,SPY
2020-05-08,2020-05-08,train,3,R3: Stress / risk-off,3.1383195025772186,-2.7970938373604763,0.8457984797311623,2.950683904698632,-0.9374099756743729,0.6533358568549074,3.586113314132157,4.196990974624534,3.9911189544783308,-1.2021095681372722,-1.4029303243233164,-2.1284424397097412,-1.4185510454895252,4.602719545796622,-1.143812085280965,4.602719545796622,1,0,0,0,1,-0.0210644140682204,0.0166483627302072,0.021880030837174,2,GLD
2020-05-15,2020-05-15,train,3,R3: Stress / risk-off,3.437659265462881,-1.5935173441330657,0.2419622869841945,1.666966546691904,-3.0143645072811833,-0.0942757735348925,3.2505621301302687,3.81876588493888,3.5704996480727704,-1.6085082296913866,-1.4032045324935187,-2.128442236624707,-1.418536433307775,4.602981680517174,-1.1038028058268363,4.602981680517174,0,0,0,0,1,0.0319971453878462,-0.0069584441329179,-0.0043920331487968,0,SPY
2020-05-22,2020-05-22,train,3,R3: Stress / risk-off,2.893477161216396,-2.7354298256641063,1.0069852152897134,2.2426866874105054,-1.6111009177749465,0.5113660489850809,2.9719220232187817,3.6180729070819693,3.426740202216065,-1.7052059415158425,-1.402593869839275,-2.128403205165873,-1.4185138338886147,4.602312775499534,-1.0637935263727076,4.602312775499534,0,0,0,0,1,0.0300567795354098,-0.0118395308042255,-0.0018381412867886,0,SPY
2020-05-29,2020-05-29,train,3,R3: Stress / risk-off,2.7110205069592395,-2.708195123276452,0.9275545580099634,1.5296422230076656,-2.1869163077507974,0.05233781941047237,2.517880624383413,3.2457061210637126,3.1219429277136532,-1.996934464130673,-1.4018068955031624,-2.128354178993183,-1.4184988552999571,4.601464596985297,-1.023784246918579,4.601464596985297,0,0,0,0,1,0.0493559415519562,-0.0444969502040494,-0.0300780126764744,0,SPY
2020-06-05,2020-06-05,train,3,R3: Stress / risk-off,1.9525699910606122,-3.3717779086433834,0.49998666247559287,2.464281654488882,-2.3136043528409718,-0.5484001806703452,2.6765618458891542,3.241131388480241,3.3374231499493394,-1.791173012878591,-1.401413401100485,-2.1282046158165606,-1.418509836522092,4.600944318151775,-0.9837749674644501,4.600944318151775,0,0,0,0,1,-0.0473788252808354,0.0396513059843464,0.0291753735245661,1,TLT
2020-06-12,2020-06-12,train,3,R3: Stress / risk-off,3.0130479310672724,-0.9859149193566213,-0.10187612966891828,0.4649389786755354,-4.820694932564141,0.3047626518372036,3.289117299416718,3.550900026501413,3.4017622907445353,-1.603332276281746,-1.4032899869036626,-2.128316879545453,-1.418446945475255,4.602874100161668,-0.9437656880103215,4.602874100161668,0,0,0,0,1,0.0190269361830994,0.0005542015720489,0.0086705430109828,0,SPY
2020-06-19,2020-06-19,train,3,R3: Stress / risk-off,2.456181794015343,-1.9050790373284239,0.4336199733273578,1.2034919153307415,-3.0943626254260157,1.0397877364074,2.1033891114434096,2.4824122092299685,2.3912448466591933,-2.371414002980756,-1.4016599262373897,-2.12789016956064,-1.4181435574066925,4.600579418106467,-0.9037564085561928,4.600579418106467,0,0,0,0,1,-0.0278321959160069,0.0176121087359673,0.0153020455131085,1,TLT
2020-06-26,2020-06-26,train,3,R3: Stress / risk-off,2.4950869748461098,-1.3199550748602216,0.14356767394980863,0.5280920421116253,-3.4856537517220865,1.2924550493885716,2.000277740008632,2.295305829076471,2.2143957535393195,-2.286175663135143,-1.3999506128014652,-2.127093140558813,-1.4175417436419884,4.597603147205837,-0.8637471291020641,4.597603147205837,0,0,0,0,1,0.0405934838523971,-0.0088848147659075,0.0026420226921126,0,SPY
2020-07-03,2020-07-02,train,3,R3: Stress / risk-off,1.787495875619268,-2.0031466457756135,0.4244002299649748,0.8947623135476831,-2.609567836978129,2.2598163269924436,1.569900393154501,1.7495012488862776,1.7923164000551404,-2.4559207572893444,-1.395867665062147,-2.123901430177165,-1.4162095900715472,4.589427089538278,-0.8237378496479354,4.589427089538278,0,0,0,0,1,0.0171669585274043,0.0167498353653385,0.0132351585244572,0,SPY
2020-07-10,2020-07-10,train,3,R3: Stress / risk-off,1.5364301416886326,-1.9894776469516964,0.3594139185562442,0.35042575291126776,-2.9050335904984315,1.9223477188373626,1.2824100867366455,1.4949293439901283,1.6051302847261497,-2.4907973827998027,-1.387963642316269,-2.1195205206125656,-1.4147855295710392,4.576257799167561,-0.7837285701938067,4.576257799167561,0,0,0,0,1,0.0130038663884393,0.0027057040866016,0.0054967354002097,0,SPY
2020-07-17,2020-07-17,train,3,R3: Stress / risk-off,1.2162551433534416,-2.1280588701211407,0.506365905120957,0.4168072257191724,-2.921293685664144,1.9368327432209216,1.225169229636761,1.3706637400899953,1.4990512781239695,-2.427248837627046,-1.3816778647686554,-2.1129403830192417,-1.4123299587621108,4.561804327808451,-0.743719290739678,4.561804327808451,0,0,0,0,1,-0.0026105993621754,0.0177473600256987,0.0504349992788579,2,GLD
2020-07-24,2020-07-24,train,3,R3: Stress / risk-off,1.141710730098528,-1.781820146622495,0.6123852787229951,-0.12065587930398036,-2.5165529488307925,2.2140893093726244,0.8616272596145044,1.0166583501375732,1.1099844785422173,-2.321420221972195,-1.3262809476904807,-2.069234162051768,-1.3922009626931895,4.448665339512737,-0.7037100112855493,4.448665339512737,0,0,0,0,1,0.0175763523375134,0.0074228382547367,0.0376608608979904,2,GLD
2020-07-31,2020-07-31,train,3,R3: Stress / risk-off,1.0860774437953953,-1.8892374838275847,0.5906648653408629,-0.20128937601179636,-2.5703810788434445,2.2984489049683345,0.9388769212981559,1.083139723379807,1.2142863300459186,-2.2834562444956723,-1.3334501792676452,-2.0743581399120705,-1.3970185649912352,4.4648144585297,-0.6637007318314206,4.4648144585297,0,0,0,0,1,0.0246540558608501,-0.0054443973036001,0.0290136714410558,2,GLD
2020-08-07,2020-08-07,train,3,R3: Stress / risk-off,0.2137247816975863,-1.5305593781075715,-0.3690579831036184,-0.6218529986517831,-2.017866502260091,1.2833558868907957,0.04550204322510149,0.1474887998527524,0.5402697421086261,-1.8199717501654475,-0.1724941556952354,-0.6784350186937858,-1.15991361092492,1.8268335267053848,-0.6236914523772918,1.8268335267053848,0,0,0,0,1,0.0067848126576861,-0.039439857705445,-0.0433415668899707,0,SPY
2020-08-14,2020-08-14,train,3,R3: Stress / risk-off,0.126995110370225,-1.5761079357990437,-0.9927874291303629,0.17736659443785982,-2.1247817776092455,0.0022130461069906383,0.024326834387786503,0.15677417542094352,0.6311447819333244,-1.754242090994367,0.00589039385351201,-0.6027015062910237,-1.2050234913837636,1.6198638946386394,-0.5836821729231632,1.6198638946386394,0,0,0,0,1,0.0078376244242011,0.0185072781941166,-0.0027938781943336,1,TLT
2020-08-21,2020-08-21,train,3,R3: Stress / risk-off,0.18318859082901479,-1.3569394185026817,-0.8857479484587311,-0.5620485391968042,-2.3557189003481573,0.7666678745028103,0.07793003625250566,0.15120696630622454,0.6221821281150479,-1.7316168353160895,-0.10853983214729429,-0.4839024291640304,-1.1860897151498326,1.6106699898213033,-0.5436728934690345,1.6106699898213033,0,0,0,0,1,0.0326969446625673,-0.0305652256107245,0.0129648993362514,0,SPY
2020-08-28,2020-08-28,train,3,R3: Stress / risk-off,-0.11065692872488467,-1.6494233875048898,-0.9327028522140572,0.3054453666373737,-2.044123037188306,0.4988711136303209,0.14387653508272602,0.1396157930771272,0.6395165504483704,-1.6168237572041124,-0.1407623207148664,-0.14883618641722626,-1.1618801650062784,1.3191289621344393,-0.5036636140149058,1.3191289621344393,0,0,0,0,1,-0.0228477987535232,0.0111953587637245,-0.0149140409409556,1,TLT
2020-09-04,2020-09-04,train,3,R3: Stress / risk-off,0.41716604275187524,-0.14252453006611193,-1.6266860020414642,-0.046541221017829135,-3.164289412482084,-0.23038892662815227,0.4346375039982688,0.29016000216112103,0.6366382660926847,-1.2296974081008645,-0.2669815170022275,0.33193686685180424,-0.9126407450824284,0.7885032541617489,-0.4636543345607771,0.7885032541617489,0,0,0,0,1,-0.0248414735338955,0.010691591645541,0.0044593567568571,1,TLT
2020-09-11,2020-09-11,train,1,R1: Growth / trend,0.24055315995443566,-0.492766554606973,-0.8100314058099178,0.6931117054718132,-1.612208473925978,1.3577619635659945,-0.073360860967518,-0.2835218230334784,-0.0657855316100907,-1.5979217279731066,-0.491625847275461,0.7292838694010358,-0.5711365793400234,0.3491144414882734,-1.143812085280965,0.3491144414882734,1,0,1,0,0,-0.0062458332253195,-0.0055320072008918,0.004110715333214,2,GLD
2020-09-18,2020-09-18,train,1,R1: Growth / trend,0.1036417331103792,-0.2727160022777813,-0.861435229543843,0.3135478247377565,-1.5182994829551737,0.9401803648738652,-0.2528172467325797,-0.4273505401011334,-0.20376382440611013,-1.358517774758624,-0.36825830612651084,0.9692888972896798,-0.5196537134010253,-0.037484261775769065,-1.1038028058268363,-0.037484261775769065,0,0,1,0,0,-0.00580667534681,0.0094755277045073,-0.0450873070110888,1,TLT
2020-09-25,2020-09-25,train,1,R1: Growth / trend,0.12092712477355798,0.09953222929936868,-1.1093172625037875,0.12370293307439824,-1.8412577294513868,0.3001584444466305,-0.1934090162819152,-0.37238842183282633,-0.1585808897976736,-1.098670024975055,-0.3478765663512009,1.0088245216245215,-0.47977148873613185,-0.12943035841568137,-1.0637935263727076,-0.12943035841568137,0,0,1,0,0,0.0155447616810042,-0.013331462158885,0.0205784314306975,2,GLD
2020-10-02,2020-10-02,train,1,R1: Growth / trend,-0.087707697553361,-0.2160485052528913,-0.6670747149325238,0.28316574402594796,-0.9132610673166085,0.17563785137406188,-0.5436938443211494,-0.6053292368460893,-0.4283952409117728,-1.0532781885009677,-0.14726980892823927,0.8265589361983676,-0.4385661512920425,-0.20357833974817513,-1.023784246918579,-0.20357833974817513,0,0,1,0,0,0.0389705174649959,-0.0163445348363198,0.0142265522596451,0,SPY
2020-10-09,2020-10-09,train,1,R1: Growth / trend,-0.3880230992249575,-0.7700540108158569,-0.2746942791131133,0.6095829008401493,-0.11356794819794212,0.4002227828494959,-0.5100103282673101,-0.5508681028007087,-0.34990876272164634,-0.8593464477506599,-0.056744191825854585,0.81381866164186,-0.5086456171291599,-0.22008179526873026,-0.9837749674644501,-0.22008179526873026,0,0,1,0,0,0.001269019513002,0.0081206674195355,-0.0153523235651973,1,TLT
2020-10-16,2020-10-16,train,1,R1: Growth / trend,-0.30524348818358216,-0.3751983836812881,-0.5327105266202887,-0.01226804603081423,-1.107901927737371,-0.08218294718786479,-0.5272400786029937,-0.5708157995462498,-0.3594620191797204,-0.9345030179481738,-0.06489727871828639,0.8372900774883141,-0.5298456830430824,-0.21401846118504117,-0.9437656880103215,-0.21401846118504117,0,0,1,0,0,-0.0043480638991348,-0.020943211971686,0.0019068779140285,2,GLD
2020-10-23,2020-10-23,train,1,R1: Growth / trend,-0.3849774110615672,-0.5077648888902329,-0.7292371457761113,0.47188506433175775,-0.4404136189353616,-0.1663885260879114,-0.5338213975918085,-0.5739681059977995,-0.3159162439188758,-0.7458380364591054,-0.02279073305409818,0.905944152057836,-0.627310020986155,-0.2306921219210234,-0.9037564085561928,-0.2306921219210234,0,0,1,0,0,-0.0556422117270031,-0.0027846616555079,-0.0136587687513597,1,TLT
2020-10-30,2020-10-30,train,1,R1: Growth / trend,0.04882666443520228,0.692911858269278,-1.5902623806926237,-0.1909369788162983,-1.7381219998840307,-1.2151891675981956,-0.0050917974729859,-0.12636916229744483,0.0993598972659105,-0.1484817274065643,-0.10590942419731235,0.9129163072115902,-0.5337613080631459,-0.23750545524327676,-0.8637471291020641,-0.23750545524327676,0,0,1,0,0,0.072333637201533,0.012763451492294,0.0396708604666851,0,SPY
2020-11-06,2020-11-06,train,1,R1: Growth / trend,-0.4166065558435923,-0.8379878165756581,0.2518390998062136,0.5178170859271224,1.2551285035209154,1.7220887519259531,-0.1884744563265275,-0.2984323602611377,-0.16224620711696305,-0.22871717651050813,-0.19108107981015404,0.7947375375062438,-0.3141525042639151,-0.24261208201509532,-0.8237378496479354,-0.24261208201509532,0,0,1,0,0,0.022675693043638,-0.0078413057455121,-0.0329166368193351,0,SPY
2020-11-13,2020-11-13,train,1,R1: Growth / trend,-0.4758157111140218,-0.6993299125750585,-0.5604881928873133,0.5545411729020628,0.3321109462730866,-0.2515238009527508,-0.5682276545466611,-0.5317491621012661,-0.27225994363595896,-0.47224353174833344,0.20689912260617926,0.7156529367912505,-0.6791760792612636,-0.2432268127797871,-0.7837285701938067,-0.2432268127797871,0,0,1,0,0,-0.007735382814618,0.0211814175046989,-0.0082975908236421,1,TLT
2020-11-20,2020-11-20,train,1,R1: Growth / trend,-0.394091486096471,-0.40713216957119525,-0.4549022332815396,-0.41344145834285567,-0.5488278149496709,0.44289927230755155,-0.573939513391114,-0.6104481224139059,-0.35979839108732475,-0.7080846383960313,-0.028336307427481253,0.9018824429169295,-0.6116445637883469,-0.23552824309428536,-0.743719290739678,-0.23552824309428536,0,0,1,0,0,0.0234710900617958,-0.0079873348023761,-0.0449656158318293,0,SPY
2020-11-27,2020-11-27,train,1,R1: Growth / trend,-0.6101322585404882,-0.7879486419906557,-0.39060944748154997,0.19758696592029018,-0.0199151010000481,0.18053901660696872,-0.5083611775513854,-0.536366629620037,-0.25526916911834663,-0.5346878797640137,0.03851728140513045,0.9007901460870904,-0.6801843287097412,-0.24014028241942667,-0.7037100112855493,-0.24014028241942667,0,0,1,0,0,0.0169934517455494,-0.0303437303786652,0.0269981180007612,2,GLD
2020-12-04,2020-12-04,train,1,R1: Growth / trend,-0.7111229543731107,-0.8585013951326913,-0.7713662092407498,0.75989851544415,0.1306576135781049,-0.25712362395199034,-0.3397348852312685,-0.4103108887922691,-0.0623849601804015,-0.30373561603473137,0.003809305416540419,1.0444745876519457,-0.7822562889362726,-0.24317868889338903,-0.6637007318314206,-0.24317868889338903,0,0,1,0,0,-0.0095986159563794,0.0230021963433844,0.0009865260081232,1,TLT
2020-12-11,2020-12-11,train,1,R1: Growth / trend,-0.5289974469928217,-0.30748132158600416,-0.705192186373008,-0.357030926031689,-0.8146589521054194,0.3358813341723638,-0.44338240054187883,-0.5731277907777053,-0.27380935494904635,-0.550487006309469,-0.22179993934516687,1.1685030651427393,-0.6581634960762464,-0.23985525744117125,-0.6236914523772918,-0.23985525744117125,0,0,1,0,0,0.0121584571024799,-0.0143408949215199,0.0228998598321612,2,GLD
2020-12-18,2020-12-18,train,1,R1: Growth / trend,-0.6723199707242757,-0.6093300648712195,-0.6431858983413419,0.3385532215428585,-0.07834657290372216,0.49888909241347584,-0.38519807909847453,-0.5457531801974062,-0.23363925250531475,-0.4125858745622447,-0.2788025967038722,1.2466436961294851,-0.6686121892860749,-0.2436798264680882,-0.5836821729231632,-0.2436798264680882,0,0,1,0,0,-0.0004872233728697,0.0061408408799557,-0.0005100676527167,1,TLT
2020-12-25,2020-12-24,train,1,R1: Growth / trend,-0.7044174896140168,-0.5232049611593597,-0.5484268175204158,0.14723888400705035,-0.2646991406838588,0.7990782664567265,-0.3359826642393262,-0.5550219435638568,-0.2586975205463761,-0.4071081477136034,-0.4169501197047457,1.3427240267548033,-0.6103791490994591,-0.24385742527812734,-0.5436728934690345,-0.24385742527812734,0,0,1,0,0,0.0132248748432874,0.0027973357553601,0.0113977569451066,0,SPY
2021-01-01,2020-12-31,train,1,R1: Growth / trend,-0.7434264594646687,-0.47520282437331285,-0.5520880975919219,-0.15431737888179967,-0.47797059521413165,1.0285185089386704,-0.2655245097224812,-0.5244405527175857,-0.20647779224457496,-0.3641693330098279,-0.4814831632964116,1.4424120838373033,-0.6383041584976918,-0.24385348039671853,-0.5036636140149058,-0.24385348039671853,0,0,1,0,0,0.0197391511958062,-0.0406388464675815,-0.0281453479215204,0,SPY
2021-01-08,2021-01-08,train,1,R1: Growth / trend,-0.7746279194070113,-0.6823850183951612,-1.470550602804881,0.8964937303219283,0.40421509129328165,-0.6990271383732201,-0.13730915637558347,-0.2443551734752559,0.229845553115247,0.20968206626272917,0.018000551116037905,1.2102223965053742,-0.95647363401279,-0.2504376790501172,-0.4636543345607771,-0.2504376790501172,0,0,1,0,0,-0.0145833990740892,0.0033043858114505,-0.0127494606078691,1,TLT
2021-01-15,2021-01-15,train,1,R1: Growth / trend,-0.7604216171203577,-0.248821571419519,-1.385995737703705,0.2633080927025122,-0.8090215501197809,-0.03544555853889896,-0.13542877063989564,-0.42048382880895085,0.004539935904806724,-0.1251582841887873,-0.46951121150030956,1.6153178249549087,-0.8218607681252919,-0.24695045913047187,-0.4236450551066484,-0.24695045913047187,0,0,1,0,0,0.0191110990893201,0.0003950261975644,0.016186460203567,0,SPY
2021-01-22,2021-01-22,train,1,R1: Growth / trend,-0.7459217015787317,-0.5627152947511721,-1.1763840793012743,0.2177822941425186,-0.21709266107230127,0.6333310158266975,-0.2122973097410874,-0.452365238056477,-0.0028182912158754717,-0.22781077878042616,-0.3769577286205434,1.5607754136650052,-0.8724539054788668,-0.24529454921586696,-0.3836357756525197,-0.24529454921586696,0,0,1,0,0,-0.033457206420441,0.0007905687432714,-0.007418018006951,1,TLT
2021-01-29,2021-01-29,train,1,R1: Growth / trend,-0.29719670110561747,0.2627028662809468,-2.131894719680457,-0.12828311609732093,-1.302564056595943,-0.4786488900520472,0.060371733331386,-0.16955436816991387,0.31051457572595137,-0.024332912332750686,-0.26582156482393937,1.4866856989517214,-0.9257722206879091,-0.24222944268303545,-0.343626496198391,-0.24222944268303545,0,0,1,0,0,0.0476665362143393,-0.024990071012215,-0.0162215575103236,0,SPY
2021-02-05,2021-02-05,train,1,R1: Growth / trend,-0.8482418585575334,-1.1344771722347882,-1.216604367818435,1.2188657090878177,1.0552683919749042,0.9661939701366535,0.2235428475622601,-0.04420761838186376,0.47456981522917385,0.24985279890744025,-0.3040762117279629,1.5748701386751214,-0.9670005215782237,-0.2463000316356408,-0.3036172167442623,-0.2463000316356408,0,0,1,0,0,0.0127159565841974,-0.0062149808566464,0.0051822913577797,0,SPY
2021-02-12,2021-02-12,train,1,R1: Growth / trend,-0.8574372956502888,-0.7032311849918171,-1.3700935851871796,0.5493841253378251,-0.17075231780782327,0.4480630602314465,-0.054686014357168564,-0.33393321733364517,0.1723656822591129,-0.08256006230967657,-0.4124118492809306,1.6697748880566492,-0.9420154969855193,-0.24550261869932685,-0.2636079372901336,-0.24550261869932685,0,0,1,0,0,-0.0066471733232743,-0.0261028310836155,-0.0215595985818417,0,SPY
2021-02-19,2021-02-19,train,1,R1: Growth / trend,-0.8909828144001128,-0.7380224035775683,-2.102366537181827,1.1366850748160906,-0.2524433014663889,-0.44918501882464074,0.3300377057044516,0.023307491646555035,0.6558584153729342,0.3223062378933156,-0.3456904113280898,1.7353772895242348,-1.0820760193874783,-0.24589321660226246,-0.2235986578360049,-0.24589321660226246,0,0,1,0,0,-0.0247932265831196,-0.0010474195570316,-0.0311358428793274,1,TLT
2021-02-26,2021-02-26,train,1,R1: Growth / trend,-0.4416124541519466,0.06642951785401092,-2.950376530087021,0.6530283135448398,-0.3448837932060509,-1.0062540522530592,0.4788983914618479,0.22263750185974018,0.8906907707222147,0.7482228645899981,-0.16102107535652693,1.5788023016418593,-1.126366458765947,-0.25041430039301754,-0.1835893783818762,-0.25041430039301754,0,0,1,0,0,0.0085971334040231,-0.0282480188915073,-0.0165008232447346,0,SPY
2021-03-05,2021-03-05,train,1,R1: Growth / trend,-0.7767639175855394,-0.3249557562727855,-2.4534500378451356,1.7816149062433937,0.3911686657184391,0.10758934289613649,0.6688555573399005,0.17665217921182827,0.778521811182547,0.7884585935372744,-0.6704513830155999,2.040040029248127,-1.0190154163515763,-0.2510550205635244,-0.1435800989277475,-0.2510550205635244,0,0,1,0,0,0.027187784018761,-0.0205165673105821,0.0147669103464158,0,SPY
2021-03-12,2021-03-12,train,1,R1: Growth / trend,-0.9629932005535659,-0.7496131628343649,-2.2611040733169374,1.70188269831155,0.8229554099598665,0.3070259184216466,0.6993223175322756,0.25137171873245046,0.915829586744338,0.9052448272419716,-0.5664888116576667,1.9952217560956504,-1.0897574846188778,-0.2515325822337984,-0.1035708194736188,-0.2515325822337984,0,0,1,0,0,-0.0083854245566765,-0.0096282950599451,0.0108365839400139,2,GLD
2021-03-19,2021-03-19,train,1,R1: Growth / trend,-0.8647146737578026,-0.5211966404919479,-2.636849758633531,1.2499385154643599,0.20374144176688833,0.37623142355504713,0.6762360871491897,0.2002222399148923,0.9319360055585152,0.7493743775598666,-0.6197899833149354,2.1056291367531617,-1.1426163217821577,-0.2500841324251545,-0.0635615400194901,-0.2500841324251545,0,0,1,0,0,0.0166890101795813,0.0141748579543659,-0.0061259493160326,0,SPY
2021-03-26,2021-03-26,train,1,R1: Growth / trend,-0.9566407281128683,-0.5879647602589749,-2.1313097507458907,1.0641917123637892,0.2907013141699383,1.3216514267111643,0.6019588360918299,0.04516843072021253,0.7101660131539833,0.5805384886977905,-0.7873920013393052,2.223958852846963,-1.0741826167343813,-0.24990088738745606,-0.02355226056536141,-0.24990088738745606,0,0,1,0,0,0.011692342323609,0.0075955935363294,-0.0016026242407638,0,SPY
2021-04-02,2021-04-01,train,1,R1: Growth / trend,-1.3038938453032494,-0.4794662390042816,-2.2558820475533174,0.4664338316055718,0.745119644868784,1.8509625030187224,0.9574145608634594,0.2664775754790581,1.0377416088619624,1.4295664497441634,-0.9150733469844714,2.449549289629151,-1.1528065675982742,-0.25447043565996186,0.01645701888876729,-0.25447043565996186,0,0,1,0,0,0.027158769942996,0.0,0.0079639991291995,0,SPY
2021-04-09,2021-04-09,train,1,R1: Growth / trend,-1.2389422748769612,-0.41290336285818235,-1.859444055585162,-0.028307790390495673,0.3128269565807676,1.6940676988868009,0.5878575064271931,-0.001874142178671373,0.683230202513989,1.0133485529720996,-0.8384549361168773,2.300169720431811,-1.088964820112551,-0.25405958976152104,0.05646629834289599,-0.25405958976152104,0,0,1,0,0,0.0140221757928185,0.0127266987361844,0.0188644683680834,2,GLD
2021-04-16,2021-04-16,train,1,R1: Growth / trend,-1.1108083744982737,-0.442127498529693,-1.4537288773218124,-0.7030031325112084,0.22856781788957953,1.9254228476813458,0.377730981645577,-0.09455672860576307,0.5370599596158911,0.7762084878978162,-0.689123565925114,2.095344998111876,-1.0509813674461772,-0.25346392443761206,0.09647557779702469,-0.25346392443761206,0,0,1,0,0,-0.0012463448915717,0.005744625153871,0.0003004976924234,1,TLT
2021-04-23,2021-04-23,train,1,R1: Growth / trend,-0.9827828094720277,-0.24034071452040712,-1.5433936882996298,-0.6838683297142728,-0.03740686716813403,1.4766727918638245,0.19197086077602252,-0.22916447014505129,0.3608057635115962,0.5828267230225858,-0.6386738784684566,2.001402416047162,-1.013356011888635,-0.25321459628687093,0.1364848572511534,-0.25321459628687093,0,0,1,0,0,0.0013436331882179,-0.0101388370871856,-0.0044470568600821,0,SPY
2021-04-30,2021-04-30,train,1,R1: Growth / trend,-1.0568201753559945,-0.3956586210031991,-1.8413004635548396,-0.6765813627905622,0.057113629037897254,1.1533560730510888,0.2629287111886968,-0.12125716888121052,0.5692675912177289,0.7408266548693139,-0.5311131979583926,1.9863932092231333,-1.1182902425903571,-0.2534797032224862,0.17649413670528208,-0.2534797032224862,0,0,1,0,0,0.0115506083063028,0.005727956331073,0.0357961640993105,2,GLD
2021-05-07,2021-05-07,train,1,R1: Growth / trend,-1.1196482609111678,-0.15630407385690936,-1.3580672945556709,-0.9269473198294503,0.6611692355333454,1.9851450948334068,0.39070090224313,-0.08910650188347154,0.4905012783720012,1.1557487869691343,-0.7078945576516131,2.0599864124297635,-0.9929720472818055,-0.2548214097335746,0.2165034161594108,-0.2548214097335746,0,0,1,0,0,-0.0131245133575443,-0.0154416655751515,0.0064106656972562,2,GLD
2021-05-14,2021-05-14,train,1,R1: Growth / trend,-0.9265449251234652,0.2606336587971583,-1.8635353152185121,-0.7625816527063441,0.2667866107153801,1.352164676254398,0.30346506156754705,-0.17306553623573329,0.40411561709316457,1.07090022207882,-0.7198448928066871,2.070253375227845,-0.9899049277627548,-0.2548308054148284,0.2565126956135395,-0.2548308054148284,0,0,1,0,0,-0.0039364436940779,0.0043042403112367,0.0193988696355669,2,GLD
2021-05-21,2021-05-21,train,1,R1: Growth / trend,-0.9483680336223467,0.2958774612131035,-1.6673569557481036,-1.0335111940632,0.3033356136917308,1.677959920228487,0.3570128698409664,-0.14102406621054822,0.4122735165027936,1.159169509290429,-0.7505646029872934,2.0724581556777504,-0.9576492599872856,-0.2549307981679134,0.2965219750676682,-0.2549307981679134,0,0,1,0,0,0.0122907554827738,0.0055927906830717,0.0132924999200396,2,GLD
2021-05-28,2021-05-28,train,1,R1: Growth / trend,-1.1279710215921976,-0.20472339233845938,-1.2780228142909946,-1.2678717568910165,1.036086557592164,2.260752586764165,0.5184656772088643,0.06369808204738095,0.6676624986400509,1.4451031989612568,-0.6302068883200419,2.006592849151228,-1.0260022705666225,-0.2550425349986045,0.3365312545217969,-0.2550425349986045,0,0,1,0,0,0.006094722610737,0.0120006614873406,-0.0068393384197102,1,TLT
2021-06-04,2021-06-04,train,1,R1: Growth / trend,-1.0355991135429634,-0.0002990266888622027,-1.2420093803518788,-1.3027565431359447,0.42805708545803706,1.7308382482965037,0.2585388455931457,-0.15305650246927685,0.38194490422600974,1.081838542053851,-0.6153707633863841,1.9144775900024449,-0.9503316756746614,-0.2548366940541943,0.3765405339759256,-0.2548366940541943,0,0,1,0,0,0.0040465242037985,0.0172263438623867,-0.0080153428516157,1,TLT
2021-06-11,2021-06-11,train,1,R1: Growth / trend,-1.1267514274634878,-0.1226730674411016,-0.9756523012646524,-1.4541980003703991,0.40279788698893393,1.7970888367819793,0.28872168024015804,-0.11539959884257786,0.40016195472351834,1.1182101504664932,-0.5977589192299749,1.871762113454478,-0.9271395722973941,-0.2548359823121963,0.41654981343005426,-0.2548359823121963,0,0,1,0,0,-0.0189309100905945,0.0240325431985795,-0.0615113945572471,1,TLT
2021-06-18,2021-06-18,train,1,R1: Growth / trend,-0.7232927349457151,0.9464468917236513,-1.4265737927115747,-1.1965895919510527,-0.3630211746804175,0.029308178230208932,0.08035552086201128,-0.26558969514674324,0.0642470647407116,1.1350156311615152,-0.5790453547025877,1.5599297551353173,-0.6346083194072821,-0.2551501509372309,0.456559092884183,-0.2551501509372309,0,0,1,0,0,0.0281740995143671,-0.0255266331697076,0.0100648986589879,0,SPY
2021-06-25,2021-06-25,train,1,R1: Growth / trend,-1.136264363739183,-0.32919715035097685,-0.6045334235286932,-0.013291953996626733,1.5946617382934443,1.0660681414059734,0.04580798235972655,-0.26224048573439745,0.09167457111038145,1.1349163435118728,-0.49785771473284374,1.52942000725109,-0.6947778477012707,-0.2551493355536296,0.4965683723383117,-0.2551493355536296,0,0,1,0,0,0.0166661449987441,0.0226680849410763,0.0042019146625251,1,TLT
2021-07-02,2021-07-02,train,1,R1: Growth / trend,-0.9472357828614807,0.11553257951200047,-0.4205111817632656,-1.099212194328661,0.5049781162456244,1.4348115241732922,-0.05904416724267877,-0.3865421570795931,-0.09852081234148666,0.8067034449696052,-0.5886760144490643,1.4873898267807755,-0.5513134494324733,-0.25486820938691207,0.5365776517924403,-0.25486820938691207,0,0,1,0,0,0.0041500842511856,0.0102731857534044,0.0114771564635691,2,GLD
2021-07-09,2021-07-09,train,1,R1: Growth / trend,-0.8345208596972937,0.32430530013254993,-0.30023461900936693,-1.1324498574263258,0.3552378178759316,1.2492478146729618,-0.14369413914182438,-0.44931886984683206,-0.2417302937618593,0.7270699382354701,-0.5977125864309412,1.3174398378707788,-0.37054857427164917,-0.25487800931284926,0.5765869312465691,-0.25487800931284926,0,0,1,0,0,-0.0095975438710891,0.0114656680955782,0.0011819451587185,1,TLT
2021-07-16,2021-07-16,train,1,R1: Growth / trend,-0.5733152528158021,0.583354033130388,-0.6375764229795978,-1.1652831723024,0.2418672729021607,0.9129073906746314,-0.2524590760242832,-0.4918338946039111,-0.2836539332504387,0.6067052462866755,-0.4822761325808737,1.2209877057304115,-0.40295710848770894,-0.25474550365969606,0.6165962107006978,-0.25474550365969606,0,0,1,0,0,0.0199377933538524,0.0019563013891525,-0.005017449295444,0,SPY
2021-07-23,2021-07-23,train,1,R1: Growth / trend,-0.7182252195412886,0.16060385693384455,-0.3801295776488916,-0.7709093584894896,0.9674725204450809,1.25624571430029,-0.2590811000535295,-0.48386948112102635,-0.26288072353522274,0.6503042850833759,-0.44418631141665055,1.2173088972081068,-0.4417800189163001,-0.2548212835106578,0.6566054901548265,-0.2548212835106578,0,0,1,0,0,-0.0032504448189465,0.0068685958112442,0.007475141100349,2,GLD
2021-07-30,2021-07-30,train,1,R1: Growth / trend,-0.5808537792072535,0.17619745961015046,-0.6085003744787093,-1.2820919177928582,0.6758735201739067,1.4392374779194157,-0.2264082588015957,-0.4126887991847933,-0.11614263050851745,0.5537222867736874,-0.3043669820334885,1.2481120466458338,-0.6296059489982583,-0.2543570601869106,0.6966147696089552,-0.2543570601869106,0,0,1,0,0,0.0090761584050145,-0.0104324708433992,-0.0305029308159238,0,SPY
2021-08-06,2021-08-06,train,1,R1: Growth / trend,-0.7858391524260385,-0.08111368875690232,-0.3653201759821081,-0.20477921403146923,1.073989701730097,0.3102729665092578,-0.4359031979917071,-0.5510235227604352,-0.3432156059242702,0.5277856999486703,-0.22751818491595127,1.0035276243559323,-0.4695147125299929,-0.25476511687801523,0.7366240490630839,-0.25476511687801523,0,0,1,0,0,0.007751680663053,0.0052101911319257,0.010629251740085,2,GLD
2021-08-13,2021-08-13,train,1,R1: Growth / trend,-0.740284015760907,-0.035130909364576184,-0.18079105949962304,-0.9396145962477376,0.7718044283878722,0.8919940799817696,-0.3822221915897002,-0.5074230778743574,-0.2937375645545289,0.48096265152248596,-0.23498804183703864,1.0214454742956414,-0.47941955483449566,-0.2545243445519409,0.7766333285172126,-0.2545243445519409,0,0,1,0,0,-0.005741195848267,0.0134638632356334,0.001863078067978,1,TLT
2021-08-20,2021-08-20,train,1,R1: Growth / trend,-0.5241406798706506,0.4021338037924155,-0.4564515013333616,-1.056027750232464,-0.03343505155745663,0.8480520827111202,-0.3644598175243227,-0.5605634141139331,-0.3802743668154926,0.24606242891411156,-0.4270299750970678,1.109609040544135,-0.3539436149421241,-0.25381818128611977,0.8166426079713413,-0.25381818128611977,0,0,1,0,0,0.0155405227221323,-0.0072400920853314,0.0209358461730966,2,GLD
2021-08-27,2021-08-27,train,1,R1: Growth / trend,-0.6537098189380041,-0.31353786592699806,-0.17680652582664227,-0.7223133029883191,1.0359576850283563,1.0840035771144214,-0.4088762424545202,-0.4800929561308367,-0.23713632038470125,0.2943175985460324,-0.07576660623218094,0.942131828491515,-0.5787534737298656,-0.25372209199275103,0.8566518874254699,-0.25372209199275103,0,0,1,0,0,0.0062854112707451,-0.0073036764966087,0.0051119049574432,0,SPY
2021-09-03,2021-09-03,train,1,R1: Growth / trend,-0.6672852746015606,-0.3896257940151444,-0.2110978402803406,-0.696201732457366,0.17932373894726084,1.0774866597279338,-0.4116544294447048,-0.5374416095486565,-0.2797333586824997,-0.11646097349928682,-0.2208897780675568,1.0971078772381393,-0.5756840055948003,-0.2504615678165599,0.8966611668795986,-0.2504615678165599,0,0,1,0,0,-0.0168622732728539,0.0014849256609954,-0.0226821287161743,1,TLT
2021-09-10,2021-09-10,train,1,R1: Growth / trend,-0.27443004931607373,0.16330782315679512,-0.7424926340036645,-0.2769960742564595,-0.43667663281480923,0.15187170437038766,-0.5701610758074664,-0.6603354306579485,-0.4702902718320605,-0.4323257039488757,-0.21350569126891966,0.9490152335656594,-0.4386014746257665,-0.24744485335058364,0.9366704463337273,-0.24744485335058364,0,0,1,0,0,-0.0058950739998925,0.005188305279451,-0.0203971082229524,1,TLT
2021-09-17,2021-09-17,train,1,R1: Growth / trend,-0.24206416504756945,0.19098010450486294,-0.6113489295349562,-0.17644612944055754,-0.12851794131220007,0.5242569240657933,-0.5710685684278771,-0.687260462130986,-0.5344755676617475,-0.4097996186030831,-0.3058825810840886,0.9420415760094176,-0.32705475120011585,-0.24854634808093717,0.9766797257878561,-0.24854634808093717,0,0,1,0,0,0.0056865143918083,-0.0151504312300324,-0.0028698858670186,0,SPY
2021-09-24,2021-09-24,train,1,R1: Growth / trend,-0.26993886320241733,-0.04922376373908832,-0.6472084131132464,0.19742040509119105,0.6730425179074664,0.4272766229203958,-0.6071151832614574,-0.652661114940769,-0.468998493163979,-0.24979786585441874,-0.10466984840941239,0.8458496710315289,-0.4530765192292123,-0.25073431841638244,1.0166890052419848,-0.25073431841638244,0,0,1,0,0,-0.0217837362953036,-0.0093629076315188,0.0078995300797632,2,GLD
2021-10-01,2021-10-01,train,1,R1: Growth / trend,0.16789279453528305,0.831934426721839,-0.9431199061782406,0.14705476963083103,-0.342928277782239,-0.24988824531495543,-0.42972361536411724,-0.5290794969310892,-0.493266790832982,-0.24629275931476344,-0.3111140738560113,0.6405900464428941,-0.017883908495306362,-0.2491136852976653,1.0566982846961135,-0.2491136852976653,0,0,1,0,0,0.0083363468145154,-0.0238733173238498,-0.0021872569315362,0,SPY
2021-10-08,2021-10-08,train,1,R1: Growth / trend,-0.2635461507487361,-0.02484102152710089,-0.49981218879355,0.8162738989938739,0.551831782637395,-0.24896634576498444,-0.5857573181616519,-0.6246932372180903,-0.5393238532680787,-0.2795638351831157,-0.15441727311406792,0.6554791200659899,-0.20685543283389615,-0.25022252005994894,1.0967075641502422,-0.25022252005994894,0,0,1,0,0,0.018293443341284,0.0222020499284927,0.0066979609823565,1,TLT
2021-10-15,2021-10-15,train,1,R1: Growth / trend,-0.43767042775308834,-0.27908066166176526,-0.12463403459536848,0.19010265523467462,0.6069576689075,0.5613592186327893,-0.5897771952078452,-0.647675033116416,-0.5265102529224817,-0.29598826466520534,-0.17940587024336382,0.7637294770722108,-0.2876908560540155,-0.25014232749178866,1.1367168436043709,-0.25014232749178866,0,0,1,0,0,0.0162603064471773,-0.0062057256063113,0.0147583766671677,0,SPY
2021-10-22,2021-10-22,train,1,R1: Growth / trend,-0.6180334607198238,-0.47273160511614354,-0.15642318981900544,-0.049467817407479825,0.37486508826815157,0.1902498768660317,-0.589541414339226,-0.6097720151551573,-0.41920898445532934,-0.23560228320825757,-0.020757677007012018,0.7885208270499945,-0.4897508437104679,-0.25038622110990416,1.1767261230584996,-0.25038622110990416,0,0,1,0,0,0.0135286481898062,0.0247003008391699,-0.0066758678396267,1,TLT
2021-10-29,2021-10-29,train,1,R1: Growth / trend,-0.3640571875404417,-0.2424774218086743,-0.23071388299027637,-0.9218992724059811,-0.1150879662907167,0.4838763792021632,-0.6398537103948961,-0.6033743017255992,-0.3981039158514451,-0.4186319089678145,0.14526263279924262,0.6741415428509797,-0.564223626838787,-0.24711933515685178,1.2167354025126282,-0.24711933515685178,0,0,1,0,0,0.0202067763846232,0.0121894126296133,0.0191419295423902,0,SPY
2021-11-05,2021-11-05,train,1,R1: Growth / trend,-0.36087261653644487,-0.29971949270851556,0.15641652909565915,-1.052449914264129,-0.02470573164615691,0.7866002430990803,-0.5902662780114087,-0.5525499624893603,-0.4127415883066596,-0.40152777678853585,0.11501100759069346,0.5635403401652734,-0.4199616699387933,-0.24655572003264864,1.256744681966757,-0.24655572003264864,0,0,1,0,0,-0.002689463580374,-0.013194807108351,0.027143197772921,2,GLD
2021-11-12,2021-11-12,train,1,R1: Growth / trend,-0.3995837357661021,-0.19397946734664517,-0.22168806816464326,-0.09271840101799796,0.25340145923509577,0.5513091154355694,-0.6241106875621527,-0.6800137180999505,-0.5376488619967906,-0.40070771252186804,-0.1688316821845753,0.8052513301635287,-0.34261240481785576,-0.24888245515900034,1.2967539614208856,-0.24888245515900034,0,0,1,0,0,0.0034671371961279,0.0069910487939888,-0.0105474139872673,1,TLT
2021-11-19,2021-11-19,train,1,R1: Growth / trend,-0.2616956539781198,0.04329508990323914,-0.386455081890823,-0.754801660108011,-0.2426157908298755,0.2268419953313279,-0.6657495023447099,-0.6512593970836713,-0.48888215068855334,-0.41521076311235594,0.03653635778501,0.6800629485062759,-0.44724716671653586,-0.24830335398658093,1.3367632408750143,-0.24830335398658093,0,0,1,0,0,-0.0211562634253099,0.014626349862566,-0.033369992969518,1,TLT
2021-11-26,2021-11-26,train,1,R1: Growth / trend,0.8682635041867839,1.8161731687931308,-1.332424817037458,-0.8410396478988434,-1.365057115070094,-0.7485169026033718,0.47211564404978723,0.3709078207788783,0.3127944957942968,0.5017742683868598,-0.14572614930004957,0.23209083709145198,0.20316902078128074,-0.24539061131567969,1.376772520329143,-0.24539061131567969,0,0,1,0,0,-0.0120922906642687,0.0266233639196207,-0.001318556863382,1,TLT
2021-12-03,2021-12-03,train,1,R1: Growth / trend,1.117834333286341,1.7699844053927036,-0.6545046318412667,-0.31628250834107263,0.01246666248461141,0.5860632824745148,0.24807997409945992,0.1539664304498496,-0.08679700680511677,0.2938801003645468,-0.4105450391376538,-0.15982354984414915,0.8954042788359401,-0.24766216479491487,1.4167817997832717,-0.24766216479491487,0,0,1,0,0,0.0381984146702072,-0.0355688409794228,-0.0003000843203058,0,SPY
2021-12-10,2021-12-10,train,1,R1: Growth / trend,-0.15062096060990954,-0.6181442947673045,0.29967767094660847,1.114217449888454,2.0692735174233765,0.9168039165304774,-0.23657583607928265,-0.2095928399125765,-0.20463681819524493,0.04162674354238779,0.07353190485566587,0.269976022501611,-0.07604383410387332,-0.2490322663728323,1.4567910792374004,-0.2490322663728323,0,0,1,0,0,-0.0196592213137365,0.0143761647245466,0.0073238156278834,1,TLT
2021-12-17,2021-12-17,train,1,R1: Growth / trend,0.5083586060593764,0.9290128014265253,-0.49574174711461566,-0.43240258018986216,-0.14663052134209295,0.2692784280951365,-0.47888508233452237,-0.4646947264248816,-0.5348160554899999,-0.3705108498058712,-0.12723652350509304,0.2099433785570529,0.2056517697008737,-0.2462204633886753,1.496800358691529,-0.2462204633886753,0,0,1,0,0,0.0233328209729617,-0.0153153567559549,0.0069725753734606,0,SPY
2021-12-24,2021-12-23,train,1,R1: Growth / trend,-0.20789854737129201,-0.15137654852835802,0.25043634359899974,0.6131812840621345,0.8653104532024944,0.6842809699910513,-0.5552572481561048,-0.6048052765057443,-0.6452395126823967,-0.37226196640809883,-0.28896532240295325,0.4098482299375463,0.18876137033477847,-0.24887033489475488,1.5368096381456577,-0.24887033489475488,0,0,1,0,0,0.0092646995034075,-0.0022220996097427,0.0117772709876753,2,GLD
2021-12-31,2021-12-31,train,1,R1: Growth / trend,-0.30212993281813977,-0.2569483860524577,-0.03703117927950435,0.03384637397961739,0.2924630887356248,0.41849671331929006,-0.6834951994540257,-0.680990979625549,-0.5932348531246846,-0.5390193521237564,-0.06639801140873705,0.5913738826472545,-0.24509633613206844,-0.2464820003697083,1.5768189175997864,-0.2464820003697083,0,0,1,0,0,-0.018675276926189,-0.0400162837942624,-0.0187763604808446,0,SPY
2022-01-07,2022-01-07,validation,1,R1: Growth / trend,-0.2946618988580714,0.6148780638190857,-0.639760598968563,1.4011007106757567,-0.1491675703136015,-0.9492785628713172,-0.2042426966731442,-0.4501296865291779,-0.4998100277600014,0.10974524229030508,-0.6491153228009469,0.6236446587601041,0.3809897831455854,-0.25254867996506625,1.6168281970539151,-0.25254867996506625,0,0,1,0,0,-0.0029390891218303,-0.0011246382747394,0.011445592661373,2,GLD
2022-01-14,2022-01-14,validation,1,R1: Growth / trend,-0.3841077025403355,0.7038962836989008,-0.1008998606165054,1.047667202850836,-0.1215282335396944,0.08932112992929253,-0.24374096981041984,-0.6000661808182693,-0.7385843549960754,0.03751831461582914,-0.8964836482479184,0.4851323782175177,0.7976044834364253,-0.25332789195549726,1.6568374765080438,-0.25332789195549726,0,0,1,0,0,-0.0575403162369005,0.0107673687850122,0.0083691765442903,1,TLT
2022-01-21,2022-01-21,validation,1,R1: Growth / trend,0.3526744502541547,2.183090277738387,-0.8136674704096818,0.6189612471353991,-1.5146672168742576,-0.9235151734491569,0.752009083361472,0.26537832966169417,-0.03464880212471526,0.9041279970490574,-1.02365244089027,-0.061590671331412,1.4889294328346612,-0.2534434272710047,1.6968467559621725,-0.2534434272710047,0,0,1,0,0,0.0090644507413357,-0.003481409694898,-0.0233210025120057,0,SPY
2022-01-28,2022-01-28,validation,1,R1: Growth / trend,0.40930653123262184,1.8528182881923398,-0.4720761825807142,1.5261690185399843,-0.05662196442658,-0.16901967145811692,0.4366118254061807,-0.009144935584042065,-0.38039163291234257,0.6795699580312369,-1.0598253925958534,-0.28734754062066287,1.7567012616154423,-0.254010733336115,1.7368560354163012,-0.254010733336115,0,0,1,0,0,0.0152733377287104,-0.0274326170079912,0.010532581942251,0,SPY
2022-02-04,2022-02-04,validation,1,R1: Growth / trend,0.03661589154995146,0.9741237469247499,0.07212175564160458,2.173238877466547,0.47637614092783553,0.47293412555506664,0.21750343173543024,-0.239060933103507,-0.5762404149438399,0.24614964371442524,-1.0724375690943881,-0.1547809786441858,1.6363229038230804,-0.252776719102913,1.7768653148704299,-0.252776719102913,0,0,1,0,0,-0.0183643419163564,-0.0054671273061641,0.0293142066229432,2,GLD
2022-02-11,2022-02-11,validation,1,R1: Growth / trend,0.5454729528872991,1.9670591279560299,-0.38747549386318103,1.1525201491147175,-0.41798396580657926,-0.09202274909664276,0.4481515010554529,0.02643206322932215,-0.37347733542807887,0.5630557904415843,-1.0531888955679718,-0.3894624727233053,1.8510322514465092,-0.253309947148818,1.8168745943245586,-0.253309947148818,0,0,1,0,0,-0.0141443456403048,-0.0001449116205312,0.0190437696627774,2,GLD
2022-02-18,2022-02-18,validation,1,R1: Growth / trend,0.4211013081791436,1.5619840883851974,-0.07497914906083711,1.3074560272741549,-0.04435945018847335,0.47424371798841625,0.19844001903354364,-0.20411294828746765,-0.5927013776416296,0.22143539856238317,-1.0535448314989129,-0.3434062310067462,1.8043557287607326,-0.25256499131577026,1.8568838737786872,-0.25256499131577026,0,0,1,0,0,0.0081065748022843,-0.0098386683178883,-0.0032181124725786,0,SPY
2022-02-25,2022-02-25,validation,2,R2: Transition / mixed,0.29608310050577136,1.417762771496947,-0.11096507320812157,1.908556994578658,0.44584004386793286,0.7741381353824899,0.3715104251012203,-0.12705719658448694,-0.5009895308079517,0.41711323433086234,-1.114176625292739,-0.27065756519931444,1.7999203151507372,-0.25328225531608906,-1.143812085280965,-0.25328225531608906,1,0,0,1,0,-0.0127472222770326,0.0259791267442617,0.0403851005424973,2,GLD
2022-03-04,2022-03-04,validation,2,R2: Transition / mixed,0.9679379743491892,2.2261014684797384,-0.00490120414780592,0.02723432646558634,0.04946359037988973,0.7274357853549643,0.5779382436945704,0.2826213967784197,-0.19650360834131772,0.8149365480455226,-0.9590479721353445,-0.6850376171815247,2.042810069586041,-0.25356254860698474,-1.1038028058268363,-0.25356254860698474,0,0,0,1,0,-0.0279981118358488,-0.038006149443639,0.0076764139717613,2,GLD
2022-03-11,2022-03-11,validation,2,R2: Transition / mixed,0.7030055791171437,1.7289235282608133,-0.5550165677945863,2.6065742402575847,0.960230145705096,0.19471373244118964,0.9208134500795385,0.44050340187517195,0.02085023238623699,1.0144675841498814,-1.0729941230940367,-0.4617034345100851,1.9458619375376822,-0.2534369788019029,-1.0637935263727076,-0.2534369788019029,0,0,0,1,0,0.0614918111932547,-0.0108962330433043,-0.0312820433340056,0,SPY
2022-03-18,2022-03-18,validation,2,R2: Transition / mixed,-0.12462880199022908,1.057724366700169,0.554096768011334,3.526736491732333,1.6484486490769326,0.2781280388355275,1.2227982198403309,0.5665078658852254,0.03304841699342817,1.586980565131783,-1.2283624355349059,-0.7731326657313219,2.4341267814099408,-0.25504284140922173,-1.023784246918579,-0.25504284140922173,0,0,0,1,0,0.0183794319724428,-0.0358215415104332,0.0171779240302945,0,SPY
2022-03-25,2022-03-25,validation,2,R2: Transition / mixed,-0.599999749864273,0.693560492136763,0.015666786510995973,4.045953359907263,1.5669796267044898,-0.06986923352435806,1.562373155236398,0.7622563378228603,0.4289991192462107,1.9833323655871378,-1.213840118687491,-0.11400307258444639,1.7561160913506664,-0.25510112782259514,-0.9837749674644501,-0.25510112782259514,0,0,0,1,0,0.0005081648694005,0.0304898088004095,-0.0157912315259726,1,TLT
2022-04-01,2022-04-01,validation,2,R2: Transition / mixed,-0.5585059515741841,0.98088348566313,0.19536913700622865,2.0028429507338545,0.22106584994010028,0.4373369467183255,0.34684834369494405,-0.2928733383803401,-0.5873697696485228,0.6974890582788211,-1.1830940583251721,0.0543617089511991,1.5523491080593086,-0.25481016606226126,-0.9437656880103215,-0.25481016606226126,0,0,0,1,0,-0.0118123036338297,-0.0548423671772949,0.0109749371626914,2,GLD
2022-04-08,2022-04-08,validation,2,R2: Transition / mixed,-0.9349852887226429,0.7602429078889198,-0.4330613033771149,3.248765332833246,-0.2754364558149174,-0.7249362221344668,1.146593370529317,0.30138763607302094,0.12539815685489314,1.3569861840503479,-1.2158098943773026,0.5004009591007847,1.1409560507481624,-0.2547069504774336,-0.9037564085561928,-0.2547069504774336,0,0,0,1,0,-0.021851236036828,-0.0349265842583342,0.0141620766415495,2,GLD
2022-04-15,2022-04-14,validation,2,R2: Transition / mixed,-0.6427362755587688,1.0972888526075295,-0.6183381959058974,2.8930867462204657,-0.595208348444587,-0.5170062541107308,0.9648783620831519,0.14580822320124384,-0.05114441101200255,1.049102072904379,-1.2179824767935383,0.42662789883834873,1.2170498953125293,-0.25433717024401997,-0.8637471291020641,-0.25433717024401997,0,0,0,1,0,-0.0268393438328582,-0.0062935252783498,-0.0203760059595837,1,TLT
2022-04-22,2022-04-22,validation,2,R2: Transition / mixed,-0.28179354360119,1.7448243465967312,-1.0740161277172309,2.792827111081735,-1.075248304090207,-0.7173569748405247,1.3373531480025282,0.445544733629582,0.20660385848845852,1.3315373169111242,-1.244951004530791,0.2675691771933861,1.4068573928221264,-0.2542775856522541,-0.8237378496479354,-0.2542775856522541,0,0,0,1,0,-0.0329547058821303,-0.0045006915836539,-0.0187475165005922,1,TLT
2022-04-29,2022-04-29,validation,2,R2: Transition / mixed,0.13549038322387083,2.5205140593344137,-1.175433469287238,2.472643460956451,-1.3143295071985657,-0.9085008068507634,1.8265674308255322,0.8916195161766256,0.5169889646903907,1.8958918941110383,-1.2742936327320502,-0.24375394598508282,1.9536318158019073,-0.2547589389062517,-0.7837285701938067,-0.2547589389062517,0,0,0,1,0,-0.0016017892321532,-0.0467683834134126,-0.0084223925290845,0,SPY
2022-05-06,2022-05-06,validation,2,R2: Transition / mixed,-0.3549342015206619,1.8658804801477145,-0.5529205093780806,3.99774330200876,0.05126304011337796,-1.204493709942519,2.0495972709065886,1.0597997508744177,0.6016799787593575,2.426606834897796,-1.303272672074032,-0.5276491514904953,2.2717020896818068,-0.25529714060556596,-0.743719290739678,-0.25529714060556596,0,0,0,1,0,-0.0233872792506811,0.0203221324490487,-0.0377950345001555,1,TLT
2022-05-13,2022-05-13,validation,2,R2: Transition / mixed,-0.04211775359659442,2.291219072550153,-0.06945715660657463,2.525123342633835,-0.47242631855835654,-0.32143868773899575,1.3415882751898573,0.46926824361157443,-0.09848570309669898,1.65642197384009,-1.3137636807968804,-0.8469545935394295,2.6040041756472023,-0.25525522934259964,-0.7037100112855493,-0.25525522934259964,0,0,0,1,0,-0.0300955417847792,0.0218138459578032,0.0191954832753125,1,TLT
2022-05-20,2022-05-20,validation,2,R2: Transition / mixed,0.3606705662341384,2.4087176125977745,0.05950785064910275,1.8472902268848943,-0.24532173103504235,-0.0783680341869337,1.061477206082068,0.3806244276904969,-0.22779646280493096,1.380744357168206,-1.2718905295778729,-0.9687152400652344,2.679268342786231,-0.25510855597411325,-0.6637007318314206,-0.25510855597411325,0,0,0,1,0,0.0657805147560928,0.0048097793328616,0.004766653083982,0,SPY
2022-05-27,2022-05-27,validation,2,R2: Transition / mixed,-0.42328624584699076,0.825964271910377,0.9756676018869855,2.4804274046152237,1.3672568096019473,0.862810789673329,0.6823182587769919,0.07678916323739435,-0.40399286093951836,1.1461376901080425,-1.2119494896152496,-0.6001306889341755,2.2421225585922695,-0.25510057290603844,-0.6236914523772918,-0.25510057290603844,0,0,0,1,0,-0.0113662645441107,-0.0238794081724063,-0.0015620726810923,2,GLD
2022-06-03,2022-06-03,validation,2,R2: Transition / mixed,-0.39552105012433686,0.8030882223081851,0.5943464357121311,2.653650641751602,0.5596036357868864,-0.14130101330488243,0.4864657290782495,-0.04974880741391393,-0.47845799747238765,0.7525589821341482,-1.1599058491022263,-0.443195322683694,2.025703700226404,-0.25453289587900235,-0.5836821729231632,-0.25453289587900235,0,0,0,1,0,-0.0505191746623282,-0.0194777624697004,0.0113570021687496,2,GLD
2022-06-10,2022-06-10,validation,2,R2: Transition / mixed,-0.13131085288999947,1.465479761010359,-0.00750933232329915,2.0141062317196203,-0.4295321137320015,-1.0514537271472264,0.41870519921177235,-0.06759989230151683,-0.47841897473677447,0.7373594567856676,-1.1192838036739976,-0.39735242164291384,1.9342215872111614,-0.25451686864639816,-0.5436728934690345,-0.25451686864639816,0,0,0,1,0,-0.057361467792751,-0.0148546891342944,-0.0187348982437005,1,TLT
2022-06-17,2022-06-17,validation,2,R2: Transition / mixed,0.17996855687060553,2.1777932610885213,0.13845484638415287,2.5612501813996644,-0.5633578411581479,-1.422721074266532,1.2373087971947352,0.5949502450165784,-0.05025767930208944,1.5356842566675537,-1.2606357788475098,-1.0724692947361312,2.7707987254947346,-0.2550533294767667,-0.5036636140149058,-0.2550533294767667,0,0,0,1,0,0.066199946495377,0.0042826069276691,-0.0068897524676482,0,SPY
2022-06-24,2022-06-24,validation,2,R2: Transition / mixed,-0.044401232929199244,1.1480281620082258,1.0456104468418874,2.205240312104726,0.6391186755336614,0.06363881482743959,0.4079530543837338,-0.039591919734579054,-0.6370253468412143,0.6931282581638052,-1.1869329472406818,-0.9492228034709853,2.564203116903521,-0.25468386520221675,-0.4636543345607771,-0.25468386520221675,0,0,0,1,0,-0.0226619944876586,0.030999973942718,-0.0104061911445734,1,TLT
2022-07-01,2022-07-01,validation,2,R2: Transition / mixed,0.3716897646628681,1.5197289426434324,0.9013216669415259,0.8184383184854541,-0.4890276822221536,-0.5676151537287417,0.06385182624299128,-0.15230145586651742,-0.7483390531026577,0.22140273472293995,-1.0279935582152262,-0.9835545440668605,2.4193848769850996,-0.2533127781251646,-0.4236450551066484,-0.2533127781251646,0,0,0,1,0,0.0194892995588662,-0.0286650994391411,-0.0357652329521658,0,SPY
2022-07-08,2022-07-08,validation,2,R2: Transition / mixed,-0.039688772091349925,0.41794683415727424,1.3399258163240342,2.233212778583181,0.8491422883761329,-0.7849638536964794,0.14717683393557537,-0.004438310258337735,-0.5609721440211066,0.3583886409946711,-0.9062403312506225,-0.9149835431597385,2.2140410938138335,-0.2530273376006805,-0.3836357756525197,-0.2530273376006805,0,0,0,1,0,-0.0091080900993866,0.0323552801038791,-0.0202711551636427,1,TLT
2022-07-15,2022-07-15,validation,2,R2: Transition / mixed,0.05651045991991455,0.8024530943813373,1.7253350380902934,0.916601595450092,-0.4115125890376629,-0.10683753436476007,-0.00927720537056115,-0.20989923956191295,-0.8386997818624378,-0.07705940943345893,-1.0459894587219054,-1.0618872892560138,2.516166514335732,-0.25151675134825896,-0.343626496198391,-0.25151675134825896,0,0,0,1,0,0.0258614184696497,0.0207509497404083,0.0104396183853587,0,SPY
2022-07-22,2022-07-22,validation,2,R2: Transition / mixed,-0.0029089492702143874,0.4380856890860774,1.9490094521666559,0.7604842293365748,0.08088174683457214,0.013945068606575984,-0.1151519312993566,-0.20705707765786688,-0.8014084583934983,-0.08583324865662885,-0.9021315895537674,-1.0107217415899987,2.3035211694516673,-0.2511812937713355,-0.3036172167442623,-0.2511812937713355,0,0,0,1,0,0.0427751162417202,-0.0094474909967393,0.0213481544386628,0,SPY
2022-07-29,2022-07-29,validation,2,R2: Transition / mixed,-0.28242619623538706,0.2066620348165129,2.258815897051514,0.962005864278283,-0.032782851479192174,-0.4384051124543638,0.07683894146217929,-0.03995766769605907,-0.6595923899811535,0.16602255313373857,-0.9334364777408016,-1.0702661555296045,2.3994201318370343,-0.2521671305219512,-0.2636079372901336,-0.2521671305219512,0,0,0,1,0,0.0035922161272015,-0.0063730262291763,0.0072515974305724,2,GLD
2022-08-05,2022-08-05,validation,2,R2: Transition / mixed,-0.3227682995494604,0.08354742399104778,1.920399384140191,1.0580764111729424,0.10912966466434602,-0.7046183160816469,-0.09056293484884874,-0.15411347532119352,-0.6799482900738517,0.0784663244657779,-0.7805269497390241,-0.8639906979417269,2.020966796990832,-0.25188726371161435,-0.2235986578360049,-0.25188726371161435,0,0,0,1,0,0.0329649206888043,-0.0078988521494594,0.0156089414716622,0,SPY
2022-08-12,2022-08-12,validation,1,R1: Growth / trend,-0.3619278088394997,-0.05440553772948736,2.1080782311828514,0.7183643298131072,0.031406534443092535,-0.05101131875585432,-0.05380596714972493,-0.15040131798376438,-0.6551930902316001,-0.02181268001336077,-0.8029431678332899,-0.7988658227577378,1.9789868020613244,-0.25039711054321906,-1.143812085280965,-0.25039711054321906,1,0,1,0,0,-0.0116133149490744,-0.021722207761747,-0.0306784657549388,0,SPY
2022-08-19,2022-08-19,validation,1,R1: Growth / trend,-0.471812737639986,0.02929860034060103,1.44236805342441,1.0372431634548744,-0.7709420651093665,-1.388737594681876,-0.10231653182753137,-0.18989701410556317,-0.5954625565056556,-0.08955767304045487,-0.6810634176377512,-0.546238520027992,1.5874196077362233,-0.24897048840784405,-1.1038028058268363,-0.24897048840784405,0,0,1,0,0,-0.0398681093919799,0.0051309824508016,-0.0058997462307359,1,TLT
2022-08-26,2022-08-26,validation,1,R1: Growth / trend,-0.0038019984249037997,0.8836973030307725,0.9443484455104648,0.7056585494337053,-1.2025952088645213,-1.3544079597338727,-0.12145447912178385,-0.24719743329855218,-0.7146522841955545,-0.1288438203487554,-0.8186565774586091,-0.6822579531389115,1.878922247090309,-0.24990055156124155,-1.0637935263727076,-0.24990055156124155,0,0,1,0,0,-0.0322471873970542,-0.0278739235476486,-0.0154549955792335,2,GLD
2022-09-02,2022-09-02,validation,1,R1: Growth / trend,-0.3459281687821431,0.8965137050910669,1.5946159100834594,1.1615937869499517,-1.0470356464731754,-1.327297192832798,0.2611662176210098,-0.032939991467864554,-0.6488364424703218,0.4128538777908781,-1.0963461949420192,-1.02097555478053,2.533877661301889,-0.25373484772674265,-1.023784246918579,-0.25373484772674265,0,0,1,0,0,0.0366104032152165,-0.0173289874107589,0.0035163433172087,0,SPY
2022-09-09,2022-09-09,validation,1,R1: Growth / trend,-0.5082322203870685,0.42783909188736136,2.042727961306579,1.348680299036025,-0.1177726875054785,-0.6347080976884463,0.2403398612916225,-0.033961411868933554,-0.6491542905363478,0.49338432662887083,-1.0803527591898618,-1.0229663165117189,2.518403724636711,-0.2541074218946981,-0.9837749674644501,-0.2541074218946981,0,0,1,0,0,-0.0478508753952442,-0.0114483860669175,-0.0249030834935083,1,TLT
2022-09-16,2022-09-16,validation,1,R1: Growth / trend,-0.20629757934022905,1.086864166074352,1.4652284032451504,1.0305115539828187,-1.0493242666469433,-1.653158253333522,0.24639489322626035,0.008891859750119538,-0.6217566089483643,0.49564892078496603,-1.0567622363714817,-1.068776768231576,2.537883459166873,-0.25398703967848746,-0.9437656880103215,-0.25398703967848746,0,0,1,0,0,-0.045673783548669,-0.0127954058349528,-0.0181596631003424,1,TLT
2022-09-23,2022-09-23,validation,1,R1: Growth / trend,-0.11128297209490683,1.1501008868493439,1.0864389974901854,1.2342204814583717,-0.7211809261561745,-2.251130348698468,0.21512053817699603,0.06121135268284624,-0.5249647574307023,0.6633764389234409,-0.9289036954331398,-0.9887877916024936,2.3149332817234853,-0.25431847037867716,-0.9037564085561928,-0.25431847037867716,0,0,1,0,0,-0.02927027560494,-0.0307475693371348,0.0108489884432694,2,GLD
2022-09-30,2022-09-30,validation,1,R1: Growth / trend,0.20186758415902167,1.22507314342931,1.0241409226293074,1.0455941873049754,-0.14142521588789697,-1.899501684463104,-0.007341856381406238,-0.04079210968960444,-0.6356218801311745,0.5057663932292605,-0.8005066016161585,-1.0414921232598884,2.224125946988992,-0.2542076516340897,-0.8637471291020641,-0.2542076516340897,0,0,1,0,0,0.0157063539190271,-0.0118976062998084,0.0207539067166788,2,GLD
2022-10-07,2022-10-07,validation,1,R1: Growth / trend,0.0042439223590592075,1.0591537996903453,1.3524514084945374,1.2248860043774834,0.44037589378484376,-0.8532867525113673,-0.02310649602315635,-0.1771710719900583,-0.7883740371843656,0.5326619079416023,-0.9830222430047463,-1.0330005578048183,2.42029962862304,-0.2547171212926353,-0.8237378496479354,-0.2547171212926353,0,0,1,0,0,-0.0142231109377088,-0.0239625494616937,-0.0310362870770779,0,SPY
2022-10-14,2022-10-14,validation,1,R1: Growth / trend,-0.07786173757415613,0.9988423266000103,1.0095714930886963,1.4006630948859664,-0.0647380605038058,-1.4954942842383616,-0.018733408564023574,-0.1728877573953688,-0.7122506076327344,0.4413904650783578,-0.9159603968216539,-0.8601111674486623,2.1712203001635513,-0.25428951473917794,-0.7837285701938067,-0.25428951473917794,0,0,1,0,0,0.0465844927189038,-0.0547832464513201,0.0076480468141018,0,SPY
2022-10-21,2022-10-21,validation,1,R1: Growth / trend,-0.2809249382413854,0.3954625079596915,1.3123661431939326,1.6766879359690523,0.6176102606209396,-1.2251114493347013,-0.05170520247114541,-0.15088082478712003,-0.6433019759249765,0.43652621233813327,-0.7922685880056477,-0.7656983207935031,1.937848652133666,-0.2540832600584543,-0.743719290739678,-0.2540832600584543,0,0,1,0,0,0.0393543607291675,0.0389606674933498,-0.0064222528288895,0,SPY
2022-10-28,2022-10-28,validation,1,R1: Growth / trend,-0.4765416717259103,0.3324018984835755,1.7138261623116045,0.8270537032018488,0.44175717262126873,-0.211638279425595,-0.10988747902039644,-0.281677937992947,-0.7584742884547164,0.3784102479935892,-0.8925230282858899,-0.6828383462643663,1.967035206380976,-0.25431481316304644,-0.7037100112855493,-0.25431481316304644,0,0,1,0,0,-0.0325688708047996,-0.02425671944408,0.0216113703280917,2,GLD
2022-11-04,2022-11-04,validation,1,R1: Growth / trend,-0.2780313780773972,0.2866830692969957,1.3613655738350514,0.6948399884037009,0.054552686139454604,-1.1325721858140223,-0.3652197406135646,-0.35207316065909966,-0.7711436507766432,0.04240332552478805,-0.5554972792871861,-0.6284302792734404,1.5338847740100907,-0.2528993092729801,-0.6637007318314206,-0.2528993092729801,0,0,1,0,0,0.0588814320867052,0.0389514639843051,0.0517031780838268,0,SPY
2022-11-11,2022-11-11,validation,1,R1: Growth / trend,-0.0422230286216166,0.1145515974547174,1.731735750529033,-0.4684768893262371,0.608446678687898,0.8148348796960394,-0.3296428758504106,-0.2806148836764027,-0.6556008479838232,-0.06323952381603734,-0.40403093292292136,-0.5604510575206234,1.2940359462236841,-0.25093715648649834,-0.6236914523772918,-0.25093715648649834,0,0,1,0,0,-0.0062232589015015,0.0178771175805914,-0.0107559813971843,1,TLT
2022-11-18,2022-11-18,validation,1,R1: Growth / trend,-0.25779346814732373,-0.05793866266269973,1.424956630424184,-0.43989770190243055,0.12993543303128963,-0.11829576305799239,-0.5374954864734192,-0.42767685529120014,-0.7020351313271592,-0.2153996545804546,-0.1515534352018773,-0.3729312854863347,0.822849437682786,-0.25047319314704997,-0.5836821729231632,-0.25047319314704997,0,0,1,0,0,0.0159076430639311,0.0327180997394074,0.0026414887419676,1,TLT
2022-11-25,2022-11-25,validation,1,R1: Growth / trend,-0.47397146148651714,-0.37183939505721286,1.783523991989039,-0.3009878249280809,0.35579036371241235,0.6993496761198384,-0.22914448593940964,-0.24623853732221274,-0.5170316835791745,-0.036108731211802976,-0.3886465930664885,-0.2514845179306817,0.965411740026111,-0.2498738966602383,-0.5436728934690345,-0.2498738966602383,0,0,1,0,0,0.0113839553452177,0.0431964202794545,0.0247518273245814,1,TLT
2022-12-02,2022-12-02,validation,1,R1: Growth / trend,-0.001360939358494224,-0.1586029362098861,1.6150869598499127,-0.7642569689097175,0.43748602620381644,0.227904441201826,-0.5224241757542696,-0.2990519500366394,-0.5948032856713898,-0.2834139484420562,0.15363808739482457,-0.5843124872630135,0.6905634927065842,-0.24760301073681845,-0.5036636140149058,-0.24760301073681845,0,0,1,0,0,-0.0334963137636833,-0.0070964718755209,-0.0011957249480479,2,GLD
2022-12-09,2022-12-09,validation,1,R1: Growth / trend,-0.08745488058140041,0.035772887730651466,1.0335432964674147,-0.5971709923448404,-0.2450336064176879,-0.9952781895127139,-0.6880626240490936,-0.44306602748255086,-0.6687054957176486,-0.3649378131215167,0.28966549948390424,-0.4641274740080942,0.4188273461972914,-0.24857331189149978,-0.4636543345607771,-0.24857331189149978,0,0,1,0,0,-0.0209774788074795,0.0097721351221486,-0.0016162113995377,1,TLT
2022-12-16,2022-12-16,validation,1,R1: Growth / trend,-0.001087639620305403,-0.0027732062980198964,1.199823101332691,-0.5845979937157252,-0.28201218883069673,-0.3142769587194873,-0.647570970049576,-0.457262687172999,-0.7122388099743456,-0.5667575001355845,0.0782856345952203,-0.43508560504562116,0.6205457823143121,-0.24360103611028455,-0.4236450551066484,-0.24360103611028455,0,0,1,0,0,-0.000939396546941,-0.0462139249604308,0.0028179221753239,2,GLD
2022-12-23,2022-12-23,validation,1,R1: Growth / trend,-0.2426287282612542,-0.5474642782224821,1.0110907083458396,0.37417056079905525,0.33152394117240686,-0.6865444330247245,-0.6437729872204512,-0.4395708706485988,-0.5995113833894872,-0.52674262650805,0.27684871560989405,-0.28915970977796673,0.2516156831944379,-0.24330939870685098,-0.3836357756525197,-0.24330939870685098,0,0,1,0,0,-0.0012536233197382,-0.0254503492348822,0.0142293731972784,2,GLD
2022-12-30,2022-12-30,validation,1,R1: Growth / trend,-0.31585105078355397,-0.4774887139338868,0.8069907314922388,0.32710236371233087,-0.22150130482031818,-0.7824776136799155,-0.632411629529755,-0.4938779505059359,-0.6127111416086924,-0.6435233988019148,0.12936348519612306,-0.09235906112580966,0.2148349719253375,-0.239603546928965,-0.343626496198391,-0.239603546928965,0,0,1,0,0,0.0147740142034777,0.0564482519624425,0.0239920262842627,1,TLT
2023-01-06,2023-01-06,validation,0,R0: Calm / risk-on,-0.09349567333545807,-0.08092701585611861,1.1774642898589367,-0.8598487835949805,-0.0417308467227058,-0.24183617705828364,-0.6569478531715361,-0.4401201880276785,-0.6432492935457196,-0.39650321752698875,0.2459818579591425,-0.3823618589774973,0.38437232598077803,-0.24748518807272463,-1.143812085280965,-0.24748518807272463,1,1,0,0,0,0.0268501359925759,0.0149265264192606,0.0290713695111821,2,GLD
2023-01-13,2023-01-13,validation,0,R0: Calm / risk-on,-0.38979895295008044,-0.653262197616843,1.4201456869037932,-0.6795945323453289,0.28714751762577295,0.02632796348452817,-0.5013236689566477,-0.30109670910656683,-0.43289282772599286,-0.27726420441877103,0.359202280749699,-0.26801896726205554,0.14149454772855827,-0.2461958381942358,-1.1038028058268363,-0.2461958381942358,0,1,0,0,0,-0.0065747397640305,-0.0051520632551003,0.0029648623606139,2,GLD
2023-01-20,2023-01-20,validation,0,R0: Calm / risk-on,-0.2590704377053084,-0.4297380123649287,1.0397048784381309,-0.5727149610242609,-0.2791387865726648,-0.4214339502636729,-0.6595464628899228,-0.4547598745204999,-0.571807830085815,-0.5829136168526184,0.33708050230049014,-0.2163900864894253,0.10897671437645547,-0.2413288496621904,-1.0637935263727076,-0.2413288496621904,0,1,0,0,0,0.0247549827879423,0.0048024548865663,-0.0003903846731589,0,SPY
2023-01-27,2023-01-27,validation,0,R0: Calm / risk-on,-0.5322348447760907,-0.7806916680042808,1.2258353114174232,-0.567453234018685,-0.12219072210263118,0.018562968351944723,-0.4584800453219158,-0.32738778025746174,-0.38649357675409285,-0.4025325791729043,0.24704313863939595,-0.015047012400472293,0.007833673271326952,-0.24162030135258486,-1.023784246918579,-0.24162030135258486,0,1,0,0,0,0.0164416570945462,0.0024783500871246,-0.0321392393014365,0,SPY
2023-02-03,2023-02-03,validation,0,R0: Calm / risk-on,-0.5101721874203644,-0.4170455352995566,0.7539261746615531,-0.6675323030489493,-0.09454707863731136,-0.9515960918824972,-0.6483671807342757,-0.4407123878720293,-0.4679467819167313,-0.1802329431185697,0.47847712058176584,-0.08662312916143189,-0.16936272610379266,-0.2504030002701552,-0.9837749674644501,-0.2504030002701552,0,1,0,0,0,-0.0104522983321717,-0.0310215175867456,-0.0005765369517169,2,GLD
2023-02-10,2023-02-10,validation,0,R0: Calm / risk-on,-0.7030838884476863,-0.3726315806141422,0.5912781704781035,-0.22210065155143996,-0.7222433873717906,-1.0203619459086481,-0.47053453505227943,-0.4385028803858431,-0.45157255823642595,-0.2240539918585954,-0.008590990135508892,0.2869509433715839,-0.0016944749339193443,-0.24862305173154417,-0.9437656880103215,-0.24862305173154417,0,1,0,0,0,-0.0019117251696907,-0.0097687426426436,-0.0121135561612949,0,SPY
2023-02-17,2023-02-17,validation,0,R0: Calm / risk-on,-0.6527840991458925,-0.41564349737358486,0.5528427286085119,-0.30038115630072443,-0.672030943288855,-0.7555957472473837,-0.5190919918956967,-0.48013609163774973,-0.4710365260000873,-0.33828470228107765,0.019474154046414092,0.3248852435737676,-0.07296996126386962,-0.24700966108664832,-0.9037564085561928,-0.24700966108664832,0,1,0,0,0,-0.0267151287265974,-0.0137721234512057,-0.0169916413444948,1,TLT
2023-02-24,2023-02-24,validation,0,R0: Calm / risk-on,-0.5551496134101082,-0.22102545271162313,0.21569763815369064,-0.04950437284784896,-0.8104219529831721,-1.0016644817737623,-0.5470641161623118,-0.5304004957148821,-0.5104608475080472,-0.3990128116512787,-0.04471953831939919,0.4004650715047517,-0.07753891069489534,-0.24658223874611168,-0.8637471291020641,-0.24658223874611168,0,1,0,0,0,0.0197035449242317,0.0115978188345364,0.0245916200745655,2,GLD
2023-03-03,2023-03-03,validation,0,R0: Calm / risk-on,-0.5962717611797461,-0.4111713963056605,0.5080109727554217,-0.15801549134059215,0.18562494850372716,-0.12143676716389121,-0.61130021945788,-0.5784269765113013,-0.5581011435214607,-0.24848346456181175,-0.01628997928303068,0.38480452001300824,-0.08926823278296545,-0.2504824741321117,-0.8237378496479354,-0.2504824741321117,0,1,0,0,0,-0.0452263455611621,0.0363140033633835,0.0080004033861436,1,TLT
2023-03-10,2023-03-10,validation,0,R0: Calm / risk-on,0.09664656442929473,0.7385890545504467,0.14819778945465018,-1.553733242697378,-0.9586320570272067,-0.6827786617019632,-0.44044237066394676,-0.31693874837389524,-0.40530362206816056,-0.06340884666930449,0.19304836259086885,-0.049767240290367054,0.11248832574928103,-0.250064533628657,-0.7837285701938067,-0.250064533628657,0,1,0,0,0,0.0144292799886625,0.0119326583635663,0.0569391466802591,2,GLD
2023-03-17,2023-03-17,validation,0,R0: Calm / risk-on,0.5106839245999832,0.2711672516487695,0.7287403575378941,-1.5384199380146888,0.2611615325945413,0.014408824308717713,-0.665113140054282,-0.28631489852297126,-0.45290029303199614,-0.39343055705816016,0.8641495359382773,-0.6491014060762945,-0.04217257499122933,-0.24479527666889206,-0.743719290739678,-0.24479527666889206,0,1,0,0,0,0.0147695144042774,0.0,-0.0006530465973033,0,SPY
2023-03-24,2023-03-24,validation,0,R0: Calm / risk-on,0.24400993561778506,-0.3600804969787368,1.1151623939733437,-0.4213504813861832,0.6543802738786981,0.7443582256106531,-0.6392819854232494,-0.39162724098814117,-0.5731262571231048,-0.7327715203838766,0.3843276445558767,-0.41371860364633173,0.2440217680630469,-0.23212328410336455,-0.7037100112855493,-0.23212328410336455,0,1,0,0,0,0.034466369866916,-0.0044922170785245,-0.0023413704877314,0,SPY
2023-03-31,2023-03-31,validation,0,R0: Calm / risk-on,-0.03446661350940683,-0.6931684608841119,0.9557539578362286,-0.2805366513828679,1.0434359874261157,0.6200396389512424,-0.6286376996045139,-0.37672979787793254,-0.44166532997813607,-0.5259023597217263,0.584597863345486,-0.2527064549852293,-0.13230571343794997,-0.24050759592769627,-0.6637007318314206,-0.24050759592769627,0,1,0,0,0,-0.0004887200484674,0.0228932994209285,0.017847419772266,1,TLT
2023-04-07,2023-04-06,validation,0,R0: Calm / risk-on,0.049784632317355866,-0.5775868336286277,1.2275070527812142,-0.8778870364232231,0.24378506826730986,0.6982290219305924,-0.5816097022521016,-0.32753173043776945,-0.44696360274320146,-0.7192671572501845,0.5243931021401129,-0.34992890184295655,0.017812460404875774,-0.22718080146518155,-0.6236914523772918,-0.22718080146518155,0,1,0,0,0,0.0079915231604126,-0.0317882824204048,-0.0006971144778977,0,SPY
2023-04-14,2023-04-14,validation,0,R0: Calm / risk-on,-0.24079590599400327,-0.8561484336127939,0.9143576194456723,-0.21303591311656314,0.08091858056394442,-0.40754226459245685,-0.6849117313361889,-0.408406686406634,-0.4450464204073128,-0.7429003096804146,0.6844887122381371,-0.26356920972070697,-0.2441183579366006,-0.2306300127044163,-0.5836821729231632,-0.2306300127044163,0,1,0,0,0,-0.0006303996083049,-0.0064712725507671,-0.0113221753779837,0,SPY
2023-04-21,2023-04-21,validation,0,R0: Calm / risk-on,-0.4055359656697822,-0.7984169942138247,0.7105270284312577,-0.4242405993390022,-0.560637903378921,-0.7377851862599905,-0.6177105967719696,-0.3976288123389565,-0.3742462632944388,-0.7036535355152995,0.588192621492048,-0.06837861981333557,-0.33303566117618955,-0.23006645572763645,-0.5436728934690345,-0.23006645572763645,0,1,0,0,0,0.009048890211502,0.0197317764549544,0.0029850911900017,1,TLT
2023-04-28,2023-04-28,validation,0,R0: Calm / risk-on,-0.32418901598599553,-0.5094224097831204,0.8020797451774513,-0.8320806482459249,-0.6611813170171367,-0.04221917385134956,-0.593789900455658,-0.45383255319399807,-0.46984855348478405,-0.6976341821237002,0.2786236920053051,0.06730940704427243,-0.11978946162426235,-0.23299118101404956,-0.5036636140149058,-0.23299118101404956,0,1,0,0,0,-0.0079338471953656,-0.0122610190224007,0.014393958972849,2,GLD
2023-05-05,2023-05-05,validation,0,R0: Calm / risk-on,-0.36016917430692585,-0.24170980913178378,0.6165091142764926,-0.7328663701973342,-0.556430300857417,-0.6427250876562202,-0.6652281573601833,-0.5137335128644824,-0.5482582191438417,-0.46406302281112627,0.27251092030736107,0.03664564725215355,-0.06782277426659608,-0.24587061454628528,-0.4636543345607771,-0.24587061454628528,0,1,0,0,0,-0.0025205594756658,-0.0059108811950007,-0.0034674550943849,0,SPY
2023-05-12,2023-05-12,validation,0,R0: Calm / risk-on,-0.4465072140873167,-0.4308008928361203,0.6531073649220431,-0.6284664212130042,-0.2764904688565992,-0.5293071010578956,-0.6679191509651338,-0.5091173907780859,-0.5129515651597146,-0.4231275587140916,0.3334957259631093,0.06866894421082251,-0.16729985531928607,-0.246665835525499,-0.4236450551066484,-0.246665835525499,0,1,0,0,0,0.017080269283261,-0.0304016152245883,-0.0169691034225886,0,SPY
2023-05-19,2023-05-19,validation,0,R0: Calm / risk-on,-0.5052582569617261,-0.6326270985699862,0.43207703170786826,-0.097800326832812,-0.14896874385745149,-0.8588852036970687,-0.6623528634797674,-0.49697523667364824,-0.4500794924009548,-0.46582279036097146,0.415486925526225,0.12306496631522336,-0.31557374428992646,-0.24491225440232653,-0.3836357756525197,-0.24491225440232653,0,1,0,0,0,0.0033443232525616,-9.913875429568007e-05,-0.0148115945858385,0,SPY
2023-05-26,2023-05-26,validation,0,R0: Calm / risk-on,-0.4165920668119713,-0.4027899887371473,0.2766699180010623,-0.08666273261701686,-0.4886011798103552,-0.44320591603932,-0.6653434941333468,-0.5992091153465181,-0.5611168707436285,-0.6562653328477693,0.0814929527757089,0.3510447432608295,-0.17541800521875295,-0.24088721698713542,-0.343626496198391,-0.24088721698713542,0,1,0,0,0,0.0188085930495283,0.0115846356780633,0.0007185766312638,0,SPY
2023-06-02,2023-06-02,validation,0,R0: Calm / risk-on,-0.4374175412384297,-0.7937209705701048,0.7101123059642768,-0.15539183268681037,-0.18271996072160285,0.5822979278380218,-0.511212014342045,-0.4774120967785986,-0.44194676551603274,-0.7511238982076515,0.028038307340132303,0.3714866700771271,-0.15076358039019072,-0.22776956590414782,-0.3036172167442623,-0.22776956590414782,0,1,0,0,0,0.0046269568817183,-0.0006865104627978,0.0054680487030536,2,GLD
2023-06-09,2023-06-09,validation,0,R0: Calm / risk-on,-0.5799690418782864,-0.821303914276804,0.4376767295943358,-0.16537161032125353,-0.4804740914978313,0.09813263481492666,-0.511507578800445,-0.48347410189715023,-0.37442470637947,-0.6919906337913195,0.08077792591706726,0.5091149741631442,-0.3441797630847248,-0.23114898804064582,-0.2636079372901336,-0.23114898804064582,0,1,0,0,0,0.0260350275244083,0.006671984733285,-0.0022521886312965,0,SPY
2023-06-16,2023-06-16,validation,0,R0: Calm / risk-on,-0.5222859644903892,-0.8446518270160708,0.40888817282738227,-0.1661703259351784,-0.6439070585962131,0.5289188786240024,-0.44982134708687466,-0.4729885699636654,-0.3513589425747138,-0.8437350034984633,-0.04627487547154777,0.6263194062749692,-0.33732660850516405,-0.2153755939284654,-0.2235986578360049,-0.2153755939284654,0,1,0,0,0,-0.0142220469227684,0.0071148332691839,-0.0188845886822683,1,TLT
2023-06-23,2023-06-23,validation,1,R1: Growth / trend,-0.44864044263630765,-0.7242746774960027,0.31719017077031064,-0.3244549241053617,-0.786020789500092,0.23496298608594507,-0.5349676910320023,-0.5096645051548826,-0.3914261050868317,-0.8800520075323053,0.06815902873932678,0.5293227505843134,-0.3659654818535704,-0.2171305955761993,-1.143812085280965,-0.2171305955761993,1,0,1,0,0,0.0232451334084793,-0.0037741816038633,0.0003928581673269,0,SPY
2023-06-30,2023-06-30,validation,1,R1: Growth / trend,-0.5641273721770549,-0.8187922984944771,0.27702934120095135,-0.1252449562048527,-0.47929104779322856,0.12794223024157445,-0.5264854264962541,-0.5052681890477587,-0.362742961875812,-0.727306778139434,0.08272796269084355,0.5809696258157145,-0.4201895917043877,-0.2296406430742342,-1.1038028058268363,-0.2296406430742342,0,0,1,0,0,-0.0106706431545251,-0.0348911844448415,0.0020754760100976,2,GLD
2023-07-07,2023-07-07,validation,1,R1: Growth / trend,-0.6960117734658884,-0.6001666082623147,0.02968103427286461,0.2823315420494679,-0.7477330634220348,-0.2044454939418964,-0.4240457527566626,-0.5251210525918064,-0.38610868702187773,-0.5779548714610698,-0.23629133810318437,0.8397378038060666,-0.3139891946371838,-0.23792674476372658,-1.0637935263727076,-0.23792674476372658,0,0,1,0,0,0.0244671253667301,0.022305186639435,0.0156179651571051,0,SPY
2023-07-14,2023-07-14,validation,1,R1: Growth / trend,-0.7297653828942683,-0.7736611018968913,0.6330321010985649,-0.38144841665765233,-0.8157193171943568,1.0881294888576294,-0.18365067350625083,-0.3628958929986379,-0.25796910975194903,-0.5674043155834446,-0.39286075747448734,0.8676807930723183,-0.17862478674690996,-0.22742632668073157,-1.023784246918579,-0.22742632668073157,0,0,1,0,0,0.0064547072019802,0.0043441033487099,0.0041338258847878,0,SPY
2023-07-21,2023-07-21,validation,1,R1: Growth / trend,-0.816566295417685,-0.7161110456827282,0.34227971370828963,-0.22825307910711004,-1.135110304094589,0.3228613926902323,-0.2395060028643368,-0.4033092572094027,-0.2592742031578797,-0.5462225101739834,-0.3429029151247486,0.9305641739312719,-0.29301632076294404,-0.2315798258726689,-0.9837749674644501,-0.2315798258726689,0,0,1,0,0,0.0104826305923271,-0.018873495285162,-0.0017564610730836,0,SPY
2023-07-28,2023-07-28,validation,1,R1: Growth / trend,-0.7917611633342264,-0.7224273752915452,0.17797869016109513,0.18108314702414297,-0.9614838070314695,0.12326876861037622,-0.2907194766262046,-0.45217712923667963,-0.30330442591986223,-0.587140167874732,-0.34780894119893796,0.9480478739307591,-0.3043758470357268,-0.2322164094412207,-0.9437656880103215,-0.2322164094412207,0,0,1,0,0,-0.0221264645604682,-0.030196863302509,-0.0091828778364705,2,GLD
2023-08-04,2023-08-04,validation,1,R1: Growth / trend,-0.6353258854117101,0.11250328509482178,-0.5246763892749478,-0.22768048549781641,-1.1140636642268043,-0.8021127646940157,-0.3819077547987325,-0.5206704878996099,-0.36056082731157546,-0.1522443563801047,-0.30493743625241726,0.9558480014437756,-0.3404729265512716,-0.24989530268712357,-0.9037564085561928,-0.24989530268712357,0,0,1,0,0,-0.0025963255445452,-0.0120171685144221,-0.014373696114094,0,SPY
2023-08-11,2023-08-11,validation,1,R1: Growth / trend,-0.8975344713577325,-0.4502730595412258,-0.07367010537339155,0.4165384008907713,-0.3556362203209224,0.05331792128188615,-0.3163257300532454,-0.5382776714971524,-0.38139916972202836,-0.18217291782318404,-0.48811526945175393,1.0992147622090152,-0.28005202451290345,-0.24944829955229425,-0.8637471291020641,-0.24944829955229425,0,0,1,0,0,-0.0205315804369686,-0.016776522856411,-0.0127815551489218,2,GLD
2023-08-18,2023-08-18,validation,1,R1: Growth / trend,-0.7022779161698152,0.024562156357445866,-0.43342086136150226,0.25458586641582687,-0.9425619895172993,-0.3821800780093962,-0.34293633681143404,-0.5776049659967869,-0.44169715226459283,-0.2375093735230525,-0.5343851777616555,1.084450930658062,-0.21369648705154312,-0.24925163244968404,-0.8237378496479354,-0.24925163244968404,0,0,1,0,0,0.0079494968373272,0.0154631670518936,0.0130610463823495,1,TLT
2023-08-25,2023-08-25,validation,1,R1: Growth / trend,-0.641429820600841,-0.0733073821018465,-0.054121192573898934,0.1519854204507002,-0.18341747893925459,0.503011561489295,-0.4489211791578546,-0.6662396753976992,-0.5800746439795272,-0.2596931821780251,-0.552188751508525,0.968217470126234,-0.07557067364418445,-0.2506018255314706,-0.7837285701938067,-0.2506018255314706,0,0,1,0,0,0.0255018334599876,-0.000897876410834,0.0140187229006578,0,SPY
2023-09-01,2023-09-01,validation,1,R1: Growth / trend,-0.6768692434169197,-0.5058438741216335,0.2304005178999516,-0.010548330700800803,-0.137471646417727,0.8490276711906121,-0.4034765595412515,-0.5668052960652366,-0.4481379471502135,-0.4154507001935115,-0.3997290000823723,0.9280926658690543,-0.21161461684623145,-0.2453781331982014,-0.743719290739678,-0.2453781331982014,0,0,1,0,0,-0.0125668130143152,-0.0050607383196603,-0.0112708831959229,1,TLT
2023-09-08,2023-09-08,validation,1,R1: Growth / trend,-0.7770671655571296,-0.4447421436852469,-0.16798513037056917,0.3914618615869923,-0.6683316023101098,0.10809015206934265,-0.34138682473032245,-0.5557223084523529,-0.3897433838950348,-0.42468982661167676,-0.4730809645830859,1.105342249569209,-0.30893773401056895,-0.24413309809506978,-0.7037100112855493,-0.24413309809506978,0,0,1,0,0,-0.0013155378996895,-0.0149411920357535,0.0014599871078313,2,GLD
2023-09-15,2023-09-15,validation,1,R1: Growth / trend,-0.7107016405909095,-0.3486016348968001,-0.1774441331045368,0.2504901610070291,-1.048858739258219,0.5217753628988765,-0.2628762317066461,-0.5485937600472787,-0.38844115095022974,-0.5704818766386406,-0.6102578388464885,1.1987548638052836,-0.25667194598931115,-0.2375206144360636,-0.6637007318314206,-0.2375206144360636,0,0,1,0,0,-0.0292080482619623,-0.0164584745112958,0.0015700279524868,2,GLD
2023-09-22,2023-09-22,validation,1,R1: Growth / trend,-0.5703700480550131,0.14944496060743728,-0.7117883551034009,0.23387397235163154,-1.2729250424860166,-0.10851372794853004,-0.25613346316490665,-0.5494392876264133,-0.3785886140670501,-0.3760356451980542,-0.6172304950476861,1.237888106735555,-0.2798651721800868,-0.2449768696543663,-0.6236914523772918,-0.2449768696543663,0,0,1,0,0,-0.0068306000936007,-0.0299679990889947,-0.0401410724719888,0,SPY
2023-09-29,2023-09-29,validation,1,R1: Growth / trend,-0.5478559063644093,0.13359354440023044,-1.0473315113013022,0.7257360616827078,-0.6222829989251979,-0.9521893265400202,-0.28621786847156827,-0.4784286816719118,-0.27483576359934275,-0.0698723901622541,-0.3847357737303661,1.1229791459651812,-0.41873135897183017,-0.250172460383111,-0.5836821729231632,-0.250172460383111,0,0,1,0,0,0.0048189447005306,-0.0409458764409242,-0.0102070576328344,0,SPY
2023-10-06,2023-10-06,validation,1,R1: Growth / trend,-0.5008417245059623,0.23344229257588398,-1.2422685355486265,1.1668193080113778,-0.509000389456272,-0.8546293707417709,-0.13295950309798057,-0.4049922941539462,-0.20579858630354922,0.023692686594296138,-0.5302334089231551,1.2349456648134012,-0.3683869076113272,-0.25020824705730743,-0.5436728934690345,-0.25020824705730743,0,0,1,0,0,0.0045630384721468,0.0332584303207925,0.0538008547259851,2,GLD
2023-10-13,2023-10-13,validation,1,R1: Growth / trend,-0.2749403971978872,0.40522468654927646,-0.6116543972425472,-0.2524788633694144,-0.2948652181776307,0.5003473801015126,-0.49609797571993236,-0.6723817825319546,-0.5497774992565113,-0.26725372542714787,-0.4503510943920699,0.9856389494552495,-0.20700863603636468,-0.2505607813025379,-0.5036636140149058,-0.2505607813025379,0,0,1,0,0,-0.0238933783655994,-0.0498800462189734,0.0266174269311525,2,GLD
2023-10-20,2023-10-20,validation,1,R1: Growth / trend,-0.31994827820595456,0.35122775480256185,-1.1780088736236827,0.8234528244556131,-0.41535778940330353,-0.31569939011062986,-0.28978876257591396,-0.5338494960187026,-0.3553125591458665,-0.18438488776219558,-0.5182916377859152,1.1773981421518211,-0.3251071079603564,-0.2491775438997344,-0.4636543345607771,-0.2491775438997344,0,0,1,0,0,-0.0249531420783614,0.013575260138084,0.013944101583194,2,GLD
2023-10-27,2023-10-27,validation,1,R1: Growth / trend,-0.19879647220958405,0.605720245121182,-0.7798406163469866,0.1892658788253387,0.006362388446252476,0.7361701010277749,-0.3712111399788283,-0.6373926877093194,-0.5427688070840119,-0.1198845648673103,-0.6285456216215939,1.0515815130172645,-0.0725427724103588,-0.25179929663358647,-0.4236450551066484,-0.25179929663358647,0,0,1,0,0,0.0584639867695595,0.0422052701455928,-0.0073059395914236,0,SPY
2023-11-03,2023-11-03,validation,1,R1: Growth / trend,-0.22892208191519248,-0.7276454929382663,0.35379446701606315,0.34890364969001764,1.0030691952619977,2.1150954817938685,-0.18080804100619388,-0.3029320607806333,-0.21220650760392776,-0.45047564322180955,-0.25836826621764536,0.7279631650322056,-0.1832340483763612,-0.23238559342662365,-0.3836357756525197,-0.23238559342662365,0,0,1,0,0,0.0136189195561062,0.0041085232040301,-0.0285729691603008,0,SPY
2023-11-10,2023-11-10,validation,1,R1: Growth / trend,-0.17483541090874483,-0.5472608527175665,-0.2648842135538313,0.6646606108521118,0.04669116703838778,0.6182996781517409,-0.5664911347750186,-0.6016818187485121,-0.4641410037574108,-0.9380495217072571,-0.10450198788855604,0.7156118825892405,-0.35794979272272603,-0.21888906900232352,-0.343626496198391,-0.21888906900232352,0,0,1,0,0,0.0231044603002155,0.0232981223461545,0.023174217533336,1,TLT
2023-11-17,2023-11-17,validation,1,R1: Growth / trend,-0.2556930570274766,-0.6905211134574324,0.24246276083569296,-0.08903628992222726,-0.21060326624197687,1.3962622283086468,-0.4470127035385174,-0.5099625975041908,-0.3900318700723629,-0.9505170117076962,-0.1622422136174672,0.7082909494911148,-0.30073433784233305,-0.2056736355824608,-0.3036172167442623,-0.2056736355824608,0,0,1,0,0,0.0100045265273991,-0.0026657334778319,0.0100724458101968,2,GLD
2023-11-24,2023-11-24,validation,1,R1: Growth / trend,-0.44023362778491737,-1.1686347052813262,0.43288844312720903,0.43405760214069744,0.10793162411954556,1.4976042616754157,-0.20739081091486802,-0.30042911970581165,-0.15257138058262834,-0.828479665181335,-0.15578719184520662,0.7490748740340202,-0.36857558925464967,-0.18800711207491483,-0.2636079372901336,-0.18800711207491483,0,0,1,0,0,0.0083462058319092,0.0388022881535043,0.034982697741013,1,TLT
2023-12-01,2023-12-01,validation,1,R1: Growth / trend,-0.3252712546273507,-0.3578399009024687,0.05663974129080426,-1.4076864495730008,-0.4338327559681836,1.2174919574476541,-0.42093766096344365,-0.4281057158471682,-0.2256255098711156,-0.47725473360650655,0.08014807325001422,0.7134520542471722,-0.5404655636609101,-0.23850011852681924,-0.2235986578360049,-0.23850011852681924,0,0,1,0,0,0.0023960075593085,0.0166685116420954,-0.0331753309693505,1,TLT
2023-12-08,2023-12-08,validation,1,R1: Growth / trend,-0.45442173820192466,-0.6000519738426596,-0.029580392197144412,-0.4572807944054379,-0.2632447507234679,0.37062006783263046,-0.6207483511575226,-0.5857535537914521,-0.39165405449406493,-0.6604792299031705,0.1361869721379838,0.6520951650504764,-0.5418385213064963,-0.2382258582610304,-0.1835893783818762,-0.2382258582610304,0,0,1,0,0,0.0239739558087515,0.0521416774227643,0.0073260106379176,1,TLT
2023-12-15,2023-12-15,validation,1,R1: Growth / trend,-0.3294129716826812,-0.5345705234891329,0.303316181999428,-1.1987233847754106,-0.3671162361424854,1.2085654515128001,-0.4470490874032322,-0.4279988323170626,-0.2670290250969678,-0.6038960363005025,0.11903560347795103,0.5909510066437288,-0.46784954631496034,-0.23230833141796345,-0.1435800989277475,-0.23230833141796345,0,0,1,0,0,0.0092047131327579,-0.006757452580692,0.0174866538634275,2,GLD
2023-12-22,2023-12-22,validation,1,R1: Growth / trend,-0.35681882870719994,-0.5669585390538864,0.210757119458751,-0.7436621160855645,-0.5699230745257022,0.8794039124219842,-0.5197448112039897,-0.5205976345589016,-0.3704196867717999,-0.793778117305745,0.022606870053850845,0.6433382984641816,-0.42065435873423523,-0.22507628020080478,-0.1035708194736188,-0.22507628020080478,0,0,1,0,0,0.0035046944752898,0.0040616926578738,0.00473008817089,2,GLD
2023-12-29,2023-12-29,validation,1,R1: Growth / trend,-0.4444451972645513,-0.6969202073820095,0.2153586489617707,-0.7199533756058613,-0.3176602529111446,0.7242566918408696,-0.5441114838420105,-0.508096310833468,-0.3297405836924806,-0.6816699038472294,0.1524180775851408,0.6008724953573233,-0.5146374954371165,-0.23276685480530737,-0.0635615400194901,-0.23276685480530737,0,0,1,0,0,-0.0155477492444329,-0.0261933485011294,-0.0095202808121664,2,GLD
2024-01-05,2024-01-05,test,1,R1: Growth / trend,-0.4283640112800871,-0.3826239592237448,-0.35541648265871795,-0.15552899714886662,-0.5865006205687743,-0.4519972814678381,-0.6445429020095563,-0.6054392811744158,-0.41578152503286187,-0.6317995691616614,0.13821571694172755,0.6438902956740571,-0.5333126079708264,-0.2405218379008147,-0.02355226056536141,-0.2405218379008147,0,0,1,0,0,0.018721094566058,0.0023883457267328,0.0019012442500518,0,SPY
2024-01-12,2024-01-12,test,1,R1: Growth / trend,-0.5231419753670322,-0.5811670195573738,0.10932123609514202,-0.40064128188903625,-0.2930169590271129,0.6909943005785641,-0.5276311547275581,-0.5705778163173253,-0.40292456553885797,-0.6136096480797981,-0.08657726560546962,0.7841575317696698,-0.424559251339373,-0.23888586551628563,0.01645701888876729,-0.23888586551628563,0,0,1,0,0,0.0120626174636599,-0.0251761713018483,-0.0093828157455641,0,SPY
2024-01-19,2024-01-19,test,1,R1: Growth / trend,-0.5042904076434196,-0.550881489790224,-0.3727185281741304,0.3175550662560972,-0.34533733611323636,0.0017137091441727273,-0.5498329912966208,-0.6015148043890258,-0.39279645521711987,-0.6674697554861486,-0.09078261510273386,0.8746222391686987,-0.5123980610050539,-0.23735325269605193,0.05646629834289599,-0.23735325269605193,0,0,1,0,0,0.0103227324490018,-0.0032945019967445,-0.0048954302389215,0,SPY
2024-01-26,2024-01-26,test,1,R1: Growth / trend,-0.6804953299706602,-0.7359694845794598,-0.18637391596693906,0.06485831264357271,-0.5740785540104478,0.43811538751424867,-0.39996000078662214,-0.5225021942570621,-0.2802685664684188,-0.6323057646698093,-0.22153486285766327,1.0514209659120832,-0.5480819229359395,-0.23340286146764,0.09647557779702469,-0.23340286146764,0,0,1,0,0,0.0142386359381496,0.0277147526689802,0.0085557250976613,1,TLT
2024-02-02,2024-02-02,test,1,R1: Growth / trend,-0.12053520916446923,-0.2568697331902654,-0.07870799303969252,-0.46567841728584325,0.09681700966449885,0.23030954375238824,-0.7911511242421054,-0.6613718373218054,-0.5525823223816243,-0.6923402049850182,0.31084559771944387,0.3386967064565262,-0.41811527529952813,-0.24216367144740672,0.1364848572511534,-0.24216367144740672,0,0,1,0,0,0.0138563775549849,-0.0231080796741126,-0.005354936130468,0,SPY
2024-02-09,2024-02-09,test,1,R1: Growth / trend,-0.5073112220745578,-0.793842423467977,0.016098874519982573,0.2950316396558661,0.6094698250970692,0.07588207970222241,-0.5988823974282679,-0.5250233649354178,-0.3551236510525841,-0.42311049202041734,0.2518638421352805,0.5117412566523413,-0.5223286978341826,-0.24537299794475234,0.17649413670528208,-0.24537299794475234,0,0,1,0,0,-0.0033717978853265,-0.0116143988691511,-0.0067164697474992,0,SPY
2024-02-16,2024-02-16,test,1,R1: Growth / trend,-0.37784646103093356,-0.32007262158323985,-0.5307087352853492,0.1575330692615812,0.00583661519773613,-0.3651119795037196,-0.680360128362955,-0.6409145649055012,-0.44311857712496133,-0.4959453979194205,0.13468945551965392,0.6685050164965372,-0.5477363239614564,-0.24622317893494358,0.2165034161594108,-0.24622317893494358,0,0,1,0,0,0.0166964352077847,0.0119665533070698,0.0122356918756321,0,SPY
2024-02-23,2024-02-23,test,1,R1: Growth / trend,-0.3684785802459808,-0.3537241483676915,-0.1531255382901999,-0.044730661712767184,0.42508718679160673,0.40259611744232676,-0.6745934121379032,-0.6574319548599779,-0.5115844267279828,-0.44960483894712244,0.028556623957525562,0.6505054664090332,-0.40920177795244006,-0.24780203186782657,0.2565126956135395,-0.24780203186782657,0,0,1,0,0,0.0098453061291274,0.0095538773342342,0.0226381316032164,2,GLD
2024-03-01,2024-03-01,test,1,R1: Growth / trend,-0.24082813335469647,-0.5827060391609136,-0.018516842584353092,-0.5039851866089171,-0.421000078355336,0.6972806827176541,-0.6276363387088898,-0.5786311487531132,-0.4041532490237502,-0.9275154054463357,0.1568290157479604,0.5795101051511548,-0.5131998585373108,-0.21922404177835142,0.2965219750676682,-0.21922404177835142,0,0,1,0,0,-0.0022033649067852,0.0133375824414572,0.0453108275225238,2,GLD
2024-03-08,2024-03-08,test,1,R1: Growth / trend,-0.04265813523605299,-0.05743012617330094,0.28818443985243103,-0.8611410661440501,-0.8760174594849404,1.1897609948509251,-0.45429686001915603,-0.5130539389178506,-0.4920414860128796,-0.8753675311549999,-0.23306508209769725,0.5195688295317159,-0.01813341697650923,-0.21815176226418598,0.3365312545217969,-0.21815176226418598,0,0,1,0,0,-0.0005978326177745,-0.0291445754187181,-0.0095223831892541,0,SPY
2024-03-15,2024-03-15,test,1,R1: Growth / trend,-0.3562013711732351,-0.4040263688785878,-0.044944791234446044,0.11840809471706985,-0.30481678879053886,0.5693562868339077,-0.5842129784790993,-0.6521489276091381,-0.537421113631228,-0.7914669668988582,-0.21381507737270816,0.7630911463962524,-0.26622948223959814,-0.23427768094077267,0.3765405339759256,-0.23427768094077267,0,0,1,0,0,0.0223210921594956,0.0111902144383881,0.0032046435738464,0,SPY
2024-03-22,2024-03-22,test,1,R1: Growth / trend,-0.46043972037305625,-0.6314611602619957,0.27522893638914964,-0.47330290732517977,-0.06667386168957835,1.0594450101339745,-0.4928505073328943,-0.5277114571879243,-0.38266032640516584,-0.6094184125017515,-0.06946361989658675,0.7173727165714454,-0.37846805121710125,-0.23724502210265386,0.41654981343005426,-0.23724502210265386,0,0,1,0,0,0.0035685942593493,0.0068100183946386,0.0268030693965288,2,GLD
2024-03-29,2024-03-28,test,1,R1: Growth / trend,-0.36675884067394177,-0.3468676138666786,0.23628804405104634,-1.0207759207930083,-0.432563945954689,0.8587099324636411,-0.5270143796040418,-0.528793927328306,-0.40223677402868635,-0.5631030680942463,0.002782314245159694,0.6192181262896003,-0.35756771629818,-0.2400704120658506,0.456559092884183,-0.2400704120658506,0,0,1,0,0,-0.0088706375025907,-0.0309413483966767,0.0457903855388335,2,GLD
2024-04-05,2024-04-05,test,1,R1: Growth / trend,-0.09550450191706998,0.24892902727068328,-0.4631579963190516,-0.27028216696931034,-0.5432327993188617,0.16534310497129825,-0.6255456274056393,-0.6750505225337542,-0.5865833817839418,-0.6203975951234495,-0.19463663565824407,0.6906438660270527,-0.20462065488595182,-0.24354121292567024,0.4965683723383117,-0.24354121292567024,0,0,1,0,0,-0.014621055501763,-0.0120362782552317,0.0081342381935705,2,GLD
2024-04-12,2024-04-12,test,1,R1: Growth / trend,0.23575499113655293,0.628439065294288,-0.8288587446191124,0.019260552698578133,-0.2618752149303612,0.1403487705008046,-0.5274265672111499,-0.5817397501959936,-0.5273828309989765,-0.4983725873887164,-0.20666694441430464,0.610481890884395,-0.10953472684090926,-0.24456503798597498,0.5365776517924403,-0.24456503798597498,0,0,1,0,0,-0.0307134663442056,-0.0126258786518477,0.0190880142067353,2,GLD
2024-04-19,2024-04-19,test,1,R1: Growth / trend,0.3425587090202333,1.0551591055857557,-0.9708002019419877,0.4371794020164897,-0.5362765676730802,0.591942369204387,-0.14497590041999506,-0.4176603364109535,-0.43711595863480746,-0.3137584350944056,-0.666944155037571,0.7259980370886105,0.28903352304758756,-0.24435462729281715,0.5765869312465691,-0.24435462729281715,0,0,1,0,0,0.0264560880025315,-0.0102075114563452,-0.0199520593877071,0,SPY
2024-04-26,2024-04-26,test,1,R1: Growth / trend,-0.2624523124551042,-0.11722916718304169,-0.22435234735704762,1.020278391318294,1.008725925006272,1.1808682758920106,-0.31299077858509805,-0.5212586596776941,-0.466432836411494,-0.2142310319570368,-0.5219475213133559,0.8514085224418287,0.006184451896857707,-0.2490660792922437,0.6165962107006978,-0.2490660792922437,0,0,1,0,0,0.0059615092468956,0.0216993765384552,-0.0168958936654962,1,TLT
2024-05-03,2024-05-03,test,1,R1: Growth / trend,-0.2352200097022636,0.14983610538278402,-0.3658945698822293,-0.006308908319757677,0.23845557793831623,0.8595136039532368,-0.5562468611588055,-0.6898591639935127,-0.5916440531926697,-0.37219051826611343,-0.3820912098847294,0.867443856259804,-0.16591512900624783,-0.24944548172260575,0.6566054901548265,-0.24944548172260575,0,0,1,0,0,0.0186782774018274,0.0031165939143209,0.0270003748061751,2,GLD
2024-05-10,2024-05-10,test,1,R1: Growth / trend,-0.6031901039568204,-0.3647637740647168,0.0821066419713654,-0.18566885088848958,-0.04597246873813549,0.9334466285803548,-0.4543073719946814,-0.6063843355897045,-0.4709328713996802,-0.3807356938597837,-0.37466428870083673,0.9529119844776456,-0.2624444055633645,-0.24728638913651307,0.6966147696089552,-0.24728638913651307,0,0,1,0,0,0.0165309057499258,0.0140924165312221,0.0226326953330402,2,GLD
2024-05-17,2024-05-17,test,1,R1: Growth / trend,-0.5337333412061828,-0.520271313503055,0.23980962521247848,-0.6944990169040094,-0.06475504167752885,1.0613241967597606,-0.46590040847499126,-0.5238623564293582,-0.3662910947439783,-0.431179632931847,-0.11584541433918827,0.789131518839219,-0.39111656058297417,-0.24400733281552175,0.7366240490630839,-0.24400733281552175,0,0,1,0,0,-1.8775654895386573e-05,-0.0001096350434385,-0.034606122536138,0,SPY
2024-05-24,2024-05-24,test,1,R1: Growth / trend,-0.49798302838383346,-0.49658350066596285,-0.151460471069578,-0.09718205604820965,-0.1254320798484655,0.6056947399085384,-0.5572247968135426,-0.6234670536797564,-0.4343763113636778,-0.5919383856779846,-0.14610561150216564,0.8843298822303004,-0.4554203552248667,-0.2417088904681781,0.7766333285172126,-0.2417088904681781,0,0,1,0,0,-0.0039098968925589,-0.0101771427292535,-0.0028714112747555,2,GLD
2024-05-31,2024-05-31,test,1,R1: Growth / trend,-0.3154836785972759,-0.12586753218670105,-0.5855618595782158,-0.08570923037581261,-0.2941444244478098,0.03209006019164012,-0.6448353697147557,-0.6742454785690833,-0.4812854454805251,-0.5708770046830467,-0.06557568982326194,0.8279220018552562,-0.4856790189696577,-0.2445559200400407,0.8166426079713413,-0.2445559200400407,0,0,1,0,0,0.0125907749766926,0.0150652315527521,-0.0171853083873516,1,TLT
2024-06-07,2024-06-07,test,1,R1: Growth / trend,-0.26206118582644733,-0.46646848939548596,-0.17791987577903962,-0.2104769197361762,0.09562160962416097,-0.13289464400638634,-0.7808263248842631,-0.6397089083686713,-0.48062294583052056,-0.6680700203885185,0.39819888860199765,0.3687433244886876,-0.5461260232456516,-0.24203662571112566,0.8566518874254699,-0.24203662571112566,0,0,1,0,0,0.016423049801618,0.034644622154774,0.0195179088133061,1,TLT
2024-06-14,2024-06-14,test,1,R1: Growth / trend,-0.0498447139905611,-0.4214801383127213,0.2852099413950166,-1.166932305487254,-0.6278512917227684,0.7317287873985786,-0.6064526864276508,-0.47307201609732935,-0.37189743758148275,-0.9097502592750838,0.37326124109443826,0.2472760902777319,-0.42759490146052287,-0.21390234865937488,0.8966611668795986,-0.21390234865937488,0,0,1,0,0,0.0064235677564474,-0.0074996599152943,-0.0044036386550619,0,SPY
2024-06-21,2024-06-21,test,1,R1: Growth / trend,0.007546020817474338,-0.5762001447246033,-0.01777874341289178,-0.5590385141427402,-0.166475796514388,-0.040506883777094015,-0.8350900812753461,-0.575520722668976,-0.43838988079955327,-1.006876414514744,0.7609149773376074,0.011958609307210476,-0.6187809284908083,-0.21937978017877324,0.9366704463337273,-0.21937978017877324,0,0,1,0,0,-0.0005326532828849,-0.0232014050102691,0.0010708433226847,2,GLD
2024-06-28,2024-06-28,test,1,R1: Growth / trend,-0.07986673039642556,-0.6342984225996524,-0.2617737681448885,-0.14807100567275286,0.014647001439162255,-0.24178673065246503,-0.8219992233177732,-0.5922498269716419,-0.4099942141045839,-0.9315728498406958,0.7040746856358134,0.14104770542914824,-0.6774631404090813,-0.22599349517541092,0.9766797257878561,-0.22599349517541092,0,0,1,0,0,0.019146689062089,0.0117063360943705,0.0275335952755308,2,GLD
2024-07-05,2024-07-05,test,1,R1: Growth / trend,-0.05991560270950901,-0.7579915122293832,0.12187395768636469,-0.510284592875679,-0.15354062864528112,0.23799092986082582,-0.7721328988080894,-0.5391970901862566,-0.393252507637242,-1.0539022656527015,0.694526351441371,0.07168744006818187,-0.6168783395338413,-0.20826524498259344,1.0166890052419848,-0.20826524498259344,0,0,1,0,0,0.0096459077252206,0.0149093582709498,0.0098674150492981,1,TLT
2024-07-12,2024-07-12,test,1,R1: Growth / trend,0.11186984016796707,-0.663775391378867,0.32270040327164345,-0.8032984240302192,-0.3727547088914652,0.6587004789888347,-0.7039224626342081,-0.47624226751565724,-0.38435079463196714,-1.1795930251806104,0.6358677312827522,-0.005483468001887409,-0.5083176313379535,-0.17725043455139408,1.0566982846961135,-0.17725043455139408,0,0,1,0,0,-0.0196431297956284,-0.0108580280521296,-0.0061853116356833,2,GLD
2024-07-19,2024-07-19,test,1,R1: Growth / trend,0.476809356169581,0.23418719926385909,-0.6389006376027914,-0.1672168884632831,-1.3465505744322661,-0.6058305812910991,-0.5407744211849593,-0.40862666828831984,-0.36304672070035343,-1.1367396500607951,0.3182721068074883,0.131383288516661,-0.30424073632562604,-0.16494018384426393,1.0967075641502422,-0.16494018384426393,0,0,1,0,0,-0.008288078967643,0.0007533800490679,-0.0049609473951292,1,TLT
2024-07-26,2024-07-26,test,0,R0: Calm / risk-on,0.7444301482304732,0.09992638458802039,-0.4016038411566681,0.0431348133061645,-0.40560808676082943,0.5308098045371489,-0.6220033514457086,-0.46324966265143164,-0.4651824568348664,-1.330740773568002,0.31044862703629034,0.006313405599502815,-0.20802672076780582,-0.13070462960105314,-1.143812085280965,-0.13070462960105314,1,1,0,0,0,-0.0211957807608215,0.0604108340920195,0.0213479189178273,1,TLT
2024-08-02,2024-08-02,test,0,R0: Calm / risk-on,2.1094987241768726,1.5456226483862063,-0.8970566716602157,-2.318610104463537,-1.9744869138543626,-0.48552652898614723,1.3805944635517629,1.689782388083915,1.5625985508756024,0.4315808779633998,1.3052518327765112,-1.0406253749568233,-0.46411162602523676,0.044151270796461146,-1.1038028058268363,0.044151270796461146,0,1,0,0,0,0.0001686333738544,-0.0205533665141551,-0.00346143069128,0,SPY
2024-08-09,2024-08-09,test,0,R0: Calm / risk-on,1.4512713565095532,0.053223154494120344,0.06640863007151912,0.8692424671881791,0.9225609790861057,0.8515276922087357,-0.20998672458788328,0.1009999059431718,-0.11745927990549593,-1.1077854511947323,0.6077911777330219,-0.749975311104566,0.09530818882584191,-0.019789824731945134,-1.0637935263727076,-0.019789824731945134,0,1,0,0,0,0.0400008792712618,0.0122583770524606,0.0330869612368589,0,SPY
2024-08-16,2024-08-16,test,0,R0: Calm / risk-on,0.8518931009335824,-1.058657012703655,0.8874797603452478,-0.29815972129949125,1.6754666566548575,1.7998241535322994,-0.19001191050559252,0.2438782393341477,0.19998288693497399,-0.8264398754513331,1.353502367474624,-0.8313188574302957,-0.5675569161960782,-0.10016381211938664,-1.023784246918579,-0.10016381211938664,0,1,0,0,0,0.0141077002952112,0.0097497015987468,0.0001293106538495,0,SPY
2024-08-23,2024-08-23,test,0,R0: Calm / risk-on,0.7944535138311761,-0.7649807967993442,0.27108179583184255,-1.1302194559792504,0.07806325946857173,0.39396763682367614,-0.7369010181692908,-0.1860305400647909,-0.11356410038691506,-1.3782820767149508,1.6540465586299877,-0.909874324381856,-0.8602396965320307,-0.06835246778762727,-0.9837749674644501,-0.06835246778762727,0,1,0,0,0,0.0027572776398208,-0.0193109595106036,-0.0031463277859046,0,SPY
2024-08-30,2024-08-30,test,0,R0: Calm / risk-on,0.48498244690783215,-1.098796718905035,-0.021520955449394773,-0.2972721289409315,0.10160107749368041,-0.3062017142015735,-0.8333765222367628,-0.309732588611297,-0.1505011983406293,-1.4508508598928924,1.6199624131017705,-0.7771913771827934,-0.9420767838524368,-0.08026969616666015,-0.9437656880103215,-0.08026969616666015,0,1,0,0,0,-0.0413712548369264,0.0351746840571778,-0.0028535104089169,1,TLT
2024-09-06,2024-09-06,test,0,R0: Calm / risk-on,1.624880354659847,0.8660259429666227,-0.7442509190119648,-1.4900405473561744,-2.237927965174323,-1.4553363429438444,0.49390027306856565,0.9056830931942692,0.825775535396891,-0.5192453100462132,1.3282834563015677,-1.0394264448548263,-0.6075237251045951,0.14873664709821047,-0.9037564085561928,0.14873664709821047,0,1,0,0,0,0.0400659824004645,0.0085373750185668,0.0349043386486467,0,SPY
2024-09-13,2024-09-13,test,0,R0: Calm / risk-on,0.5408447655894405,-1.4009643767808095,0.8902435563471832,-0.6796924201982375,0.8220239413240581,1.0427180377009255,-0.4616033578969629,0.04924387020835604,0.1026203061964855,-1.169565236443583,1.58755823966131,-0.9039427955807344,-0.8205706489473225,-0.042541925050419614,-0.8637471291020641,-0.042541925050419614,0,1,0,0,0,0.0142043851096245,-0.0152375460734937,0.0147897358237354,2,GLD
2024-09-20,2024-09-20,test,0,R0: Calm / risk-on,0.5104415973851095,-1.1702153582560033,0.0614372416673574,-0.6655213078398102,-0.0029511967403111315,-0.20132258853053836,-0.8056891798055273,-0.24224393453548038,-0.06447359461567571,-1.459381247105117,1.7502969145847662,-0.8895419164630227,-1.00432181726551,-0.05396807439539003,-0.8237378496479354,-0.05396807439539003,0,1,0,0,0,0.0056664449740819,-0.0031348145577673,0.0116014924268317,2,GLD
2024-09-27,2024-09-27,test,0,R0: Calm / risk-on,0.5605358455796373,-1.3796706853300806,-0.8132813096949704,-1.2255119145901576,-0.4131214544204797,-0.002111147632918478,-0.5638883019817147,0.007283056873161181,0.4676640537085917,-1.4349975773425139,1.872369845257732,-0.9701935393040504,-1.2503335174266599,0.1170911285366923,-0.7837285701938067,0.1170911285366923,0,1,0,0,0,0.002642494786438,-0.0275056049002925,-8.164342548422354e-05,0,SPY
2024-10-04,2024-10-04,test,0,R0: Calm / risk-on,0.26510516924358773,-1.2379405673924266,-1.216372284943967,-0.3883749738792159,-0.37937716231956353,-1.0738176806486721,-0.599467169566441,-0.10652543203306249,0.3738061038883969,-1.152960156427359,1.8030243939387143,-0.6768217190403688,-1.2205274702435478,-0.10458597848362461,-0.743719290739678,-0.10458597848362461,0,1,0,0,0,0.0115186536479747,-0.0193616161588717,0.0019183723294005,0,SPY
2024-10-11,2024-10-11,test,0,R0: Calm / risk-on,0.2517398711445859,-0.9968853192923296,-1.2125370045662305,-0.18965435760315755,-0.506268184793328,-0.6833268596230916,-0.6271418286834491,-0.2597928940060909,0.16998862907271828,-1.2418161021101792,1.3632975909462108,-0.28429513683171914,-1.1274260232090727,-0.10048156437690112,-0.7037100112855493,-0.10048156437690112,0,1,0,0,0,0.0086442192888969,0.0018144423795281,0.0236281542466081,2,GLD
2024-10-18,2024-10-18,test,0,R0: Calm / risk-on,0.1750335030384851,-1.3266279865890662,-0.7681623854592153,-0.3681517462967875,0.20027018498849064,0.26873231946323756,-0.6454650733597833,-0.26870192854634795,0.15876044630394126,-1.2187511940697469,1.3960909911083512,-0.30317577845463994,-1.1284884114826303,-0.11544159025231218,-0.6637007318314206,-0.11544159025231218,0,1,0,0,0,-0.0094939039573715,-0.0184297690220656,0.0081585665495309,2,GLD
2024-10-25,2024-10-25,test,0,R0: Calm / risk-on,0.47765538035194854,-0.5789673087337605,-1.6279054306303893,-0.08748584744012053,-0.537317677593916,-0.8509802755116532,-0.5294734299597783,-0.19164311663997732,0.2284733277097824,-1.0962745159116778,1.3088472629935413,-0.2172992446601969,-1.1074126968977782,-0.12417819018974552,-0.6236914523772918,-0.12417819018974552,0,1,0,0,0,-0.0138159243001855,-0.0107813918352217,-0.003355463757064,2,GLD
2024-11-01,2024-11-01,test,0,R0: Calm / risk-on,0.7340559933274721,-0.09322599934589815,-2.093107909764386,0.2578551632606193,-0.058470031721181766,-0.8446641573583106,-0.29561962537624575,-0.01873301206945517,0.3789388825891571,-0.6759943516256094,1.2085432369278684,-0.08671210701876793,-1.0613557007216348,-0.18255239224646275,-0.5836821729231632,-0.18255239224646275,0,1,0,0,0,0.0475447944480844,0.0181637308008992,-0.0178634866916066,0,SPY
2024-11-08,2024-11-08,test,0,R0: Calm / risk-on,0.12343209328910112,-1.578238586819455,-1.152555155054858,0.08813983713443538,2.1399718208132934,0.9895695350630372,-0.11724445217994015,0.2246732448602513,0.7930625707790279,-0.1914622529933967,1.5968259922824597,-0.31287590027059337,-1.2260892768944847,-0.22067410640711818,-0.5436728934690345,-0.22067410640711818,0,1,0,0,0,-0.0207959950977337,-0.0260566236106282,-0.0458542106312205,0,SPY
2024-11-15,2024-11-15,test,0,R0: Calm / risk-on,0.36305711833948817,-0.43457204359543244,-2.5217223120126593,0.35755181213666065,-0.48731178479703047,-1.5343630774476018,-0.027115880180283946,0.20568901221657387,0.7832314449677705,-0.39263603112387957,1.2364412956343076,0.022181095658267074,-1.1968045877882303,-0.18712679432806886,-0.5036636140149058,-0.18712679432806886,0,1,0,0,0,0.0166623320476555,0.0034412315911163,0.0560040585193499,2,GLD
2024-11-22,2024-11-22,test,0,R0: Calm / risk-on,-0.09657095333995798,-1.105387079295414,-1.2422811974512138,-0.17030988410452017,0.3399790896163039,0.24122929041675875,-0.5434094524351012,-0.3223312583057201,0.19342935000189698,-0.8073486808555574,0.9756245623637896,0.2637799656047124,-1.1266877961015984,-0.20598627852811874,-0.4636543345607771,-0.20598627852811874,0,1,0,0,0,0.011821830297638,0.0396061611671154,-0.0170108872170018,1,TLT
2024-11-29,2024-11-29,test,0,R0: Calm / risk-on,0.04762039033223262,-1.2031646887102045,-0.9528179685212617,-1.1254844115277358,0.7591738347017946,0.4139683533163849,-0.5884479882191973,-0.17995418507154315,0.3447097906986869,-0.628169441608392,1.6290696817558756,-0.3655700545022846,-1.20823814123263,-0.22157535012937016,-0.4236450551066484,-0.22157535012937016,0,1,0,0,0,0.0087297080738355,0.0079554415428371,-0.0107496210310467,0,SPY
2024-12-06,2024-12-06,test,0,R0: Calm / risk-on,-0.18739017531311836,-1.3438886011458453,-1.3044299114363305,-1.0536174833972851,0.31483032129737387,-0.06424935449214474,-0.4677320435856165,-0.1068471368553078,0.5341442145467037,-0.5284019951710214,1.548984567811378,-0.22762755036582066,-1.2578053240556333,-0.22101019308973346,-0.3836357756525197,-0.22101019308973346,0,1,0,0,0,-0.0059230049224979,-0.0449197081301349,0.0055155231723509,2,GLD
2024-12-13,2024-12-13,test,0,R0: Calm / risk-on,-0.16058106288952426,-1.0639788855545127,-1.9140802212072683,-0.22687538686234568,0.03486327995954324,-0.7600701586047569,-0.35253114958193893,-0.09262256193486963,0.5659073683901266,-0.46121488638955566,1.2451848176641869,0.09278411850889559,-1.2401728945620205,-0.2206298801425501,-0.343626496198391,-0.2206298801425501,0,1,0,0,0,-0.0183219785182583,-0.0166023533533564,-0.0089647027827788,2,GLD
2024-12-20,2024-12-20,test,0,R0: Calm / risk-on,0.6796457261645875,0.198830307959842,-2.795383172628462,0.20390597355552312,-0.7690036343829927,-0.5185592651437573,0.24354459798794587,0.28076160063617056,0.8080242857155914,-0.34383734843360303,0.6196712531974347,0.5779648898813877,-1.0936964973336587,-0.161396685623324,-0.3036172167442623,-0.161396685623324,0,1,0,0,0,0.0065294404589211,-0.0137020451595007,-0.0028914175521824,0,SPY
2024-12-27,2024-12-27,test,0,R0: Calm / risk-on,-0.006124053531792471,-1.0120856936187783,-1.755126041060976,1.1362326969322722,1.005125826369129,1.0785635575472785,0.017790625211812086,-0.026852032531258153,0.5156022593586985,-0.46117497451338346,0.2753057311695307,0.9725107033364481,-1.0660085103274,-0.19615402269323687,-0.2636079372901336,-0.19615402269323687,0,1,0,0,0,-0.0051427536116506,0.0021817710024139,0.0086578775870884,2,GLD
2025-01-03,2025-01-03,test,0,R0: Calm / risk-on,-0.006649252167176364,-0.2173959499510064,-2.312201283477187,0.205512759731111,-0.39449394644701574,0.2513017544022081,-0.08461259256742994,-0.18592506342053217,0.3872167281511023,-0.40495653174660917,0.07659084059639479,1.227823739941634,-1.0719187374009336,-0.2214805306714817,-0.2235986578360049,-0.2214805306714817,0,1,0,0,0,-0.019359756464314,-0.0209647596008411,0.0193847842384462,2,GLD
2025-01-10,2025-01-10,test,0,R0: Calm / risk-on,-0.044172224862005546,0.32520126964936136,-2.464613729741968,0.6091415620472245,-0.7237513004236094,-0.15032744369417028,0.1801000603354793,-0.08871303637102798,0.3908166034578752,-0.025024383799980864,-0.3320563963910708,1.546000963619233,-0.9156767694441372,-0.23825463927500004,-0.1835893783818762,-0.23825463927500004,0,1,0,0,0,0.0294407693854399,0.0202433164973994,0.0042705673821432,0,SPY
2025-01-17,2025-01-17,test,1,R1: Growth / trend,-0.3099580957036484,-0.7075588530697705,-1.5021838313084184,-0.026648368363823973,0.38665916678316803,1.5936200838605585,-0.14656590672651484,-0.29545042716641695,0.2525497615356379,-0.39285590584980323,-0.08996656442104893,1.381089656282893,-1.029188996321433,-0.23076698978825158,-1.143812085280965,-0.23076698978825158,1,0,1,0,0,0.0173866189743703,0.0003442750194044,0.0255946945668195,2,GLD
2025-01-24,2025-01-24,test,1,R1: Growth / trend,-0.5083445888316858,-0.9736687377569163,-1.3208950483215927,-0.424787076400891,0.2261313037656778,1.5007250390588918,-0.13428484046947226,-0.2438448005641582,0.3553141500144261,-0.337465132561222,0.044429907159124406,1.2945395287412502,-1.0919295423604876,-0.23136758118075074,-1.1038028058268363,-0.23136758118075074,0,0,1,0,0,-0.0101154457751343,0.0061911368097682,0.0113827644497721,2,GLD
2025-01-31,2025-01-31,test,1,R1: Growth / trend,-0.15313242853898212,-0.188581824841711,-1.7178210546771715,-0.6349229536020177,-0.5345686753766025,0.5777584074157167,-0.309128131689097,-0.375526375488613,0.13106957156000942,-0.4575676411212872,0.0897156891420388,1.1617129000075677,-1.0066456340915046,-0.23366846618845577,-1.0637935263727076,-0.23366846618845577,0,0,1,0,0,-0.0017446855357883,0.0208352919786933,0.0206528325661841,1,TLT
2025-02-07,2025-02-07,test,1,R1: Growth / trend,-0.23973714710350832,-0.13713260161694016,-1.1376075139151463,-0.5718182346922169,0.02130500196147401,0.9817967648056128,-0.45365632226334285,-0.5378806572325552,-0.162809784179785,-0.38044929677978667,-0.060734725723894455,1.1501102780036345,-0.8143799298869591,-0.24475643763888666,-1.023784246918579,-0.24475643763888666,0,0,1,0,0,0.0148641457522376,-0.0013440838540617,0.0090565164975904,0,SPY
2025-02-14,2025-02-14,test,1,R1: Growth / trend,-0.45923632079591714,-0.7080906583062001,-0.9296402288999557,-0.5336358102704905,0.6889531738394098,0.6334471932279708,-0.513278033674808,-0.4525879336276313,-0.00714243972203853,-0.20463363319081448,0.4101350014313435,0.7946606467257276,-0.9805689046254515,-0.24793848212779557,-0.9837749674644501,-0.24793848212779557,0,0,1,0,0,-0.0160078379207044,0.0051598390167544,0.0167110351371009,2,GLD
2025-02-21,2025-02-21,test,1,R1: Growth / trend,0.07954698063626056,0.4261646483274783,-1.4556155461823703,-0.8325986489384851,-0.6506754822784572,0.27043024713522673,-0.36360936730898324,-0.41448007660213704,-0.09669243380590382,-0.3226533155532667,0.03955177227331738,0.9629106517593287,-0.74053118417074,-0.2430012330937545,-0.9437656880103215,-0.2430012330937545,0,0,1,0,0,-0.0096010184058653,0.0314694685698451,-0.0275910522647078,1,TLT
2025-02-28,2025-02-28,test,1,R1: Growth / trend,0.31753952690907056,0.5360477500918959,-1.2635569534030395,-0.798970262460098,-0.1957949854824066,0.32871829226790666,-0.4692623674090624,-0.43116073038793656,-0.2021836503654519,-0.35275265314445303,0.22698882215421767,0.6424590477099769,-0.6273857766970056,-0.24391415493847388,-0.9037564085561928,-0.24391415493847388,0,0,1,0,0,-0.0307313217335211,-0.0220315637472287,0.0194478134554856,2,GLD
2025-03-07,2025-03-07,test,1,R1: Growth / trend,0.7264634222176001,0.6275654992533134,-1.4740116266271661,0.0648240061796757,-0.7413695852192425,0.609506515661137,-0.17329903231431162,-0.23976887810411807,-0.07849449317100346,-0.7918630857958217,-0.06127321310029713,0.6965334055305422,-0.42630744679309734,-0.1837135276565431,-0.8637471291020641,-0.1837135276565431,0,0,1,0,0,-0.0227635837707795,0.0006657674161658,0.0255224680952093,2,GLD
2025-03-14,2025-03-14,test,1,R1: Growth / trend,0.7509888772052907,0.6863153266815256,-1.0725743631571738,0.22444755709575295,-0.2791962449987786,1.417817733610486,-0.12684308143004402,-0.2737139750805793,-0.21280591487655304,-0.7471201224455115,-0.3374992779393345,0.6839940389541447,-0.08825390622781262,-0.19855090887278581,-0.8237378496479354,-0.19855090887278581,0,0,1,0,0,0.0050932812893151,0.0058778432453121,0.0118078771810468,2,GLD
2025-03-21,2025-03-21,test,1,R1: Growth / trend,0.4437289225542516,0.14505861299835696,-0.6334733806993985,0.1437476273449781,0.032849170941404486,1.4678226824398195,-0.4391100683255272,-0.4992381055299088,-0.40744421741204756,-0.9583201083990377,-0.17481143870043703,0.6484131175689815,-0.22839758560860166,-0.20401694286977173,-0.7837285701938067,-0.20401694286977173,0,0,1,0,0,-0.0147523026322631,-0.0061742583625149,0.020000745159749,2,GLD
2025-03-28,2025-03-28,test,1,R1: Growth / trend,0.5797148138414812,0.7181607404815301,-0.7107654088520111,0.06531574697918556,-0.8961843009676893,0.9553047783462036,-0.25309125458971843,-0.4022904477824172,-0.417808076541335,-0.8852746273869806,-0.438491304154046,0.5478413992078437,0.1645240848947464,-0.2013470711623672,-0.743719290739678,-0.2013470711623672,0,0,1,0,0,-0.0906669697524196,0.0337664821003973,-0.0152784495359836,1,TLT
2025-04-04,2025-04-04,test,1,R1: Growth / trend,2.2252274201781486,2.570808458586981,-1.638730031732589,-1.0337858345403714,-2.8126656548720055,-0.46051606615603,2.7077748260854357,2.4798688820279415,2.2466602916023883,1.4448912642356697,-0.1286005201791818,-0.4889772023081272,0.6001832120663776,0.031103533655739722,-0.7037100112855493,0.031103533655739722,0,0,1,0,0,0.0567209575155149,-0.0641895490434912,0.0651007842685877,2,GLD
2025-04-11,2025-04-11,test,1,R1: Growth / trend,1.5993187135785745,0.49124444033683085,-0.7166154305212215,2.757646986473114,1.8731052525438079,1.015190640595613,1.0180178566756979,0.9716933833235536,0.7295026694204721,0.13635198144343874,-0.1005417806349203,-0.4056225046458574,0.6650076550804924,-0.1304716553164341,-0.6637007318314206,-0.1304716553164341,0,0,1,0,0,-0.0141026775003829,0.0073655906556422,0.027489687653968,2,GLD
2025-04-18,2025-04-17,test,1,R1: Growth / trend,1.1808959276127222,0.09541550037332054,-0.05927736604918885,1.4971944510970092,1.3574612697904438,1.951822386522503,0.20714502952651137,0.2080447654611492,0.02254774960648544,-0.6927548072174062,-0.13621770324816487,-0.21384306424852567,0.49373162160001244,-0.11375638498482886,-0.6236914523772918,-0.11375638498482886,0,0,1,0,0,0.0460288740924073,0.0155376532818904,-0.0045406512251094,0,SPY
2025-04-25,2025-04-25,test,1,R1: Growth / trend,0.9826967737242419,0.02530581411000667,-0.17042133304536505,1.0053071433849043,1.255292479015802,1.1545343735210467,-0.2919557363123501,-0.13904143752837927,-0.24984608225342592,-0.8331802037452996,0.28600445402239366,-0.21381129346331706,0.09700374824950457,-0.18159546097826734,-0.5836821729231632,-0.18159546097826734,0,0,1,0,0,0.0292749386228146,-0.0094182277399104,-0.0221507556087177,0,SPY
2025-05-02,2025-05-02,test,1,R1: Growth / trend,0.5801267324474265,-0.5745225705906476,-0.14010180299937294,1.2306711256243317,0.4539325255353847,0.13234852783202392,-0.5761714487258177,-0.3509572388560674,-0.36426782679886394,-1.3101555352966672,0.5256324862259676,-0.1911110667638436,-0.27836448310167283,-0.1056453858467248,-0.5436728934690345,-0.1056453858467248,0,0,1,0,0,-0.0042698948233407,-0.0077511616999129,0.029733488908318,2,GLD
2025-05-09,2025-05-09,test,1,R1: Growth / trend,0.37349365522355693,-0.5684322792853878,0.14564078550629167,0.6104720589549348,-0.2929797189588143,0.08744115517222432,-0.7104739844042718,-0.5053863793204506,-0.5285313213940548,-1.4816457045720042,0.3933028200594334,-0.12205461970859498,-0.20820984502547232,-0.09800373296159107,-0.5036636140149058,-0.09800373296159107,0,0,1,0,0,0.0529113083247843,-0.0086156403708655,-0.0410637669596389,0,SPY
2025-05-16,2025-05-16,test,1,R1: Growth / trend,-0.1201755206067703,-1.4155075832109056,0.023596877757494618,1.190095169378043,0.3553534327321184,-0.21026424098605867,-0.4114695326059679,-0.20582043179938314,-0.037800445437797495,-1.0486359725569114,0.7252226367754299,0.015461194157556328,-0.6797681391432898,-0.13191152045864588,-0.4636543345607771,-0.13191152045864588,0,0,1,0,0,-0.0253954401204774,-0.0202782956689946,0.0527121067169373,2,GLD
2025-05-23,2025-05-23,test,1,R1: Growth / trend,0.14540355343316838,-0.41772322952362645,-0.5001372186399203,0.21249395532862608,-1.3185755951334686,-0.41189112186061155,-0.5842441166494167,-0.4787634102307348,-0.3392228952263592,-1.382543830883417,0.282859105832121,0.3052293878868092,-0.5130912796660496,-0.09857004199952395,-0.4236450551066484,-0.09857004199952395,0,0,1,0,0,0.0177515240757977,0.020461463659938,-0.0198547018449858,1,TLT
2025-05-30,2025-05-30,test,1,R1: Growth / trend,0.08881988734901375,-0.7765606564308044,-0.09426986601815622,0.2637223412348838,-0.5470189260559893,0.5219413265498435,-0.6381693472798571,-0.526777550402328,-0.3941589410174311,-1.4400762751412535,0.27592964585476787,0.29653920599872274,-0.49885910287217583,-0.09655479900826192,-0.3836357756525197,-0.09655479900826192,0,0,1,0,0,0.0165423656948799,-0.0070965581770814,0.0052041717407835,0,SPY
2025-06-06,2025-06-06,test,1,R1: Growth / trend,-0.014498155617968212,-1.254403650164593,-0.1843161583132972,0.6873387092409311,-0.1963385443939132,0.3170620693712813,-0.521250538248162,-0.3597860716316885,-0.14086972898505976,-1.3816343183816433,0.5345817649915272,0.18530357384340135,-0.7364115404718435,-0.042705615957581274,-0.343626496198391,-0.042705615957581274,0,0,1,0,0,-0.0035717468886059,0.0114823400458932,0.0364047976137928,2,GLD
2025-06-13,2025-06-13,test,1,R1: Growth / trend,0.1952705931222159,-0.4127224538741798,-0.3326830677283114,-0.36536104331360447,-1.1803865312291395,0.5300878482056378,-0.5867479389469255,-0.5056211795511626,-0.3510395307383539,-1.4223303988097427,0.21316189629588878,0.3839683883007441,-0.5254191260302219,-0.08849486798052698,-0.3036172167442623,-0.08849486798052698,0,0,1,0,0,-0.0016132749958093,0.0018531945478867,-0.019475808579753,1,TLT
2025-06-20,2025-06-20,test,1,R1: Growth / trend,0.1861531577279285,-0.7091033936165855,-0.4381035695011848,0.15137480631758465,-0.692465900297855,0.4042463265776232,-0.6465558471396561,-0.5126478602809489,-0.31607338424676734,-1.487374789795107,0.3882598470520004,0.2963090100828041,-0.6579932676558636,-0.06626046216703717,-0.2636079372901336,-0.06626046216703717,0,0,1,0,0,0.0347141677861455,0.010405882857599,-0.0287298988225153,0,SPY
2025-06-27,2025-06-27,test,1,R1: Growth / trend,-0.12657640438309167,-1.0921968397999406,0.09379909462704897,-0.07256134754499437,-0.4022995655770996,0.5280821250700505,-0.6014241977850167,-0.4454376166838525,-0.2527860153692343,-1.2738493178967953,0.5011981638035419,0.24696661910551862,-0.6632198225997337,-0.1305152809544131,-0.2235986578360049,-0.1305152809544131,0,0,1,0,0,0.016961950152293,-0.0010933407275421,0.0196534539663479,2,GLD
2025-07-04,2025-07-03,test,1,R1: Growth / trend,-0.5382208017249508,-0.8936748968399907,0.1777667409508767,0.13051959839514377,-0.3275893648694288,0.4197271302714646,-0.48632927129129194,-0.5031554496537213,-0.33794975571135366,-0.7923703062352057,-0.0031418020803960565,0.6949446251241261,-0.4460226707099172,-0.22296690045180415,-0.1835893783818762,-0.22296690045180415,0,0,1,0,0,-0.002750556947425,-0.0135679463218683,0.0065116881702609,2,GLD
2025-07-11,2025-07-11,test,1,R1: Growth / trend,-0.5539305900614978,-0.605633390731288,-0.19556210336080704,-0.02598693770171152,-0.6512542454294664,-0.05718463360097089,-0.5394027728380295,-0.5690185733347609,-0.365738704781405,-0.6971242993676413,-0.0278034116722558,0.8063097592562214,-0.5176981909373299,-0.23425082042481782,-0.1435800989277475,-0.23425082042481782,0,0,1,0,0,0.0063500269902057,-0.0064111304645956,-0.0024260851538514,0,SPY
2025-07-18,2025-07-18,test,1,R1: Growth / trend,-0.6924681776290594,-0.7402196930405175,-0.11395634804025948,0.001311842123461949,-1.0408047513426932,0.44622667110693875,-0.30807397598595176,-0.4696805841121302,-0.24045501073831194,-0.7328968279966656,-0.30707401357836633,1.0869941924194244,-0.5021706759646307,-0.2207931799739544,-0.1035708194736188,-0.2207931799739544,0,0,1,0,0,0.0151694013253316,0.0139606437328068,-0.0032102879630578,0,SPY
2025-07-25,2025-07-25,test,1,R1: Growth / trend,-0.6438641674991943,-0.7038892276360734,0.007738016040520866,-0.366444040568448,-0.5778753905644958,0.6372649995288021,-0.42610690300194165,-0.5134206701706383,-0.2919430859793512,-0.6143736621090146,-0.1452626494335409,0.9436235168992546,-0.5237759040410993,-0.2346353609941048,-0.0635615400194901,-0.2346353609941048,0,0,1,0,0,-0.0241407814847119,0.0199665651428888,0.0055627569584597,1,TLT
2025-08-01,2025-08-01,test,1,R1: Growth / trend,0.06012473540104815,0.19204862496029268,-0.4025323005768551,-1.4807392100644574,-1.5773036139642047,0.2537872964906568,-0.3591611484144259,-0.3355599985355286,-0.18357540411544757,-0.6917001239038226,0.15169202025934186,0.531004497151747,-0.4609947022233727,-0.21720790119417796,-0.02355226056536141,-0.21720790119417796,0,0,1,0,0,0.0248665819718938,-0.0060350093099248,0.0127462800560296,0,SPY
2025-08-08,2025-08-08,test,1,R1: Growth / trend,-0.4416046386974963,-0.850551865714897,0.23938640821646062,-0.4277096359051525,0.00974308539413443,1.1083891800267536,-0.474022779633021,-0.47000202160435683,-0.2810347002634623,-0.6925323544755528,0.08354654018848821,0.675852305228708,-0.5176539559181453,-0.2284937751518101,0.01645701888876729,-0.2284937751518101,0,0,1,0,0,0.0098246180766905,-0.0101959567090088,-0.0179523888718506,0,SPY
2025-08-15,2025-08-15,test,1,R1: Growth / trend,-0.402323873103475,-0.7101496217136244,-0.2540853900726812,-0.34964008110762834,-0.45469665690477157,0.390099189205323,-0.5953334657847644,-0.5614642004353637,-0.3086362175706091,-0.8307633962142368,0.17847567826120062,0.7134918507671175,-0.6656108363837857,-0.22490991606251157,0.05646629834289599,-0.22490991606251157,0,0,1,0,0,0.0029063123926611,0.0075232463293422,0.0102462153060205,2,GLD
2025-08-22,2025-08-22,test,1,R1: Growth / trend,-0.26811360591878924,-0.5258166471438593,-0.19585930217586614,-0.8898261011272323,-0.3220826033529213,0.6840318809253936,-0.6248163347436604,-0.5497350898728318,-0.3121463429582371,-0.7412434202249818,0.29335954317850865,0.5918140232180339,-0.6641553981341529,-0.23188764580662155,0.09647557779702469,-0.23188764580662155,0,0,1,0,0,-0.0004030014210449,-0.005169572050489,0.0241162376063479,2,GLD
2025-08-29,2025-08-29,test,1,R1: Growth / trend,-0.30708699481571883,-0.6869585715570248,-0.2494088087237421,-1.0366990919471621,-0.6862006321582814,0.5715284166354005,-0.5537989284481312,-0.4657652935679516,-0.17629624931939086,-0.8248549120551619,0.3926050949865707,0.5749892597303988,-0.7744733847924972,-0.2173276662446452,0.1364848572511534,-0.2173276662446452,0,0,1,0,0,0.0033950694152806,0.0265208798180285,0.0408085646865756,2,GLD
2025-09-05,2025-09-05,test,1,R1: Growth / trend,0.07307545985226048,-0.5596334867944833,-0.2811635486513662,-1.920948995486996,-0.1666870264482403,0.813350314743662,-0.5464592672162709,-0.2689483376048993,0.03811689952673273,-0.6264967800731559,1.0798181321768392,-0.018777565311110037,-0.9388055554180637,-0.22457740990642147,0.17649413670528208,-0.22457740990642147,0,0,1,0,0,0.0157128907253012,0.0156954841545018,0.0132005008183191,0,SPY
2025-09-12,2025-09-12,test,1,R1: Growth / trend,-0.1415905202789918,-0.9241131639241733,0.08715522461389577,-1.5925043110683188,-0.11443463654058635,0.9802983162568099,-0.5074721089061461,-0.26913167242868924,0.01824551148533655,-0.7129377068605108,0.9360201823217614,0.07797572333451427,-0.8865261242985043,-0.21433897125990056,0.2165034161594108,-0.21433897125990056,0,0,1,0,0,0.0123668450243306,-0.0103391458254241,0.0112097641688782,0,SPY
2025-09-19,2025-09-19,test,1,R1: Growth / trend,-0.052731225194046195,-1.1959127208982605,-0.4037205128952722,-1.2932816440944361,0.055202187657989205,0.8151050449577498,-0.5498268517042332,-0.24280516038554487,0.1760064946119159,-0.8885650033552384,1.2283666163944635,-0.08000817482389797,-1.0842640336740927,-0.1879360691571729,0.2565126956135395,-0.1879360691571729,0,0,1,0,0,-0.0028325562231473,-0.0013477918730488,0.0222890433452549,2,GLD
2025-09-26,2025-09-26,test,1,R1: Growth / trend,-0.15243077329443436,-0.8438164932996987,-0.49533121312376893,-1.2024223933429998,-0.07762188184936723,0.4993232907902597,-0.6449039889666084,-0.40721523299065704,-0.03344985335015944,-0.7605424018621739,0.936496119552627,0.18833036846977486,-0.988320211618321,-0.22291203115736877,0.2965219750676682,-0.22291203115736877,0,0,1,0,0,0.0111661541395238,0.0088986266751303,0.0314357291372557,2,GLD
2025-10-03,2025-10-03,test,1,R1: Growth / trend,-0.11569323861741268,-0.8791552454265631,-0.2746607993717937,-1.5395466951379946,-0.5747612841904446,0.8700723849190128,-0.4869748461172811,-0.28836888097588137,0.06481524953577779,-0.8741342985271365,0.8322958467776261,0.2311289914195587,-0.9510484354604329,-0.19031390466724932,0.3365312545217969,-0.19031390466724932,0,0,1,0,0,-0.0241927820470251,0.0138735935016762,0.0320992618234703,2,GLD
2025-10-10,2025-10-10,test,0,R0: Calm / risk-on,0.8944321401094616,0.40858627582848167,-0.8781302513644348,-1.9008537129457603,-1.1127299315846462,0.1399933338250431,-0.2457344047726218,0.0483094992857564,0.21981545412158615,-0.6979365004517818,1.1245859300700347,-0.283135058679845,-0.7844776682932565,-0.16975247978241256,-1.143812085280965,-0.16975247978241256,1,1,0,0,0,0.0174114706353449,0.006400159813231,0.0538307200369332,2,GLD
2025-10-17,2025-10-17,test,0,R0: Calm / risk-on,0.6397269510897227,-0.5860504086955247,-0.08719951201914858,-1.54875083125008,0.03540656892449557,0.9679644363421119,-0.618151442531994,-0.1995457089243443,-0.015995933291106587,-1.1145985292893121,1.4102763556588382,-0.5256139277543322,-0.8910881120373054,-0.142309156950468,-1.1038028058268363,-0.142309156950468,0,1,0,0,0,0.0193560707689102,0.0029607444507977,-0.0294866230716944,0,SPY
2025-10-24,2025-10-24,test,0,R0: Calm / risk-on,0.2912089152325189,-1.1642152301994815,-0.094138763494803,-1.0600089429201598,0.9930701254494385,0.4864648228694904,-0.7123020871177389,-0.1990717654034131,0.0871873736076511,-0.8337373478237959,1.8052498532107801,-0.708379140394229,-1.074314631917276,-0.2096799235037677,-1.0637935263727076,-0.2096799235037677,0,1,0,0,0,0.0071022648739387,-0.0129006003388425,-0.0248993276383676,0,SPY
2025-10-31,2025-10-31,test,0,R0: Calm / risk-on,0.41723392327011505,-1.0851478812839308,-1.0996381829351958,-0.9141362870739129,0.5371045068008091,-0.28138754483699824,-0.7097041620751895,-0.15917323589121044,0.3093467438891919,-0.9306753783473932,1.9944976717938647,-0.7852832384745894,-1.2290698019802095,-0.19143691209613403,-1.023784246918579,-0.19143691209613403,0,1,0,0,0,-0.0162596716477065,-0.0043905334924571,0.0005161426815345,2,GLD
2025-11-07,2025-11-07,test,0,R0: Calm / risk-on,0.489236921726459,-0.6132603877405852,-0.9908899613818891,-0.8455196986207618,-0.1762521535496371,-0.5193376780662549,-0.7783637851257683,-0.316057316060532,0.019763138237699318,-1.1060472128571273,1.6247076287105486,-0.5312429774693485,-1.0856201001173678,-0.17791474007492072,-0.9837749674644501,-0.17791474007492072,0,1,0,0,0,0.0014308936722773,-0.0078150469710069,0.0207705301164609,2,GLD
2025-11-14,2025-11-14,test,0,R0: Calm / risk-on,0.5977173141116546,-0.6882000872591458,-0.9823590957300473,-0.5465341400526822,0.2354565068596702,-0.4655027650400945,-0.7991296981258644,-0.29693535151139544,0.0211332389690565,-1.131453046797901,1.734308391735285,-0.6500114677544533,-1.0934799323681772,-0.17384300564042238,-0.9437656880103215,-0.17384300564042238,0,1,0,0,0,-0.0191984303396534,0.0070890385153961,-0.0044951656554342,1,TLT
2025-11-21,2025-11-21,test,0,R0: Calm / risk-on,0.7661592518285238,-0.11938210936848785,-1.1195232916162818,-0.9530580100525322,-0.594509362904577,-0.27729429339336537,-0.6180437180317384,-0.23927695061733678,0.0208313450294858,-1.112986077250312,1.3346209598743455,-0.37039893210171443,-0.958418470335819,-0.14581657705689202,-0.9037564085561928,-0.14581657705689202,0,1,0,0,0,0.0369633625376812,0.0079329128130385,0.0363641656254822,0,SPY
2025-11-28,2025-11-28,test,0,R0: Calm / risk-on,0.20450072217499377,-1.4676965875352028,-0.0009043734200118125,-0.7292694615369077,1.0122281233151793,1.3619717289432938,-0.4375769412332222,-0.062156321345092636,0.2605207668914741,-0.9092967517362178,1.436290780398805,-0.3961275551956226,-1.0402043879765746,-0.15128752538027967,-0.8637471291020641,-0.15128752538027967,0,1,0,0,0,0.003365588310136,-0.0191236637961662,-0.00371249464597,0,SPY
2025-12-05,2025-12-05,test,0,R0: Calm / risk-on,-0.020128605708958674,-1.4376179366364703,-0.9550382803477014,-0.49904579065322696,0.2284402461648415,-0.2252311025895978,-0.601063626321616,-0.1940726161679161,0.3184229217581684,-0.9492563874869171,1.5864854956405692,-0.3749614936875785,-1.2017332407385082,-0.17617257729528307,-0.8237378496479354,-0.17617257729528307,0,1,0,0,0,-0.0057314918914496,-0.0094136944153007,0.0232895143958722,2,GLD
2025-12-12,2025-12-12,test,0,R0: Calm / risk-on,0.11198459182564462,-1.197787120735135,-1.3947989079187637,-1.0396555501418017,-0.19248076443185944,-0.102333505938658,-0.5154519740449519,-0.12549746894385197,0.4737014279221397,-0.9204516079833927,1.5819239491510586,-0.33844207306210966,-1.2472204683045023,-0.16367085308109794,-0.7837285701938067,-0.16367085308109794,0,1,0,0,0,0.0012337582474888,0.00630567198706,0.0090531725423912,2,GLD
2025-12-19,2025-12-19,test,0,R0: Calm / risk-on,0.06955491570407352,-1.3933849163456797,-0.9755749299771043,-0.8486816688812671,-0.4218681679178632,0.7421033777085739,-0.42542481207918,-0.1495224262140403,0.3911243900545729,-1.2286528827631606,1.1276455424028191,-0.05469658852131116,-1.1824143887479195,-0.021437038089810487,-0.743719290739678,-0.021437038089810487,0,1,0,0,0,0.0142816586824037,0.0021701388507953,0.0444088058458043,2,GLD
2025-12-26,2025-12-26,test,0,R0: Calm / risk-on,-0.13560335932858855,-1.626130053735794,-0.5862012220721028,-0.8616604380895969,0.11807345077840259,0.9727955227862336,-0.3713822410999199,-0.09351546627289943,0.4276315033574786,-0.9655519667842797,1.203595593364541,-0.04364871159919287,-1.1665502843119218,-0.12193965608125361,-0.7037100112855493,-0.12193965608125361,0,1,0,0,0,-0.0103431660037227,-0.008092066999887,-0.0442961844019246,1,TLT
2026-01-02,2026-01-02,test,0,R0: Calm / risk-on,-0.140445137301456,-1.1396514649126603,-1.445767725569586,-0.9099321386246464,-0.08218440864088607,-0.44725232383779323,-0.5065544354509558,-0.16808124414871686,0.44411084483582935,-0.6260491402732797,1.4458156911833981,-0.1402111357252807,-1.2356871448326023,-0.216074960119135,-0.6637007318314206,-0.216074960119135,0,1,0,0,0,0.0159550146686624,0.0103412764253225,0.0406498003691564,2,GLD
2026-01-09,2026-01-09,test,0,R0: Calm / risk-on,-0.26525997150189,-1.0603552714891846,-1.1419820975206822,-1.2691647828973935,0.2188464064327342,0.23741792997423491,-0.5015485927056171,-0.22997527905888154,0.350524516142353,-0.43608413377749167,1.2115339301189867,0.09887688327569577,-1.1938283211665994,-0.23394530464919674,-0.6236914523772918,-0.23394530464919674,0,1,0,0,0,-0.0034722813138657,-0.0014784333814492,0.0164547670618677,2,GLD
2026-01-16,2026-01-16,test,0,R0: Calm / risk-on,-0.3323815048365382,-1.1308672187587676,-1.298284109156923,-0.9365324480949864,-0.23367010144860362,-0.0061085000667986285,-0.44040195152506073,-0.22561785769317105,0.379958970205291,-0.5882445558841642,1.0320961339843022,0.28156514007589534,-1.1928488486899005,-0.21932983177270143,-0.5836821729231632,-0.21932983177270143,0,1,0,0,0,-0.0035133148038901,0.0014806223830057,0.087137104394831,2,GLD
2026-01-23,2026-01-23,test,0,R0: Calm / risk-on,-0.14280182536357172,-0.8457810037797437,-1.2444865073721223,-1.0017974293518146,0.19164359913919993,0.7709062746763414,-0.4824631946265535,-0.31764125874595656,0.22692984887970108,-0.5820737627241998,0.8184946436445092,0.4631683257466832,-1.1282966599369895,-0.2265146451592426,-0.5436728934690345,-0.2265146451592426,0,1,0,0,0,0.0039754606543944,-0.0090982465210325,-0.0284934231287525,0,SPY
2026-01-30,2026-01-30,test,0,R0: Calm / risk-on,-0.050671030840810045,-0.8445021244888814,-1.5831361334416543,-0.8759262245809601,0.3891942394279411,-0.5114221174799142,-0.5691188628694107,-0.21914858827113412,0.36283797968902987,-0.39108226194231493,1.465328111291875,-0.1530765088909371,-1.2200774570410984,-0.23809247447175486,-0.5036636140149058,-0.23809247447175486,0,1,0,0,0,-0.001950937693641,0.0085486645699064,0.023620584244768,2,GLD
2026-02-06,2026-02-06,test,0,R0: Calm / risk-on,-0.03477179379699788,-0.254550769251866,-1.111724252144452,-0.9133924156166934,0.26936558628495055,0.17897482095601558,-0.6764891922642764,-0.49820950952933046,-0.12052850185984239,-0.4272947172381318,0.7227656352839906,0.4153703956819828,-0.9528795530083776,-0.24479680559246617,-0.4636543345607771,-0.24479680559246617,0,1,0,0,0,-0.0128435082371082,0.0249029054264093,0.0157203789497184,1,TLT
2026-02-13,2026-02-13,test,0,R0: Calm / risk-on,0.27442889848274665,0.01586718986494536,-0.6881138109732038,-1.7109440869010473,-0.037085128847387565,0.7164558490138767,-0.5665266411976217,-0.35102930806807064,-0.08743786836882125,-0.47266916964196154,0.8247597770358688,0.1679628716560384,-0.8256507394210661,-0.23840288565374843,-0.4236450551066484,-0.23840288565374843,0,1,0,0,0,0.0112651792695637,-0.0034551381069816,0.0129696080224117,2,GLD
2026-02-20,2026-02-20,test,0,R0: Calm / risk-on,0.042295722668828015,-0.4145841602472919,-0.5671584043142789,-1.1581730099337297,0.7081136666806196,0.40909448109914354,-0.7550491870155629,-0.46831367020055137,-0.17446666705197977,-0.43736672918066194,1.03096166507174,0.030757009266342165,-0.9108494030911596,-0.24527994598799482,-0.3836357756525197,-0.24527994598799482,0,1,0,0,0,-0.0049896771880904,0.0157699608606209,0.0322862981530034,2,GLD
2026-02-27,2026-02-27,test,0,R0: Calm / risk-on,0.15296921460684512,0.01999181449559388,-0.3031563509296657,-1.7982664465621436,-0.028735380481185877,0.713326901436639,-0.5833571800560428,-0.3806271144949749,-0.19005736596098688,-0.38995217125003845,0.7166799337002052,0.15507535154133475,-0.6865252092532794,-0.24316681425078648,-0.343626496198391,-0.24316681425078648,0,1,0,0,0,-0.0198399468125016,-0.0227465854878405,-0.0211679384689922,0,SPY
2026-03-06,2026-03-06,test,0,R0: Calm / risk-on,0.37377270394283296,0.42387117940089275,-1.434089550028058,-0.273346978272431,-0.5730876446936813,-1.1413083849875403,-0.47999630038328384,-0.31121306010353894,-0.09672098695197122,-0.42818923954476223,0.6544610533220496,0.24151422533123929,-0.7095573193505089,-0.23793365513035097,-0.3036172167442623,-0.23793365513035097,0,1,0,0,0,-0.0150063670381302,-0.0217047048249667,-0.0267576464413196,0,SPY
2026-03-13,2026-03-13,test,0,R0: Calm / risk-on,0.2779742542137565,0.17970465767546448,-1.4413892183501713,0.8304466892535737,0.0753019949726142,-0.5100606094180925,-0.43812264782190735,-0.40558209856653504,-0.1984995006302086,-0.5400847970728653,0.2011637334324036,0.6153913239027883,-0.5817400074599871,-0.23455858298167367,-0.2636079372901336,-0.23455858298167367,0,1,0,0,0,-0.018041555783047,-0.0082042879242131,-0.1029858341989052,1,TLT
