week_end,week_last_trade_date,spy_weekly_close,tlt_weekly_close,gld_weekly_close,next_return_spy,next_return_tlt,next_return_gld,split,regime,regime_name,jm_pc1,jm_pc2,jm_pc3,jm_pc4,jm_pc5,jm_pc6,jm_regime_distance_0,jm_regime_score_0,jm_regime_distance_1,jm_regime_score_1,jm_regime_distance_2,jm_regime_score_2,jm_regime_distance_3,jm_regime_score_3,jm_regime_changed,jm_regime_duration_weeks,jm_stress_score,best_asset_next_week
2014-03-28,2014-03-28,151.3328094482422,78.87637329101562,124.55999755859376,0.0049053479585636,-0.0057689309186917,0.0081085593772216,train,1,R1: Growth / trend,-1.1349426667249616,-1.3970844967922562,-0.0865885764821544,-0.679512672761539,-0.3942168003324654,0.3438193475880241,23.419260412654005,0.3216586306609545,6.414384913070179,0.47384583439017486,44.041620678607686,0.20107722726682506,222.89727099753853,0.0034183076820455973,1,1,0.0034183076820455973,GLD
2014-04-04,2014-04-04,152.0751495361328,78.42134094238281,125.56999969482422,-0.0262337532811506,0.0209292058385566,0.0108306172943919,train,1,R1: Growth / trend,-1.1349426667249616,-1.3970844967922562,-0.0865885764821544,-0.679512672761539,-0.3942168003324654,0.3438193475880241,23.419260412654005,0.3216586306609545,6.414384913070179,0.47384583439017486,44.041620678607686,0.20107722726682506,222.89727099753853,0.0034183076820455973,0,2,0.0034183076820455973,TLT
2014-04-11,2014-04-11,148.0856475830078,80.06263732910156,126.93000030517578,0.0268856863735698,-0.0061410505271122,-0.017174823130343,train,1,R1: Growth / trend,-1.1349426667249616,-1.3970844967922562,-0.0865885764821544,-0.679512672761539,-0.3942168003324654,0.3438193475880241,23.419260412654005,0.3216586306609545,6.414384913070179,0.47384583439017486,44.041620678607686,0.20107722726682506,222.89727099753853,0.0034183076820455973,0,3,0.0034183076820455973,SPY
2014-04-18,2014-04-17,152.06703186035156,79.57096862792969,124.75,-0.0005364311075857,0.0116316887267935,0.005450904249906,train,1,R1: Growth / trend,-1.1349426667249616,-1.3970844967922562,-0.0865885764821544,-0.679512672761539,-0.3942168003324654,0.3438193475880241,23.419260412654005,0.3216586306609545,6.414384913070179,0.47384583439017486,44.041620678607686,0.20107722726682506,222.89727099753853,0.0034183076820455973,0,4,0.0034183076820455973,TLT
2014-04-25,2014-04-25,151.98545837402344,80.49651336669922,125.43000030517578,0.0095016133195469,0.0148520890139636,-0.0029498743975268,train,1,R1: Growth / trend,-1.1349426667249616,-1.3970844967922562,-0.0865885764821544,-0.679512672761539,-0.3942168003324654,0.3438193475880241,23.419260412654005,0.3216586306609545,6.414384913070179,0.47384583439017486,44.041620678607686,0.20107722726682506,222.89727099753853,0.0034183076820455973,0,5,0.0034183076820455973,TLT
2014-05-02,2014-05-02,153.4295654296875,81.69205474853516,125.05999755859376,-0.0005322640316016,-0.0130422101582426,-0.0076763081977743,train,1,R1: Growth / trend,-1.1349426667249616,-1.3970844967922562,-0.0865885764821544,-0.679512672761539,-0.3942168003324654,0.3438193475880241,23.419260412654005,0.3216586306609545,6.414384913070179,0.47384583439017486,44.041620678607686,0.20107722726682506,222.89727099753853,0.0034183076820455973,0,6,0.0034183076820455973,SPY
2014-05-09,2014-05-09,153.347900390625,80.6266098022461,124.0999984741211,0.000479014126439,0.0206758377806886,0.0032232194262462,train,1,R1: Growth / trend,-1.1349426667249616,-1.3970844967922562,-0.0865885764821544,-0.679512672761539,-0.3942168003324654,0.3438193475880241,23.419260412654005,0.3216586306609545,6.414384913070179,0.47384583439017486,44.041620678607686,0.20107722726682506,222.89727099753853,0.0034183076820455973,0,7,0.0034183076820455973,TLT
2014-05-16,2014-05-16,153.42135620117188,82.29363250732422,124.5,0.0122311907896686,-0.007398396739002,8.033844361832188e-05,train,1,R1: Growth / trend,-1.1349426667249616,-1.3970844967922562,-0.0865885764821544,-0.679512672761539,-0.3942168003324654,0.3438193475880241,23.419260412654005,0.3216586306609545,6.414384913070179,0.47384583439017486,44.041620678607686,0.20107722726682506,222.89727099753853,0.0034183076820455973,0,8,0.0034183076820455973,SPY
2014-05-23,2014-05-23,155.29788208007812,81.6847915649414,124.51000213623048,0.0122401131425653,0.0124225371871471,-0.0327684664770195,train,1,R1: Growth / trend,-1.1349426667249616,-1.3970844967922562,-0.0865885764821544,-0.679512672761539,-0.3942168003324654,0.3438193475880241,23.419260412654005,0.3216586306609545,6.414384913070179,0.47384583439017486,44.041620678607686,0.20107722726682506,222.89727099753853,0.0034183076820455973,0,9,0.0034183076820455973,TLT
2014-05-30,2014-05-30,157.19874572753906,82.69952392578125,120.43000030517578,0.0140130576284993,-0.0194716738415984,0.0014946467219103,train,1,R1: Growth / trend,-1.1349426667249616,-1.3970844967922562,-0.0865885764821544,-0.679512672761539,-0.3942168003324654,0.3438193475880241,23.419260412654005,0.3216586306609545,6.414384913070179,0.47384583439017486,44.041620678607686,0.20107722726682506,222.89727099753853,0.0034183076820455973,0,10,0.0034183076820455973,SPY
2014-06-06,2014-06-06,159.40158081054688,81.08922576904297,120.61000061035156,-0.0063977151482279,0.0050185693652562,0.0194842754516941,train,1,R1: Growth / trend,-1.1349426667249616,-1.3970844967922562,-0.0865885764821544,-0.679512672761539,-0.3942168003324654,0.3438193475880241,23.419260412654005,0.3216586306609545,6.414384913070179,0.47384583439017486,44.041620678607686,0.20107722726682506,222.89727099753853,0.0034183076820455973,0,11,0.0034183076820455973,GLD
2014-06-13,2014-06-13,158.38177490234375,81.49617767333984,122.95999908447266,0.0141600322475352,-0.0031208963751374,0.0287898580179346,train,1,R1: Growth / trend,-1.1349426667249616,-1.3970844967922562,-0.0865885764821544,-0.679512672761539,-0.3942168003324654,0.3438193475880241,23.419260412654005,0.3216586306609545,6.414384913070179,0.47384583439017486,44.041620678607686,0.20107722726682506,222.89727099753853,0.0034183076820455973,0,12,0.0034183076820455973,GLD
2014-06-20,2014-06-20,160.6244659423828,81.24183654785156,126.5,-0.0006124435185436,0.0128802754934249,0.0012648510838686,train,1,R1: Growth / trend,-4.216564904538396,-4.934413387270798,-0.9838300333055694,-0.41595528026281897,1.7092104473530103,0.40365811866287593,59.14519330322542,0.37690602762595227,45.16337631962071,0.5182813470863896,116.07294228882131,0.10303970274994079,294.3992781764765,0.0017729225377171723,0,13,0.0017729225377171723,TLT
2014-06-27,2014-06-27,160.52609252929688,82.28825378417969,126.66000366210938,0.0121539075446772,-0.0200861586365485,0.0039475760740845,train,1,R1: Growth / trend,-3.289787249014365,-1.3812372955319292,1.475450428285831,-2.9551106331026933,-2.7259817150279604,1.732807379207606,67.80317274418753,0.23355545080790605,31.50919064621598,0.533916470300785,68.53927851010555,0.2296715316288301,261.1120855694057,0.0028565472624787237,0,14,0.0028565472624787237,SPY
2014-07-04,2014-07-03,162.47711181640625,80.6353988647461,127.16000366210938,-0.0080221823611724,0.0262011423361603,0.0127398165345462,train,1,R1: Growth / trend,-3.9185433438443464,-4.491930486125263,-2.0579583599682403,0.021229543118974736,2.378023616844759,0.11079036945176601,56.90043621731669,0.38350136252194506,43.37794287229512,0.5218611626280348,118.9448562386782,0.09330725221634945,305.52653446972437,0.0013302226336706063,0,15,0.0013302226336706063,TLT
2014-07-11,2014-07-11,161.17369079589844,82.74813842773438,128.77999877929688,0.0055947927604351,0.0082759817384605,-0.0205777415048783,train,1,R1: Growth / trend,-0.8114324285469645,0.7549345479025007,-0.20461364590934206,-4.592528184661999,-1.9142197620380532,1.213521941038379,48.0910494278159,0.3087228809959347,28.12512157095199,0.4865265736816675,66.55789565030781,0.20270413047148747,268.28832607454217,0.002046414850910176,0,16,0.002046414850910176,TLT
2014-07-18,2014-07-18,162.07542419433594,83.4329605102539,126.12999725341795,5.074481430833444e-05,0.0100415838913285,-0.0026956025156132,train,1,R1: Growth / trend,1.0233599121932015,0.45286261441859277,-0.2110647691499373,-3.450871113923008,0.5253647954817889,-0.4788737090949805,14.07349371713377,0.4425880793320493,21.62425427147577,0.3726442568856532,52.85377942011857,0.18294374039001918,255.13425867279966,0.0018239233922783334,0,17,0.0018239233922783334,TLT
2014-07-25,2014-07-25,162.08364868164062,84.27075958251953,125.79000091552734,-0.0264013095451706,-0.0069821865609612,-0.011209187151976,train,1,R1: Growth / trend,1.0415940550042442,0.1722912713236835,0.8351194326136633,-3.23881704665619,0.7485124434408311,0.34855781165025024,16.12845447838903,0.41545460339662355,21.307967762765486,0.36921454809389775,45.41902849192042,0.21317201014531323,247.01211288890417,0.002158838364165392,0,18,0.002158838364165392,TLT
2014-08-01,2014-08-01,157.80442810058594,83.68236541748047,124.37999725341795,0.0038445654562893,0.0083800622058884,0.0145522208390187,train,1,R1: Growth / trend,6.748815257412874,5.23333308218881,-3.93468081091081,-0.9794769079520806,-3.784250357845489,-2.216938738372204,119.30542975391079,0.36891109304585945,121.01775883648635,0.3547973534482989,134.6197208066904,0.26025918370985823,256.96051853385717,0.01603236979598334,0,19,0.01603236979598334,GLD
2014-08-08,2014-08-08,158.41111755371094,84.38362884521484,126.19000244140624,0.0128333399636337,0.0189574796631313,-0.0056264289621701,train,1,R1: Growth / trend,5.295104250272818,1.147907565117193,1.0091439954768011,0.11839450593240486,0.38761739334170464,2.1722989669938824,47.18353581551699,0.33650097472808194,49.47946840241152,0.3193529710522848,48.5522460017219,0.32617048584071556,175.78034372051792,0.017975568378917662,0,20,0.017975568378917662,TLT
2014-08-15,2014-08-15,160.44406127929688,85.98332977294922,125.4800033569336,0.0177298570347381,-0.0035674334541229,-0.0182499271139907,train,1,R1: Growth / trend,3.522109226813558,-0.9329030204886408,1.8635397173630623,-2.38781381625828,1.004688422804013,1.4219238718761105,21.434244893659677,0.4728668626276271,41.6756649528196,0.2981779222772617,55.31708718257104,0.2185298493070948,188.87822175894928,0.010425365788016457,0,21,0.010425365788016457,SPY
2014-08-22,2014-08-22,163.28871154785156,85.67658996582031,123.19000244140624,0.0076309498790285,0.015005607400736,0.0054387381740981,train,1,R1: Growth / trend,1.2432512804262417,-3.7062438102213986,1.3832910613799025,0.005042200453221124,1.02146569952345,-0.5107051614137958,12.986588006456753,0.507219898571924,33.71494759350409,0.31631168237312307,62.517342392601904,0.1641163148214938,176.06495253820458,0.01235210423345914,0,22,0.01235210423345914,TLT
2014-08-29,2014-08-29,164.53475952148438,86.96221923828125,123.86000061035156,0.0019927756319002,-0.0256702045004558,-0.0145325613021785,train,1,R1: Growth / trend,1.4346728413487502,-3.903139410567756,1.2688349891808735,-4.040909469519825,-0.7798990005313005,1.1621743417492345,28.277854127040897,0.5502072516429514,53.169031603729444,0.3120753104491546,96.21099016954902,0.1170613044705327,172.35652700949558,0.02065613343736118,0,23,0.02065613343736118,SPY
2014-09-05,2014-09-05,164.86264038085938,84.7298812866211,122.05999755859376,-0.0098455838239804,-0.0203052212306906,-0.0301491100998037,train,1,R1: Growth / trend,0.6483006738734498,-3.5443193510985225,-0.7606378358510497,2.3552731246403678,1.0220004071297262,-4.929521578234969,30.31187885597738,0.5740360304420689,59.9932930367561,0.2919301064290399,96.34007899041693,0.12754785139786756,227.09903355773042,0.00648601173102386,0,24,0.00648601173102386,SPY
2014-09-12,2014-09-12,163.23947143554688,83.0094223022461,118.37999725341795,0.0125952719286914,0.0107594420733201,-0.0108971189851085,train,0,R0: Calm / risk-on,1.3022855818528352,-2.5160042001804523,-4.373892442306867,4.321745414047783,-0.2445914966993763,-6.7510718660646445,81.77222990682131,0.5571392645374903,104.50280678916928,0.33195047431220526,156.4574988440208,0.10163585668194998,261.55028118719054,0.00927440446835449,1,1,0.00927440446835449,SPY
2014-09-19,2014-09-19,165.29551696777344,83.90255737304688,117.08999633789062,-0.0139506777883147,0.0122168435165217,-0.0002562027520291,train,0,R0: Calm / risk-on,1.6898754494526051,-2.739581965439377,-2.186876538972494,1.2769075255762066,0.8150349287127331,-3.3147344900912046,17.287771489760573,0.5632878011647724,42.477022838773316,0.31733237427464817,88.70147958394563,0.110708639049192,200.4997239651252,0.008671185511387477,0,2,0.008671185511387477,TLT
2014-09-26,2014-09-26,162.98953247070312,84.92758178710938,117.05999755859376,-0.0069734335847106,0.0171839195488745,-0.02092941226157,train,0,R0: Calm / risk-on,5.158324511061782,1.2281124310848521,-2.6337483057431155,-0.38587886200985433,-0.7341982781899054,-3.7061995092564732,36.40392995008706,0.5577773892580613,67.37559992523867,0.2754451816908486,92.28943121634813,0.1561507771192795,210.257702781374,0.01062665193181051,0,3,0.01062665193181051,TLT
2014-10-03,2014-10-03,161.85293579101562,86.38697052001953,114.61000061035156,-0.0304296310598259,0.0199655336042943,0.026001184117173,train,0,R0: Calm / risk-on,5.346481953460112,1.5000141554000948,-0.9478755544425843,-1.5079926331973466,3.125581703802422,-2.537879047503874,26.194080115554016,0.6066625182194587,69.28902274535656,0.2272882061179323,83.70278429497729,0.16367066866740201,269.44121213514074,0.0023786069952069647,0,4,0.0023786069952069647,GLD
2014-10-10,2014-10-10,156.9278106689453,88.11173248291016,117.58999633789062,-0.0108634214799258,0.0084965937687488,0.0119057876475821,train,0,R0: Calm / risk-on,10.023209916523841,8.048588838090009,-0.9336069930779816,-3.8247902478995863,-1.7167162935270905,-1.3683842505823383,180.1969979732834,0.39345437367962893,206.09064422778226,0.2181269418837479,181.51859414566687,0.38178498581535314,359.4151909236555,0.00663369862127009,0,5,0.00663369862127009,GLD
2014-10-17,2014-10-17,155.22303771972656,88.86038208007812,118.98999786376952,0.0422343258626498,-0.011150836757073,-0.0053785982110963,train,0,R0: Calm / risk-on,8.677911787993134,4.980323201962856,1.3225842706897213,-1.927117513961009,1.7710295182104212,-0.03295798143445339,99.09467914907259,0.4130364657857457,130.36859496660816,0.20256869393083293,102.83527077315497,0.3792974699980634,292.00875852235714,0.005097370285357928,0,6,0.005097370285357928,SPY
2014-10-24,2014-10-24,161.77877807617188,87.86951446533203,118.3499984741211,0.0266257410868211,-0.0039255956704183,-0.0480776923140892,train,0,R0: Calm / risk-on,4.392214489589929,-2.217329177493558,2.113050471691579,1.1591426056100904,6.622607684226713,0.38522300109386937,51.929379486849314,0.5846737704174179,94.68833819338731,0.2207331123204919,101.0919337022747,0.19077082693368555,272.7345959432512,0.0038222903284046844,0,7,0.0038222903284046844,SPY
2014-10-31,2014-10-31,166.0862579345703,87.52457427978516,112.66000366210938,0.0083308305685017,0.0066409397263131,0.0027516203489883,train,0,R0: Calm / risk-on,2.6920764262351695,-4.143972348210732,-0.7815026529133291,-0.04493764979772763,4.1695017747580625,-3.3851128193992173,16.83998284251706,0.7325978791306444,75.58166602595318,0.1921722051127243,119.42991379474756,0.07077295089537117,240.80239766721104,0.004456964861260211,0,8,0.004456964861260211,SPY
2014-11-07,2014-11-07,167.4698944091797,88.10581970214844,112.97000122070312,0.0044260265339275,-0.0021709865584316,0.0132778612356525,train,0,R0: Calm / risk-on,1.1165200932061454,-1.3274866472878597,2.783343955029475,-1.5554719390035046,2.8243171803113536,-4.679568335841946,16.079221561001333,0.6024743452285783,61.93267622945549,0.21197092169015866,68.0129004237402,0.1845525779584646,296.9641977337165,0.001002155122798353,0,9,0.001002155122798353,GLD
2014-11-14,2014-11-14,168.21112060546875,87.91454315185547,114.47000122070312,0.0119464246902452,0.0051049475685218,0.0080370241909188,train,0,R0: Calm / risk-on,1.1693439363826914,-1.733651569977042,2.343560895198437,-3.077025590182177,2.0508922133188965,-4.987848132484184,14.847638783836068,0.6674038109433542,68.90924838653233,0.19476774733243643,84.47436856854652,0.13662172083956522,292.071537797038,0.0012067208846440317,0,10,0.0012067208846440317,SPY
2014-11-21,2014-11-21,170.22064208984375,88.36334228515625,115.38999938964844,0.002516498469824,0.0198997406311192,-0.0284253297222143,train,0,R0: Calm / risk-on,0.778835597461869,-1.3724608324142553,3.0913644599974615,-2.5902759593251603,1.3858425005373851,-4.177380932471531,15.400029148848569,0.5789876746969843,56.32337374342724,0.22792097171101008,63.93538240051219,0.1916342073744535,278.1081199474294,0.0014571462175520752,0,11,0.0014571462175520752,TLT
2014-11-28,2014-11-28,170.6490020751953,90.12174987792967,112.11000061035156,0.0038608136357591,-0.0091887889697281,0.0206939584532479,train,0,R0: Calm / risk-on,2.25678344925955,-1.3472170978703961,3.0251876906608564,-5.459050832137059,1.3923005273307183,-3.1500449659313037,22.793607016329595,0.6794918244032081,80.19125065359168,0.18378359109296727,93.80251560873305,0.134784633991165,279.965612610185,0.001939950512659631,0,12,0.001939950512659631,GLD
2014-12-05,2014-12-05,171.30784606933594,89.29364013671875,114.43000030517578,-0.0341828428699069,0.0430257582603264,0.0260421510878805,train,0,R0: Calm / risk-on,0.621313743329817,-0.24597867183722122,4.884946094333286,-0.88149250775502,2.1223816823729122,-5.652657916229344,41.129067158480915,0.489659156898686,80.30106099785101,0.2006024638521153,61.32467281282798,0.30908914972612,331.96902375289255,0.000649229523078635,0,13,0.000649229523078635,TLT
2014-12-12,2014-12-12,165.45205688476562,93.13556671142578,117.41000366210938,0.0336993245268451,-0.0034040646440519,-0.0224853669763998,train,0,R0: Calm / risk-on,6.880538934112092,8.2886309230565,3.369568572942374,-7.3438236712594716,-3.5505540914354583,-3.507415478557988,197.170515519982,0.33570308054352943,226.95553906807348,0.17032169685717846,180.3359682040795,0.49261995661596286,439.1346463754498,0.0013552659833293115,0,14,0.0013552659833293115,SPY
2014-12-19,2014-12-19,171.02767944335938,92.81852722167967,114.7699966430664,0.009296897792473,-0.0095069748173377,0.0005228299184749,train,0,R0: Calm / risk-on,3.2352895589405217,2.0321376565031835,5.480063949462778,0.7193423962205112,5.508912495720013,-3.1486218545231686,70.13386943622461,0.3707259222929133,104.15263882374968,0.1707969110904722,60.84135258036855,0.4581321000098674,376.5042890882154,0.0003450666067471728,0,15,0.0003450666067471728,SPY
2014-12-26,2014-12-26,172.61770629882812,91.93610382080078,114.83000183105467,-0.014440706061184,0.0233903880326455,-0.0065313941308078,train,0,R0: Calm / risk-on,2.7688347754177647,-1.0756896324151417,2.8971683195840985,-0.5915552599101879,5.349828555601072,-2.247938734772395,25.398727541992013,0.5838157199033102,70.75838544303406,0.20772990025096819,70.83921488599331,0.20734774036766118,300.5493739270463,0.0011066394780605594,0,16,0.0011066394780605594,TLT
2015-01-02,2015-01-02,170.12498474121094,94.0865249633789,114.08000183105467,-0.0057439423835248,0.0294531940968083,0.0278751775432577,train,0,R0: Calm / risk-on,4.704816932496033,3.488045729266242,2.57088801219158,-3.8750871555717046,2.053444400534224,-3.1063944047762666,47.94673542226281,0.5072492193643835,89.5107206354431,0.19678773322184756,71.71919180150863,0.29513643491040525,329.7328680310286,0.0008266125033637528,0,17,0.0008266125033637528,TLT
2015-01-09,2015-01-09,169.14779663085938,96.85767364501952,117.26000213623048,-0.0128273826438146,0.0161745315934704,0.0448575337797194,train,0,R0: Calm / risk-on,6.111276912479646,4.765051838437234,3.5951906775272424,-4.789636962567615,4.18544426971271,-2.3774199355710652,89.50352577534599,0.512436812441937,141.31932619724466,0.1573939873413636,108.84823893701805,0.32979852699195283,406.94145445165657,0.0003706732247464916,0,18,0.0003706732247464916,GLD
2015-01-16,2015-01-16,166.9780731201172,98.42430114746094,122.5199966430664,0.0165650879665908,0.0118631047844801,0.013956960175643,train,0,R0: Calm / risk-on,7.078270243248415,5.0978473819760115,4.829754727882773,-3.808013865460344,2.7843805832722697,-1.739229908861463,103.6537212576362,0.40571078895363455,148.8263574134986,0.14497400268008456,99.26435118576754,0.4483775440793182,370.1018524431436,0.0009376642869627069,0,19,0.0009376642869627069,SPY
2015-01-23,2015-01-23,169.74407958984375,99.5919189453125,124.2300033569336,-0.0269306569697388,0.0260444691900663,-0.0062787280657983,train,0,R0: Calm / risk-on,5.213471641942752,0.42204215120836364,5.120428014781725,-3.144240753280302,6.361719899626236,0.06807733970103164,71.69522301013022,0.5769977230216324,128.50161234487368,0.1581780854726443,106.05670390292124,0.26376092534256956,348.08528718822356,0.0010632661631537488,0,20,0.0010632661631537488,TLT
2015-01-30,2015-01-30,165.17276000976562,102.18573760986328,123.4499969482422,0.0305840442496565,-0.0510218655965507,-0.038963124159577,train,0,R0: Calm / risk-on,8.564505751623331,3.920231830906444,1.1059998688691615,-6.769242080384851,3.184597463398634,-1.7028508997789218,104.55983506486592,0.7027639950922661,176.80786637518554,0.1355208415928863,169.50434622238515,0.16005352271515597,370.00765987713396,0.0016616405996917473,0,21,0.0016616405996917473,SPY
2015-02-06,2015-02-06,170.2244110107422,96.97203063964844,118.63999938964844,0.020578662612821,-0.0211513984150514,-0.0055630144648536,train,0,R0: Calm / risk-on,3.0919544007738833,-2.0082264746316874,2.2136830350455154,4.0769636445763675,6.590409765850128,-7.30332340880647,91.15916739903723,0.6704399250003025,157.19457742419763,0.14894383456627172,148.95512254935468,0.1796973095729269,380.54177984666524,0.0009189308604989916,0,22,0.0009189308604989916,SPY
2015-02-13,2015-02-13,173.72740173339844,94.92093658447266,117.9800033569336,0.0069596155567319,-0.0128714621262411,-0.0228852729345006,train,0,R0: Calm / risk-on,1.6464897335758049,-3.2694935801344296,2.0207537418870993,2.4911251586992735,3.7289045706090267,-5.747956430357916,41.36521498257112,0.6363939264491293,92.54899934008387,0.19830188707404448,101.24866807793012,0.16265018638983922,281.90362697304636,0.002654000086987158,0,23,0.002654000086987158,SPY
2015-02-20,2015-02-20,174.9364776611328,93.69916534423828,115.27999877929688,-0.0027455731917198,0.0236285349062566,0.0076336302232034,train,0,R0: Calm / risk-on,1.0032117173518076,-2.720640187455471,1.1777645242350163,3.2217798370711233,3.1212721737284843,-7.337422923959323,56.61770603578644,0.620118435056071,103.7365291491504,0.2119791482264878,114.45852379232389,0.16603991002799198,311.56438755888917,0.0018625066894491747,0,24,0.0018625066894491747,TLT
2015-02-27,2015-02-27,174.4561767578125,95.91313934326172,116.16000366210938,-0.0150001399438125,-0.0446940932473837,-0.0370179314410649,train,0,R0: Calm / risk-on,1.3203339072944313,-2.723680255176652,0.8741436650221619,-1.9600885586479087,2.3389415082533183,-4.169831105096776,5.733394692069917,0.6748876007578675,55.939926371932984,0.21503094143960436,86.22066665291186,0.10787259127427175,256.9085179425563,0.0022088665282563318,0,25,0.0022088665282563318,SPY
2015-03-06,2015-03-06,171.8393096923828,91.62638854980467,111.86000061035156,-0.0080485463023616,0.0260724413875705,-0.008760981151317,train,0,R0: Calm / risk-on,1.249575983694911,-0.5071305308719232,-2.013177065087104,4.274356944556442,2.2435235565546705,-11.418095974072255,127.85496953818573,0.6527100815679525,177.89738799018258,0.20874376957022717,196.13877417146918,0.13776469826705182,423.17484616600876,0.0007814505947685477,0,26,0.0007814505947685477,TLT
2015-03-13,2015-03-13,170.4562530517578,94.01531219482422,110.87999725341795,0.0268144693309591,0.0378004142735706,0.0242604843798672,train,0,R0: Calm / risk-on,2.8562738840747404,1.80860765852676,0.2050579138655788,1.1367842579581267,0.14150412149336022,-4.818681638652044,32.51162992826683,0.4230395711823801,50.1923366810567,0.28278256834574605,48.82696011364021,0.29171671790205167,258.43667659526557,0.0024611425698221464,0,27,0.0024611425698221464,TLT
2015-03-20,2015-03-20,175.02694702148438,97.56912994384766,113.56999969482422,-0.0221947199466878,-0.0034218808169569,0.0131196431079805,train,0,R0: Calm / risk-on,2.0589975289528892,-1.7738976902783905,2.8358977188579857,-1.3096566425167406,2.619296773324871,-1.290917896350436,10.546558192119424,0.5336517435204248,43.31684458857,0.2529514420447542,51.4636574405548,0.21010417945335194,233.89119848016716,0.0032926349814689747,0,28,0.0032926349814689747,GLD
2015-03-27,2015-03-27,171.14227294921875,97.23526000976562,115.05999755859376,0.0034023776789902,-0.0004299786109179,0.0019120565389467,train,0,R0: Calm / risk-on,2.565072213288961,1.1386272156721629,1.110441797881057,1.0886959948332708,2.19431999860135,-4.381010016214761,24.630628943056593,0.4563363042872719,49.33302119510458,0.25994766126104624,45.704541430246614,0.28234828794016553,279.66854025073064,0.001367746511516313,0,29,0.001367746511516313,SPY
2015-04-03,2015-04-02,171.7245635986328,97.19345092773438,115.27999877929688,0.0174384699818492,-0.0084913347159272,0.0059854480283891,train,0,R0: Calm / risk-on,3.0680179596334853,-0.9801388395735705,3.233833533488625,1.1259197209463692,1.348831320499479,-2.5219225031004116,21.718982808619604,0.4532208901479972,49.93088244614897,0.238335453726452,39.55967501832153,0.3018552306693113,207.44529369158835,0.006588425456239482,0,30,0.006588425456239482,SPY
2015-04-10,2015-04-10,174.71917724609375,96.36814880371094,115.97000122070312,-0.0099504855552593,0.0141186490621689,-0.0031905039466014,train,0,R0: Calm / risk-on,0.2765416848394395,-3.3833144090599587,3.8990295920198457,1.6481219623232028,0.8515068333022225,-3.067300320413523,34.13265079809981,0.4552125406617502,56.63349182815532,0.272644469292334,57.780230571038324,0.2656141176625028,220.4500176275647,0.0065288723834131595,0,31,0.0065288723834131595,TLT
2015-04-17,2015-04-17,172.9806365966797,97.7287368774414,115.5999984741211,0.0177925046965723,-0.0181058575193521,-0.0220587842216464,train,0,R0: Calm / risk-on,2.056962220378688,-0.2809352067074975,2.82370071498785,-0.34720393800314836,-1.7283422114094988,-3.0397379294864417,24.858110995419164,0.40264960641923375,41.245505023004746,0.27720089187828684,36.07075006482683,0.3118834401652444,195.43346771883893,0.008266061537235065,0,32,0.008266061537235065,SPY
2015-04-24,2015-04-24,176.0583953857422,95.9592742919922,113.0500030517578,-0.0043937670147319,-0.0373086256538821,0.0002653585005489,train,0,R0: Calm / risk-on,-0.10467545611021989,-3.6366661773476086,4.124095673037182,2.2807649466525266,1.01934294354907,-3.5986987896083096,43.95557451032346,0.4500876824285052,66.44801303254931,0.2696265994018172,65.6630433833085,0.2744915767068233,235.01654525482485,0.005794141462854255,0,33,0.005794141462854255,GLD
2015-05-01,2015-05-01,175.2848358154297,92.37916564941406,113.08000183105467,0.0042709154246101,-0.0120163636216481,0.0078705286101616,train,0,R0: Calm / risk-on,-0.4083796041689275,-2.299096925610724,0.7950707726594151,2.5939110238566965,1.1239006749058533,-5.7663407506972755,39.11533021308004,0.49334548641698145,60.47093396731914,0.3032943473239543,78.52869758469416,0.20100434898597722,273.7090214493105,0.0023558172730870756,0,34,0.0023558172730870756,GLD
2015-05-08,2015-05-08,176.03346252441406,91.26910400390624,113.97000122070312,0.0038746489520373,-0.007509180106637,0.0312362684957756,train,0,R0: Calm / risk-on,-0.8580480537003873,-1.3187828039581424,0.9720194268581119,1.0755362907397314,0.8509022738472872,-4.241370575174998,23.04290344571995,0.42796301991843494,32.58584298161355,0.34434268190256356,51.03977623218543,0.22615822928981616,270.168353373615,0.0015360688891854586,0,35,0.0015360688891854586,GLD
2015-05-15,2015-05-15,176.7155303955078,90.58374786376952,117.52999877929688,0.0025894488400151,-0.0097875910480195,-0.0164213419996712,train,0,R0: Calm / risk-on,-0.8380942439076072,-1.5796325625562577,1.4908176218002707,0.4099530197429726,0.8428150817743315,-3.1424779776786917,17.447535713243703,0.41903757400120833,25.43616415106781,0.34931363220084233,43.81579227637577,0.22981174896403633,255.79346266256644,0.0018370448339130778,0,36,0.0018370448339130778,SPY
2015-05-22,2015-05-22,177.17312622070312,89.69715118408203,115.5999984741211,-0.0086861688412016,0.0191867079307821,-0.0129757787179884,train,0,R0: Calm / risk-on,-1.3179864670345958,-2.845624258042956,0.5458681110690093,1.7802957966257036,0.3974455129198259,-3.526542210065921,29.048790468313,0.42791278280715556,34.64989542191895,0.3766512129661759,64.2021759609083,0.19211298429529905,242.29694487056412,0.0033230199313693774,0,37,0.0033230199313693774,TLT
2015-05-29,2015-05-29,175.63417053222656,91.41814422607422,114.0999984741211,-0.006488241333178,-0.0395767644751755,-0.0163014954883934,train,0,R0: Calm / risk-on,1.1798310809126118,-0.9121095362403004,-1.1509987220560531,-1.2080249917905195,-0.8363392370739904,-2.424638130293996,9.746365599405138,0.4799537693396895,22.419730527666957,0.35959396829594364,59.38235294159894,0.15492222745902554,205.67541341509607,0.005530034905341348,0,38,0.005530034905341348,SPY
2015-06-05,2015-06-05,174.49461364746094,87.80010986328125,112.23999786376952,0.0011437886635328,0.0029757208291594,0.0088204339986328,train,0,R0: Calm / risk-on,-0.6446395038355608,-1.2273104309075114,-2.121345557479428,4.570249666365457,1.6583551545618742,-4.021146975879408,57.31432937671242,0.36824919516332283,50.451929410493776,0.43056291834732197,84.28267954522158,0.19921585327941113,286.8763578352794,0.0019720332099439565,0,39,0.0019720332099439565,GLD
2015-06-12,2015-06-12,174.69419860839844,88.0613784790039,113.2300033569336,0.0086922084742984,0.0095810387822061,0.0166916835963577,train,0,R0: Calm / risk-on,-0.22621238162294333,-0.19127886273370565,-1.8889931341094923,1.6063430833653876,1.1777457026240223,-1.3487435133770966,25.637505832745624,0.3348363831676611,11.485339133007638,0.46222191690671044,48.01979703093724,0.201088862734025,253.7610291398032,0.0018528371916033467,0,40,0.0018528371916033467,GLD
2015-06-19,2015-06-19,176.21267700195312,88.90509796142578,115.12000274658205,-0.0046961130295315,-0.0323314169976767,-0.0222377095805297,train,0,R0: Calm / risk-on,-0.06057285295706394,-1.0737507835687103,-1.068945385093758,0.12394220722635008,0.5309684054858081,0.16745887236075413,18.16673149411559,0.3500385585631731,6.2745748360544935,0.45895892719422027,45.60010141510017,0.18736876347617662,218.67334098455717,0.0036337507664298864,0,41,0.0036337507664298864,SPY
2015-06-26,2015-06-26,175.38516235351562,86.03067016601562,112.55999755859376,-0.0119628934712435,0.0088988216965057,-0.0071072800258976,train,0,R0: Calm / risk-on,-1.5604538983667253,-2.3067060772235797,-2.643034827101336,3.6747083770942837,1.220316509055725,-2.772361588768596,51.89910472240611,0.3607187035060416,39.21859623226416,0.4815333227742923,88.92389099382231,0.15518686590051778,269.08090563058704,0.0025611078191483767,0,42,0.0025611078191483767,TLT
2015-07-03,2015-07-02,173.28704833984375,86.7962417602539,111.76000213623048,0.0008201441636273,0.000430973975694,-0.0024159293781316,train,0,R0: Calm / risk-on,0.41780646519211784,1.6376581801811652,-3.0693262534377377,0.8781686043811905,-0.1727035919120396,-1.7293371232857635,36.5990955576567,0.3054821337671674,16.434764541401407,0.4836002457227312,53.21287706431467,0.20922488623644825,264.6621407678462,0.0016927342736532392,0,43,0.0016927342736532392,SPY
2015-07-10,2015-07-10,173.42916870117188,86.83364868164062,111.48999786376952,0.0240992009927278,0.0230065387041733,-0.0254731042452868,train,0,R0: Calm / risk-on,0.4712103229579536,1.1774166182109735,-2.5683064741480472,1.5893086494775532,1.935092216643962,-1.0519071382610123,33.19096871384624,0.31707712270803556,16.210529389314665,0.46683671204730975,50.25473357635458,0.2149514673203757,280.44671291302114,0.0011346979242788419,0,44,0.0011346979242788419,SPY
2015-07-17,2015-07-17,177.60867309570312,88.83139038085938,108.6500015258789,-0.0210850531136289,0.0224900861507741,-0.0303727842191682,train,1,R1: Growth / trend,-2.2069444481194314,-2.440073381294528,0.24621744073384633,0.8879646180071405,3.0437176247279965,1.0337188097144454,39.94965163200801,0.32100653000971385,21.964426415164205,0.4835652154000183,62.00957036523519,0.19420424246557333,284.4201503963054,0.0012240121246944655,1,1,0.0012240121246944655,TLT
2015-07-24,2015-07-24,173.86378479003906,90.82921600341795,105.3499984741211,0.0120196550268787,0.0093908804471203,-0.0039866936405175,train,1,R1: Growth / trend,0.5820197868782393,1.771028731917383,-1.2765612971323275,-1.3684658096101638,-0.08519223850685981,-1.508376230123389,21.76861250926315,0.3459408537208825,12.749665167743812,0.42484742941995207,40.085613130738935,0.22791775926065963,267.0834490397571,0.0012939575985058888,0,2,0.0012939575985058888,SPY
2015-07-31,2015-07-31,175.9535675048828,91.68218231201172,104.93000030517578,-0.0121142529289647,0.0169880636270367,-0.0026684339891597,train,1,R1: Growth / trend,-0.7026572132176191,-0.943477347806017,0.22904150701039094,-1.1943384299912017,1.6478767418255926,0.9635452280779968,20.310329925411768,0.347436388580169,9.307299555659641,0.44641260668615124,43.57391826846355,0.20450849418611192,255.34445889815765,0.0016425105475677223,0,3,0.0016425105475677223,TLT
2015-08-07,2015-08-07,173.822021484375,93.23968505859376,104.6500015258789,0.0070690684363916,-0.0030557775757231,0.0210224263369758,train,1,R1: Growth / trend,-0.25188620750876123,1.5136897165231904,1.8972796997692412,-1.2370010459916188,-1.67441082812767,-1.138910825007252,33.83868362128257,0.2563914610945787,15.86319730258796,0.3861431979705944,19.470880272128376,0.35567627985073225,251.78233870514535,0.0017890610840945338,0,4,0.0017890610840945338,GLD
2015-08-14,2015-08-14,175.05078125,92.95476531982422,106.8499984741211,-0.05534308891951,0.0196838137170549,0.040056142633764,train,1,R1: Growth / trend,-0.7714604598287897,0.9591592573481376,3.7005863621637096,0.5180103118473955,-0.11978824829469248,0.5788613712037003,47.80525104633007,0.18373733460685812,18.291527886580873,0.3599138731263021,8.005872649570817,0.45494847208829287,261.8769311325288,0.001400320178546965,0,5,0.001400320178546965,GLD
2015-08-21,2015-08-21,165.36293029785156,94.7844696044922,111.12999725341795,0.0073293670658309,-0.0319623393882123,-0.0218662860184766,train,1,R1: Growth / trend,7.631600698843938,10.696416241552893,-0.8708527038490268,-3.1077608981412324,-5.8919742898198,-2.056363787448131,249.95807598005945,0.1661356554926576,231.81329690589115,0.25117859104139656,195.13248194064317,0.5792861637215485,420.6757139564319,0.003399589744397236,0,6,0.003399589744397236,SPY
2015-08-28,2015-08-28,166.57493591308594,91.75493621826172,108.6999969482422,-0.0335709977094631,0.0047914177546042,-0.0111315466278147,train,1,R1: Growth / trend,6.36879377993756,6.348776846594426,1.0413288492180828,5.475277952497816,2.422928800367875,1.2260460726619131,156.8171150350116,0.11350233704272444,126.08472000911314,0.22859314597997155,79.80978788124665,0.6559873494006111,335.9550641295801,0.0019171675766928647,0,7,0.0019171675766928647,TLT
2015-09-04,2015-09-04,160.98284912109375,92.19457244873048,107.48999786376952,0.0215481794988745,-0.0105151989878955,-0.0123731903255384,train,1,R1: Growth / trend,7.583539838695824,7.750303794015309,-1.6931055456942528,2.0160584209485375,0.8881947400392113,0.48332929239482,151.7878210130165,0.19188518200630816,133.35062517824025,0.292048046216404,108.57386721799709,0.51355760727678,342.1619202620049,0.0025091645005077593,0,8,0.0025091645005077593,SPY
2015-09-11,2015-09-11,164.4517364501953,91.22512817382812,106.16000366210938,-0.0013914161426356,0.0058495984798938,0.0287301744268109,train,1,R1: Growth / trend,4.918821481112682,4.317535751268025,0.23699514635072705,4.5641252560583006,2.95871040276522,1.5772672890122625,106.92442501151272,0.169804631166581,80.40037270207009,0.31072176318194134,58.03484660246169,0.5171903669531134,296.0741049072515,0.0022832386983643233,0,9,0.0022832386983643233,GLD
2015-09-18,2015-09-18,164.22291564941406,91.75875854492188,109.20999908447266,-0.0133029339894874,-0.0045867615908332,0.005493988454821,train,1,R1: Growth / trend,5.908369148791852,3.711595843398142,-1.224672873765918,0.732403211006815,2.0463847884911246,1.0319604986578876,67.16850961026063,0.3304688853649085,66.51354361828314,0.33543674911213306,67.26563042780384,0.32973852223965355,257.19350189867737,0.004355843283304975,0,10,0.004355843283304975,GLD
2015-09-25,2015-09-25,162.03826904296875,91.33788299560548,109.80999755859376,0.0111485271212712,0.0269759725302016,-0.0074674411534041,train,2,R2: Transition / mixed,5.283806344164205,3.6282202854093257,-1.6042464418857063,0.7100843669364438,0.6082928227294851,-0.7956374917692856,54.57907990063224,0.3487479140988474,56.064589757482146,0.3371431706621951,59.82839465131915,0.30943985623575415,243.91918747396585,0.004669059003203204,1,1,0.004669059003203204,TLT
2015-10-02,2015-10-02,163.84475708007812,93.80181121826172,108.98999786376952,0.0324616096698278,-0.0183045811840152,0.0172493340642359,train,2,R2: Transition / mixed,7.084404517787002,3.3153046650842666,1.2355789760783034,-0.4512640303419777,0.2882484550690405,0.9416908687988047,69.29658103226379,0.341180452589828,81.60017259908777,0.25778377249405643,63.59005559514276,0.3885465291796964,214.48410131718407,0.012489245736419274,0,2,0.012489245736419274,SPY
2015-10-09,2015-10-09,169.16342163085938,92.08480834960938,110.87000274658205,0.0096359522848663,0.0134939112192971,0.0146116630022128,train,2,R2: Transition / mixed,1.180186775764982,-2.342532991829178,4.248388392150566,1.8062526670117511,2.8873429702050935,-0.09796249112453659,39.45804804223482,0.3738013324779762,50.81837617420389,0.2885656845277806,44.512226354505444,0.33314715337746886,233.60076847738625,0.004485829616774335,0,3,0.004485829616774335,GLD
2015-10-16,2015-10-16,170.79347229003906,93.327392578125,112.48999786376952,0.0208587935393533,-0.0058907307419644,-0.0088007634684859,train,2,R2: Transition / mixed,1.9775796879373382,-2.2458002348403805,2.7706927197778435,-0.8925431068836394,-0.0002490465607479786,1.1406144884032428,23.523348959697984,0.40774054047540254,33.25088299496801,0.32669476700492234,44.98991754631671,0.2500340719866882,166.96705546118278,0.015530620532986938,0,4,0.015530620532986938,SPY
2015-10-23,2015-10-23,174.35601806640625,92.77762603759766,111.5,0.0020239623418907,-0.003409056614138,-0.0197309143340107,train,2,R2: Transition / mixed,1.062279854561345,-3.9545726213516517,1.7274745211331912,0.5167069413401413,0.5233494554304433,0.10777074549433918,21.021063453083535,0.4605157738475844,34.64949575263486,0.3376045658889489,61.27837669975971,0.18405559429381071,163.76156222548997,0.01782406596965611,0,5,0.01782406596965611,SPY
2015-10-30,2015-10-30,174.7089080810547,92.46134185791016,109.3000030517578,0.0101475817362568,-0.028674258048849,-0.047575520882413,train,2,R2: Transition / mixed,0.13789160359387354,-2.9181328646927387,0.8874379529855145,0.5798450657101606,-1.280482480296992,-0.2860718066303718,24.227685850648683,0.37469199256333613,20.934600671692486,0.40388279083537193,50.50548399654934,0.2059153135183624,164.0196136625366,0.015509903082929662,0,6,0.015509903082929662,SPY
2015-11-06,2015-11-06,176.48178100585938,89.8100814819336,104.0999984741211,-0.0357072638469433,0.0057140978527363,-0.0051873287554521,train,2,R2: Transition / mixed,-1.6846638304084813,-2.8652320959903594,0.710810962150201,4.525329763347996,-0.7212952162665175,-2.410110600929261,62.30011726146161,0.28520812549015967,43.167347143895455,0.44101828274036264,65.22813581254947,0.26680430503739694,225.2287130343498,0.00696928673208057,0,7,0.00696928673208057,TLT
2015-11-13,2015-11-13,170.1800994873047,90.3232650756836,103.55999755859376,0.0334253181878867,0.0064340703333456,-0.004538443721353,train,2,R2: Transition / mixed,0.5488110020601196,3.080086852314843,0.28994717972392225,2.5978898651401714,-5.600953750456171,-1.6568166661397594,100.74592352562391,0.1303507551801527,51.13499285172651,0.4036001523658615,45.51226791857083,0.45875532015979625,227.306864363233,0.007293772294189454,0,8,0.007293772294189454,SPY
2015-11-20,2015-11-20,175.86842346191406,90.90441131591795,103.08999633789062,0.0011942862016431,0.0043164834847571,-0.0178484470196294,train,2,R2: Transition / mixed,-1.1703681588903556,-1.2331922115706162,2.9278516668475376,3.2221248145716297,-0.1342297374864025,0.923272704753328,59.71643468218107,0.18543022302816753,24.912985365950263,0.40974803919291775,25.912661789633486,0.40052196936579915,224.94566586306811,0.004299768413115606,0,9,0.004299768413115606,TLT
2015-11-27,2015-11-27,176.07846069335938,91.29679870605467,101.25,0.0002864081026889,-0.0011092676243102,0.0273579915364583,train,2,R2: Transition / mixed,-1.9485121972277546,-0.9314099476764559,3.500237304878174,2.809152519307938,-1.4009301507564693,0.32607103339163424,67.97528922432369,0.16167343073758733,27.97266277237652,0.4021743207328715,24.786003593976755,0.432456393438598,233.82999289280528,0.0036958550909430483,0,10,0.0036958550909430483,GLD
2015-12-04,2015-12-04,176.12889099121094,91.19552612304688,104.0199966430664,-0.0369238510331521,0.0263720616605789,-0.0087482797739111,train,2,R2: Transition / mixed,-0.14772017545090066,2.0678817160562595,0.9117101401658323,1.9783477485208205,0.9975214169861241,0.39522605252903126,45.13615941801361,0.18313288532238392,9.068949750538572,0.4164913831403485,10.906106862330834,0.39941986575772986,275.8243382811486,0.0009558657795376752,0,11,0.0009558657795376752,TLT
2015-12-11,2015-12-11,169.6255340576172,93.6005401611328,103.11000061035156,-0.0033169377017875,-0.0042824620305317,-0.0103772639752733,train,2,R2: Transition / mixed,3.1662372476630964,7.629487653969623,-0.010827440507260519,-1.5597861604707552,-4.661952878565562,-1.423617889884651,133.7111769239001,0.14086644111691016,96.28109215136212,0.3304693304980801,75.78450591540474,0.5271316654161508,332.15875410658117,0.0015325629688589554,0,12,0.0015325629688589554,SPY
2015-12-18,2015-12-18,169.06289672851562,93.19969940185548,102.04000091552734,0.0282972309915081,-0.009287835472395,0.0098981000310511,train,2,R2: Transition / mixed,1.1783175526432115,6.125289902247767,4.127985335924861,4.227399187786998,0.5683814169392097,-0.4650745320877132,125.71418713563565,0.061238896630278844,73.27085548394099,0.2022498335654143,16.553709250221434,0.7362630562471317,367.5035681400141,0.0002482135571752919,0,13,0.0002482135571752919,SPY
2015-12-25,2015-12-24,173.84690856933594,92.33407592773438,103.0500030517578,-0.0087997864697029,-0.0102599382668512,-0.015429441244039,train,2,R2: Transition / mixed,-1.560779869252312,3.4997383486919023,5.22099946722907,3.327481005672114,1.8487156196288361,1.4761317854901863,112.5056869941298,0.06885856906215286,53.540776886292605,0.26384060043813323,12.822115306220716,0.6671163375003573,372.4657697972904,0.00018449299935672885,0,14,0.00018449299935672885,SPY
2016-01-01,2015-12-31,172.3170928955078,91.38673400878906,101.45999908447266,-0.0586160083797242,0.0230550526529684,0.0415927583164048,train,2,R2: Transition / mixed,-1.148152205832289,4.966348496561423,2.973336209735227,2.02873288916701,0.6565567863672054,-0.6382732330019907,86.71483915891977,0.09381771859467831,34.51587363173766,0.3081257459420869,5.415851007950883,0.5979104124916172,370.48676785321675,0.00014612297161748178,0,15,0.00014612297161748178,GLD
2016-01-08,2016-01-08,162.216552734375,93.49365997314452,105.68000030517578,-0.0214151524820186,0.0193741007822416,-0.0151400309377435,train,2,R2: Transition / mixed,2.669643600677703,12.264788044142708,3.9383624205307513,0.952966607579735,-4.1125838648149955,-1.3344023489653902,260.51542300646804,0.024435235117904824,187.97956141831173,0.127546238107872,104.82650060916374,0.8479351135556727,509.8428802239241,8.341321855055971e-05,0,16,8.341321855055971e-05,TLT
2016-01-15,2016-01-15,158.74266052246094,95.30501556396484,104.08000183105467,0.0144297625411178,-0.0032603738494769,0.0088393365945427,train,2,R2: Transition / mixed,4.635942432683347,12.004364695442638,4.318805993882265,1.0194006410857184,-1.5611926540716188,0.5647141581774588,247.67628421397876,0.029367592604115655,187.22387125466287,0.11640428032720082,99.73931862769423,0.8541193889655858,493.4363300978288,0.0001087381030977895,0,17,0.0001087381030977895,SPY
2016-01-22,2016-01-22,161.0332794189453,94.9942855834961,105.0,0.0167957915670826,0.0156372642365234,0.0185713995070686,train,2,R2: Transition / mixed,2.6204339320152297,7.89949329490711,6.224733146649588,2.824005865507651,0.870298513966668,2.0426566454550645,178.70791736829227,0.03537936833407685,120.55262782825739,0.13308329056909515,40.130784733922745,0.8313741792406105,414.8300372955051,0.00016316185621758703,0,18,0.00016316185621758703,GLD
2016-01-29,2016-01-29,163.7379608154297,96.479736328125,106.9499969482422,-0.0297849233197626,0.0130728862217566,0.0502104057953438,train,2,R2: Transition / mixed,2.2596276320767172,6.750389671839235,8.357888011220211,1.2945195510540177,1.59828637795072,3.1494919825428807,186.39869058846938,0.03861617598270014,136.93866267382523,0.11915548587619533,51.103149458130645,0.8420705933513905,427.8456716188723,0.00015774478971410474,0,19,0.00015774478971410474,GLD
2016-02-05,2016-02-05,158.8610382080078,97.74100494384766,112.31999969482422,-0.0070228775644342,0.021597427670001,0.053774937072099,train,2,R2: Transition / mixed,2.5484142752750887,10.225192825219104,6.609565670436204,-1.7258297392489632,-1.4921216022334658,0.5658504579004418,210.7712744075502,0.03907511662749814,160.65373030851805,0.12239124585635806,76.18284203516932,0.8384623524932016,487.60302010855133,7.128502294219558e-05,0,20,7.128502294219558e-05,GLD
2016-02-12,2016-02-12,157.74537658691406,99.85195922851562,118.36000061035156,0.0287729707126165,-0.0037260666349018,-0.0065900538634221,train,2,R2: Transition / mixed,3.4757766980531053,9.260516999553122,7.728942965476866,-1.7325471335638676,0.21300716826080712,1.826327372795352,207.2088960488086,0.04517788732941706,168.13658869571458,0.11002649117024489,78.66541435376011,0.8446990724739759,477.0944360801484,9.654902636225461e-05,0,21,9.654902636225461e-05,SPY
2016-02-19,2016-02-19,162.2841796875,99.47990417480467,117.58000183105467,0.0160939032609415,-0.0045804787626072,-0.0039972887683606,train,2,R2: Transition / mixed,-0.1082587213266184,2.833158776386782,9.943081135287784,2.1022733193118537,4.695939426295364,2.2315666603823363,173.22582185342583,0.07127485281722593,143.23576327453486,0.14114004263587565,67.77539959720178,0.7874729533976282,456.549611591219,0.00011215114927020497,0,22,0.00011215114927020497,SPY
2016-02-26,2016-02-26,164.89596557617188,99.02423858642578,117.11000061035156,0.027371920661239,-0.0120085782713327,0.029288705382114,train,2,R2: Transition / mixed,-1.0409034330118319,3.4813352773960404,8.623720892809533,0.7742031355275747,1.659851861428554,0.5502924089572346,129.33074507155368,0.07747852370279469,93.8796303836856,0.17375028860502406,29.764052331381123,0.7486322807950487,406.92615907389313,0.00013890689713262343,0,23,0.00013890689713262343,GLD
2016-03-04,2016-03-04,169.40948486328125,97.83509826660156,120.54000091552734,0.0116250331008915,-0.0096424189386904,-0.0093744586430678,train,2,R2: Transition / mixed,-1.8507862869484855,0.9417971318202296,9.055383376210541,2.298558371191107,3.4225407456559918,-0.6741662604210995,129.60497693867194,0.11851040166773888,109.72617752071574,0.1863941128943372,51.96176738692635,0.6949257221384388,417.05057013713326,0.00016976329948517773,0,24,0.00016976329948517773,SPY
2016-03-11,2016-03-11,171.37887573242188,96.89173126220705,119.41000366210938,0.0131886377279017,0.0133480128376894,0.0032660529075267,train,2,R2: Transition / mixed,-2.7186537708225007,1.1187181623649582,7.3258033994844425,2.89548987175879,0.3623439355323905,-2.401032115634796,110.76811757479538,0.11309198162327092,79.80072775282525,0.22898930166451603,33.493785271819064,0.6576035581680509,369.0023242590487,0.00031515854416215285,0,25,0.00031515854416215285,TLT
2016-03-18,2016-03-18,173.63912963867188,98.18504333496094,119.8000030517578,-0.0061649718522965,0.0037194690313622,-0.0289649510209442,train,2,R2: Transition / mixed,-4.465104514641085,0.8324302373571104,8.566229177699089,-0.0021630188001946493,-0.5920478585229091,-0.06416923703369892,137.5972486989733,0.09340747462215494,93.06769678848475,0.25759981562562423,52.522613129820314,0.6487661207588972,401.92016172803744,0.00022658899332357883,0,26,0.00022658899332357883,TLT
2016-03-25,2016-03-24,172.5686492919922,98.55023956298828,116.33000183105467,0.0187077914160174,0.0108904600440173,0.0051577277114847,train,2,R2: Transition / mixed,-3.6783617288730976,1.7151785446961867,6.5530244164440505,0.4435792303866166,-1.15693950324057,-1.983619108314043,102.87359302511612,0.11693923542921685,64.4184583792993,0.28081832683740543,30.94633897873014,0.6019909681445936,372.48590570523277,0.0002514695887840715,0,27,0.0002514695887840715,SPY
2016-04-01,2016-04-01,175.79702758789062,99.62349700927734,116.93000030517578,-0.0116952176341116,0.0101768660095753,0.0128281877711891,train,2,R2: Transition / mixed,-2.6839550818289375,0.644638912397975,6.824675611218208,-1.0984503629211777,-0.6678079170938347,-0.5520940113533404,85.03861317868731,0.1644806341466649,59.53806223115132,0.29404287113029703,32.78092537154171,0.5409272684468657,335.3345433447064,0.0005492262761724365,0,28,0.0005492262761724365,GLD
2016-04-08,2016-04-08,173.7410430908203,100.6373519897461,118.43000030517578,0.0160390216552481,-0.0009845543907736,-0.0043063593254771,train,2,R2: Transition / mixed,-1.8382376554214206,1.8169475100515666,6.833052419549241,-1.7116276965764945,-1.8470389437736014,-1.200652141214317,89.55898608043817,0.15546237532371568,66.05989210798131,0.26553347693085294,31.886677395196443,0.5783893221393495,332.4269775164307,0.0006148256060819211,0,29,0.0006148256060819211,SPY
2016-04-15,2016-04-15,176.52767944335938,100.53826904296876,117.91999816894533,0.005727242599524,-0.0266904400689891,-0.0002543994213255,train,1,R1: Growth / trend,-2.7355866915503064,-0.7392001145005854,7.223169221037597,-0.6199126620185077,0.7280795079805965,-0.039297580122889364,84.50204772467633,0.1960678665917026,66.22602285484571,0.2973203984043319,42.88982349795516,0.5059493611578766,334.2865215099832,0.0006623738460889824,1,1,0.0006623738460889824,SPY
2016-04-22,2016-04-22,177.5386962890625,97.8548583984375,117.88999938964844,-0.0126332425053131,0.0079463391327887,0.0488591243197193,train,1,R1: Growth / trend,-3.869234708731767,-0.8562886055600167,5.474634056859559,1.0284223420328276,0.2518485791911875,-2.100910680306751,77.01267484875925,0.20071122935579416,53.2963312667903,0.3445204976316524,41.15858063474334,0.4542582717934138,339.29971883917256,0.0005100012191397142,0,2,0.0005100012191397142,GLD
2016-04-29,2016-04-29,175.29580688476562,98.6324462890625,123.6500015258789,-0.0029564284561548,0.0103000846537797,-0.003801061179969,train,1,R1: Growth / trend,-2.52356986063338,1.9911324808224364,5.177230081866031,-2.8869932449964315,-1.7318311228339307,-0.6719149393309144,78.49811155907663,0.17690733417704885,49.90374965123743,0.33935252885146866,34.38206628718244,0.4833020388237574,341.91455269140204,0.0004380981477249986,0,3,0.0004380981477249986,TLT
2016-05-06,2016-05-06,174.77755737304688,99.64836883544922,123.18000030517578,-0.0046665762196681,0.0140284390814839,-0.0119337653601333,train,1,R1: Growth / trend,-2.131082412049618,0.6936411877828141,5.79184455926691,-1.3367219488832396,-2.5061523111780666,0.07074127352636678,81.36856933463689,0.16003036811273624,49.589099824106746,0.3300808205341139,30.627343724466577,0.5084204622424257,287.2939907315977,0.0014683491107241745,0,4,0.0014683491107241745,TLT
2016-05-13,2016-05-13,173.96194458007812,101.04627990722656,121.70999908447266,0.0035653732160196,-0.0161025790794526,-0.0164325036155156,train,1,R1: Growth / trend,-1.0101244204088256,1.146167984436874,6.38619648834027,-1.444975603047604,-2.826614378777545,1.015250761849682,91.13548623244282,0.14216570709664902,58.924675788166084,0.29612857144115534,31.00269756001145,0.5594137957660188,272.3201418705797,0.0022919256961768937,0,5,0.0022919256961768937,SPY
2016-05-20,2016-05-20,174.58218383789062,99.41917419433594,119.70999908447266,0.0231152292486822,-0.0023047992221667,-0.0341658705970294,train,1,R1: Growth / trend,-1.8958376405289485,-0.7241515307475094,5.36867918235016,1.5332602263470558,-1.1270389652362394,-0.42173071082611324,69.13508297319918,0.17620765446339948,41.33764835176734,0.33192917666180854,24.28316344937889,0.4895286447816051,258.9344862426408,0.002334524093186834,0,6,0.002334524093186834,SPY
2016-05-27,2016-05-27,178.61769104003906,99.19003295898438,115.62000274658205,0.0001903315502136,0.028139526726947,0.028195765692734,train,1,R1: Growth / trend,-3.1698185254131426,-2.7994131466788983,4.51522143287919,0.747813068159592,-0.2816231801587011,0.20168291099639185,65.6542268761949,0.24020678546386803,42.29797947106209,0.40894600263095576,49.350093049266675,0.34825244328688837,264.41487259488105,0.002594768618287749,0,7,0.002594768618287749,GLD
2016-06-03,2016-06-03,178.6516876220703,101.98119354248048,118.87999725341795,-0.0009985380228093,0.0116337553440857,0.0240578791758789,train,1,R1: Growth / trend,-2.6044445103915432,0.6497152309318301,5.1870719313877975,-4.207154768224797,-0.20117805639428882,-0.10216442647141227,69.18015564666169,0.2572433997552631,54.983614939769666,0.3554685296708281,51.26787855135625,0.3868687912935449,350.95834607807546,0.00041927928036390895,0,8,0.00041927928036390895,GLD
2016-06-10,2016-06-10,178.47329711914062,103.16761779785156,121.73999786376952,-0.0117866774004298,0.0061578629688576,0.0181534345593281,train,1,R1: Growth / trend,-1.4620555420750456,0.8344693859453063,3.7301432998575272,-4.376844909645494,-1.0561534669971735,-0.948250604007738,49.37588504626056,0.3139298041623086,43.52331741531893,0.35870410422986015,47.6428706829885,0.3265716998873256,311.8445977316599,0.0007943917205057398,0,9,0.0007943917205057398,GLD
2016-06-17,2016-06-17,176.36968994140625,103.80290985107422,123.9499969482422,-0.0158823362486897,0.0012540373837202,0.0165389520147694,train,1,R1: Growth / trend,-0.48143352508617676,1.0487573349599502,3.165328636099358,-4.371232455960354,-1.5635444517377937,-0.9983274554196359,43.561635152792675,0.33392924133161284,41.29093050266826,0.3516577699891535,46.39126202426299,0.3130825420127197,286.10453510537513,0.0013304466665138989,0,10,0.0013304466665138989,GLD
2016-06-24,2016-06-24,173.5685272216797,103.9330825805664,126.0,0.0328674661342469,0.0371818632068772,0.0191270131913443,train,1,R1: Growth / trend,4.191158541427217,5.507239664254028,0.8930651073827025,-4.9733620990194165,-0.8949485144877457,-1.8243981924612278,77.13826121336389,0.37186537083225857,89.48097614022882,0.28071789272604486,80.25209784385946,0.3464002843907573,336.2210964882431,0.0010164520509392174,0,11,0.0010164520509392174,TLT
2016-07-01,2016-07-01,179.27328491210938,107.7975082397461,128.41000366210938,0.0130051833140492,0.0215545286068212,0.016431746360694,train,1,R1: Growth / trend,-0.3888850651193607,-1.0331421932542781,5.433182942643872,-3.9708336994963664,3.9715807380934507,3.602373739295493,81.625878874819,0.34281675498502223,82.78364236486999,0.33389308584468247,84.30473344943252,0.3225211075420472,349.3816408273417,0.0007690516282481839,0,12,0.0007690516282481839,TLT
2016-07-08,2016-07-08,181.60476684570312,110.12103271484376,130.52000427246094,0.0149539769695798,-0.0362814075643644,-0.0281949725261139,train,1,R1: Growth / trend,-0.8721988490054648,-0.5870895881489998,5.154273137976625,-5.361665059384512,1.5879193077678462,1.3032529510256952,62.3215881597272,0.38024652203667064,69.49700366472945,0.32290408376413965,73.30797820213031,0.296052502908672,333.06505942761055,0.0007968912905177301,0,13,0.0007968912905177301,SPY
2016-07-15,2016-07-15,184.3204803466797,106.1256866455078,126.83999633789062,0.0065327348269943,0.0029635288185438,-0.0038631179274415,train,1,R1: Growth / trend,-2.9234448832193314,-2.9960750444321853,2.3165673560655877,-0.09916025820430341,2.3711229427518945,-3.291538333697636,36.11140814283663,0.44939061278349396,46.687903935126904,0.35316924024883145,72.36970957797672,0.19674046832000824,319.8994079556402,0.0006996786476663589,0,14,0.0006996786476663589,SPY
2016-07-22,2016-07-22,185.52459716796875,106.44019317626952,126.3499984741211,-0.000552204458759,0.0198833387127495,0.0208151743979374,train,1,R1: Growth / trend,-2.8188804145942807,-1.882325900513804,2.567474493560711,-2.1071606754234997,0.6841351017288703,-1.099824788290336,32.9516569528889,0.3650055542115816,28.380491442223267,0.40506564174099563,53.41700613921218,0.2289921419466921,294.8057068737288,0.0009366621007307399,0,15,0.0009366621007307399,GLD
2016-07-29,2016-07-29,185.42214965820312,108.55657958984376,128.97999572753906,0.0048820646378577,-0.0233675842281897,-0.0110869338126047,train,1,R1: Growth / trend,-2.031992672413974,-2.1126026567304654,1.1090600474249304,-5.374669779218148,-0.10290811481592854,0.004384033493443462,38.536687349240154,0.4583002242262483,44.319484518687,0.40173212683234866,91.06543301305881,0.13849821935770554,290.6153428717862,0.001469429583697509,0,16,0.001469429583697509,SPY
2016-08-05,2016-08-05,186.327392578125,106.0198745727539,127.5500030517578,0.0012830894251418,0.0150722098363751,-0.001176021342924,train,1,R1: Growth / trend,-3.5276173102071238,-3.096605175707306,0.8315312137670607,0.19416449478929354,0.242771043318188,-3.5602841924751405,41.088184182852906,0.4063484466239422,39.83005219173676,0.41816361133645524,78.26529077530586,0.17421192789963752,294.08073314735316,0.0012760141399650769,0,17,0.0012760141399650769,TLT
2016-08-12,2016-08-12,186.56646728515625,107.61782836914062,127.4000015258789,0.0003665711934912,-0.009779745526697,0.0044740948822392,train,1,R1: Growth / trend,-3.098093010100488,-2.146991195421106,1.4086198997091723,-3.526254394334771,-0.8329724776945565,-0.8385737880453482,39.58277314559889,0.38120000116010827,33.04984131495896,0.44237241530130605,73.75763169872693,0.17499903146457177,284.81422461074277,0.0014285520740137327,0,18,0.0014285520740137327,GLD
2016-08-19,2016-08-19,186.6348571777344,106.56535339355467,127.97000122070312,-0.0057199961214269,-0.0025236734892,-0.0150035019975814,train,1,R1: Growth / trend,-4.000481148669251,-2.794634569803243,0.8192320078826654,-1.1948232643478613,-0.6612821334864865,-1.6133807811121463,44.43633134559174,0.3423036187644269,29.638732086517013,0.47952927541237217,73.45225117543876,0.17674024520397008,284.99544785791363,0.0014268606192308372,0,19,0.0014268606192308372,TLT
2016-08-26,2016-08-26,185.5673065185547,106.29641723632812,126.0500030517578,0.0049704230759457,0.0037744884544637,0.0041253203528515,train,1,R1: Growth / trend,-3.0376263576517504,-0.6571352398797057,-0.8540448897537858,-1.6885263587217194,-2.2052423998881543,-3.708066208835355,45.041336586590866,0.3551741164152621,32.82801424228228,0.46911225037725646,76.22630609048497,0.1745441319279559,295.9515077632181,0.001169501279525549,0,20,0.001169501279525549,SPY
2016-09-02,2016-09-02,186.4896545410156,106.6976318359375,126.56999969482422,-0.0233091137416412,-0.0224341354838932,0.0014221403619323,train,1,R1: Growth / trend,-3.2997855343167775,-2.352356712035428,0.879862586132037,-0.8476690004300234,-1.286610993071053,-0.7272347799796438,41.92375179495692,0.30297487708645765,20.62849654302575,0.4921487523538692,59.60691723657902,0.20251347860984625,254.98395318531914,0.0023628919498269764,0,21,0.0023628919498269764,GLD
2016-09-09,2016-09-09,182.1427459716797,104.30396270751952,126.75,0.0054756227890524,-0.0056814520373253,-0.0133333525949209,train,1,R1: Growth / trend,-1.6163816894291108,0.7672474444848514,-1.7448931824410752,0.9251211916907363,-3.28482283498509,-4.155598660643533,59.462181478591006,0.28111506863589514,35.74820521885609,0.4825075340106783,67.50207262250032,0.2340666360434454,270.214488053603,0.0023107613099813237,0,22,0.0023107613099813237,SPY
2016-09-16,2016-09-16,183.1400909423828,103.71136474609376,125.05999755859376,0.0122791782120528,0.0153623866897909,0.0207100912989515,train,1,R1: Growth / trend,-2.123147979678831,-1.5720674133663637,-1.3298006047259006,1.4560572419911242,-0.8763274942623096,-1.6774415402725755,37.539238472341495,0.3003450240262495,14.550700003682074,0.5070643988610317,57.705374871116234,0.1897150924352187,241.59846046219036,0.0028754846775000805,0,23,0.0028754846775000805,GLD
2016-09-23,2016-09-23,185.3889007568359,105.30461883544922,127.6500015258789,0.0014354326508416,0.0050424246007259,-0.0157461975104087,train,1,R1: Growth / trend,-2.759276909885703,-2.865382743690735,-0.18369546885897106,-0.5064880468288298,0.3765432168961447,0.5457660103872747,36.06463830121082,0.32599057788150704,16.54068333449834,0.5085925913473127,66.49417026520226,0.16298329598071493,251.04572385365202,0.002433534790465417,0,24,0.002433534790465417,TLT
2016-09-30,2016-09-30,185.6550140380859,105.83560943603516,125.63999938964844,-0.0058257165416831,-0.0243548824852211,-0.0469595793898501,train,1,R1: Growth / trend,-2.6263847427883125,-1.7109464759759296,-1.3338724131011737,-0.8160701167755104,-0.8283214222922316,-1.2035634591234659,32.411415986804194,0.3346166441123441,14.042085346448294,0.5084976677570239,66.21149092157238,0.15493099275225575,258.15697873489546,0.001954695378376299,0,25,0.001954695378376299,SPY
2016-10-07,2016-10-07,184.5734405517578,103.25799560546876,119.73999786376952,-0.0089283374413711,-0.017398105780956,-0.0031735197945325,train,1,R1: Growth / trend,-4.290887568301836,-0.8486370598300647,-1.433610747600048,1.5167423645192437,-0.5067797081440056,-3.5708878601431735,61.58284678306089,0.27024145618777945,31.790273148716558,0.5327359715953929,75.58563708883801,0.1964318793665328,330.4790987559315,0.0005906928502949483,0,26,0.0005906928502949483,GLD
2016-10-14,2016-10-14,182.92550659179688,101.46150207519533,119.36000061035156,0.0040352993600545,0.0130710663142927,0.0123156938102062,train,1,R1: Growth / trend,-4.049403787165941,0.42233039112642157,-2.0798359279607883,1.5704327551094217,-1.8594282680086538,-3.5997960166750445,73.31635525835428,0.2226174753060428,32.864656690585576,0.5594714635068501,74.38322825253317,0.2172720622533287,330.2524071985649,0.0006389989337783444,0,27,0.0006389989337783444,TLT
2016-10-21,2016-10-21,183.6636657714844,102.78771209716795,120.83000183105467,-0.0067295682445399,-0.021453853976566,0.0062070676871184,train,1,R1: Growth / trend,-4.616319051162668,-0.8860601202371844,0.328555427652003,0.6050000338959947,-1.035261334371524,0.43453129718942474,67.12015009584611,0.17611299070444958,15.331697197402505,0.5730242563136756,51.747282056733724,0.24996925108417575,299.0542163541509,0.0008935018976991055,0,28,0.0008935018976991055,GLD
2016-10-28,2016-10-28,182.4276885986328,100.58251953125,121.58000183105467,-0.0187729061431644,0.01181654230969,0.0231123335768532,train,1,R1: Growth / trend,-3.8750582203110486,-0.09285155478677165,-2.071348962355633,1.3739199532142876,-1.9715048772849566,-2.470210981335956,66.88189963576374,0.21797032475273384,24.237215930898685,0.5758546630783825,69.53556058892333,0.20518364153686974,303.6134840432809,0.0009913706320139836,0,29,0.0009913706320139836,GLD
2016-11-04,2016-11-04,179.00299072265625,101.77105712890624,124.38999938964844,0.0377365712113231,-0.0736303516157025,-0.0586060049143629,train,1,R1: Growth / trend,-2.758477612835549,3.4142140532080005,-0.6086347223356394,-0.5987374670463617,-4.370941855269532,0.012886712444189707,95.81549144176861,0.11646133086981553,28.599305369496523,0.5385194344814378,48.25682533616195,0.3441239835645641,309.5098449621323,0.0008952510841825597,0,30,0.0008952510841825597,SPY
2016-11-11,2016-11-11,185.75794982910156,94.27761840820312,117.0999984741211,0.0096109417633707,-0.0097515156400066,-0.0166524079731148,train,1,R1: Growth / trend,-5.4468644631971905,-3.7596320604736415,-1.9595281549406691,8.380140490267966,3.999590766338632,-4.804762485561728,181.3243024271248,0.27236280530080204,151.30456867368906,0.539703596774773,197.71116412883083,0.1875082625829842,464.9799916324537,0.00042533534144080867,0,31,0.00042533534144080867,SPY
2016-11-18,2016-11-18,187.5432586669922,93.35826873779295,115.1500015258789,0.0138216809517011,-0.0002476984110442,-0.0220581926345567,train,1,R1: Growth / trend,-6.453582342497311,-2.6015923797250844,-3.446893472661912,5.934161230606262,0.5058970740463229,-3.949055369386265,150.40065465166498,0.20158322858987204,99.51653321367833,0.642523162196941,161.8261374707194,0.1553866173298951,413.13777437611344,0.0005069918832919607,0,32,0.0005069918832919607,SPY
2016-11-25,2016-11-25,190.1354217529297,93.33514404296876,112.61000061035156,-0.0083062649294202,-0.0080926142572308,-0.00417370764724,train,1,R1: Growth / trend,-7.81912162036134,-2.3362986335854794,-1.9013261936692143,5.861004088331394,-0.08224935936481442,-2.5513089979348025,164.9823713477096,0.1344718088694535,94.79606313595477,0.6653290750843946,147.59052176309547,0.19984888386801963,426.1853710570276,0.0003502321781321624,0,33,0.0003502321781321624,GLD
2016-12-02,2016-12-02,188.5561065673828,92.57981872558594,112.13999938964844,0.031090586526266,-0.017558437337397,-0.0155162999218827,train,1,R1: Growth / trend,-7.920744308465975,0.9004766499061776,-2.6718658632612704,4.057408554767071,0.125514877071769,-3.744889553051025,155.12766610633145,0.12104202956606903,81.04243310367227,0.6545101870964952,128.03310742859279,0.22438962975548354,490.5275160074654,5.815358195235817e-05,0,34,5.815358195235817e-05,SPY
2016-12-09,2016-12-09,194.41842651367188,90.95426177978516,110.4000015258789,-0.0006341529341424,-0.0030642809492081,-0.0212862177684866,train,1,R1: Growth / trend,-9.749961134776015,-0.5474391391758314,-1.3180239958833306,5.680446701665125,0.6749122302468874,-2.9640108759570825,202.5070394597726,0.09113653091526279,115.3114984394722,0.6643282447741341,159.19049809655777,0.24448667634810842,533.3749095008429,4.854796249461939e-05,0,35,4.854796249461939e-05,SPY
2016-12-16,2016-12-16,194.29513549804688,90.67555236816406,108.0500030517578,0.0029776195159065,0.0104067084077057,-0.0011106223340366,train,1,R1: Growth / trend,-9.88928759650136,2.6729429513257794,-0.820976909698826,6.093210845891795,-1.6515538941267147,-4.389879810839901,244.28907438552454,0.05131499829087754,137.69559149576924,0.5819059307441566,157.95830879520588,0.3667572245786715,584.995812298035,2.1846386294332355e-05,0,36,2.1846386294332355e-05,TLT
2016-12-23,2016-12-23,194.87367248535156,91.6191864013672,107.93000030517578,-0.0096584975571285,0.0091489427257382,0.0155656471826695,train,1,R1: Growth / trend,-10.486517138118407,1.9814322555871287,1.0926829579678055,5.247288150998013,-0.3295171929950322,-0.5282994596995454,232.92618694135575,0.036890878833450935,112.93893681103077,0.5675994283076096,128.79793658352642,0.3954914420787463,567.0401573755744,1.825078019321852e-05,0,37,1.825078019321852e-05,GLD
2016-12-30,2016-12-30,192.99148559570312,92.45740509033205,109.61000061035156,0.0164629040891404,0.0145219195290007,0.0195237604026281,train,1,R1: Growth / trend,-8.451765513269804,4.600308311237537,0.6507419580302145,2.7345895692848368,-2.4300380858783988,-1.0860643154111793,193.92442192671757,0.03905903433114006,80.34587402214478,0.5193240086648147,87.46299670914091,0.4415942624257808,520.9795688752602,2.2694578264387163e-05,0,38,2.2694578264387163e-05,GLD
2017-01-06,2017-01-06,196.1686859130859,93.80006408691406,111.75,-0.0007041787364777,0.0037231094527807,0.0220134146261534,train,1,R1: Growth / trend,-10.636630137029956,3.860374333043057,2.0458797919640115,3.1205997058745014,-0.5501491518978827,1.3426654983169324,243.37397240304136,0.025180377028978324,110.18473399348579,0.5233620744863895,116.67293288435522,0.45145002306475596,599.6124247708158,7.525419876241011e-06,0,39,7.525419876241011e-06,GLD
2017-01-13,2017-01-13,196.03054809570312,94.1492919921875,114.20999908447266,-0.0013653709666446,-0.0112934526256011,0.0073549073988159,train,1,R1: Growth / trend,-10.860035832104826,4.360993709487291,1.8954754068407775,1.2531887022766612,-1.4796447488014994,1.1517466147148732,242.79397439662543,0.027330428564273278,111.42106577840073,0.5450246722007238,122.06813560015313,0.4276384983961631,609.7339441604886,6.4008388396591515e-06,0,40,6.4008388396591515e-06,GLD
2017-01-20,2017-01-20,195.7628936767578,93.08602142333984,115.0500030517578,0.0098350545854533,-0.0025843844723504,-0.0135593667675651,train,1,R1: Growth / trend,-10.317947645838883,4.267499771592048,0.3246291257090622,2.6375248947399355,-0.8298693806705796,-0.26267972972528764,223.6163315148358,0.03419040682668566,99.38978258379355,0.5793883346185952,117.17038363651493,0.38641418418240764,595.9947698245949,7.074372311624034e-06,0,41,7.074372311624034e-06,SPY
2017-01-27,2017-01-27,197.688232421875,92.84545135498048,113.48999786376952,0.00161612313225,-0.0031164953454305,0.023261956466132,train,1,R1: Growth / trend,-10.83913827467946,3.5613489796051705,1.2798618537311794,3.4856860994767382,-0.3442754103193041,1.819837969680941,249.34043868416984,0.024718328290995073,111.81338009632012,0.5671218644925541,126.25228734734739,0.40815165495410566,601.2538801776993,8.152262345199302e-06,0,42,8.152262345199302e-06,GLD
2017-02-03,2017-02-03,198.0077209472656,92.55609893798828,116.12999725341795,0.0094618527423984,0.0147898287707395,0.012658238659003,train,1,R1: Growth / trend,-10.427259498144062,4.241792553059151,0.27697020659297006,2.3614967751897566,-0.15805767449824795,2.1807899964516255,236.8946546269968,0.027222212573892526,100.71436345220792,0.6056980093246497,122.69831403705723,0.3670731355429666,602.0333327563283,6.6425584912386355e-06,0,43,6.6425584912386355e-06,TLT
2017-02-10,2017-02-10,199.88124084472656,93.92498779296876,117.5999984741211,0.0154637416306391,-0.0036430211317808,0.0006802876878633,train,1,R1: Growth / trend,-9.906845052106917,4.631415313979524,1.4317485188264734,0.44651769105161176,0.44832866576418273,3.176543850551649,226.63854810357236,0.03011691675333325,97.5201963502383,0.5705244015870228,113.1782510930473,0.399353471019218,606.8707432969501,5.2106404260452574e-06,0,44,5.2106404260452574e-06,SPY
2017-02-17,2017-02-17,202.97215270996097,93.58281707763672,117.68000030517578,0.007018727959583,0.0140457996099327,0.0171651651752891,train,1,R1: Growth / trend,-10.092603864198948,3.644815305603846,1.0966152944601708,0.603226859499348,0.3131695749020902,2.200030253045571,209.47973460454244,0.038666778070225054,89.014484069291,0.6014370063487002,111.55618203156999,0.3598888511552695,585.4950917728675,7.364425805222145e-06,0,45,7.364425805222145e-06,GLD
2017-02-24,2017-02-24,204.39675903320312,94.8972625732422,119.6999969482422,0.0070962706002517,-0.0199178767256879,-0.018295696473231,train,1,R1: Growth / trend,-9.19758002447518,4.154984004305366,2.034705831912499,-1.496408746034009,-0.23417165330216938,3.7059957063015694,208.94591617715403,0.039190799416929614,91.18245829546008,0.5731990245141818,108.35710709383287,0.3876001094772538,571.8320227719898,1.0066591634670503e-05,0,46,1.0066591634670503e-05,SPY
2017-03-03,2017-03-03,205.8472137451172,93.00711059570312,117.51000213623048,-0.003061954487201,-0.0175954019760099,-0.0237426675585699,train,1,R1: Growth / trend,-9.635255533667864,3.5173865957517774,1.9651450290297126,3.6747452098796822,0.5330979597536508,1.8078007101871112,220.74820095638776,0.02918384131899731,94.62491656472159,0.51638515158078,100.23612006853406,0.45442052973403335,568.9370036902502,1.047736618942799e-05,0,47,1.047736618942799e-05,SPY
2017-03-10,2017-03-10,205.2169189453125,91.37061309814452,114.72000122070312,0.0015615175919632,0.011855416721046,0.0197872787562063,train,1,R1: Growth / trend,-9.393946806781186,4.468921577151166,0.6179314363344126,3.186267096650437,-1.6606847050044689,0.32222053317212107,217.2161520579171,0.029913515912969427,89.88676179202598,0.5440410281244547,100.61983318519887,0.4260312033056225,552.98107130006,1.4252656953339592e-05,0,48,1.4252656953339592e-05,GLD
2017-03-17,2017-03-17,205.5373687744141,92.45384979248048,116.98999786376952,-0.0133738457859658,0.0188797577444206,0.0159842959289526,train,1,R1: Growth / trend,-8.15236451437582,4.278525730510964,2.0293520546603996,2.396691958974272,-0.4341329427351467,2.2298750908917273,191.4663553621534,0.0317863361281102,71.29485884707974,0.4911185135067264,72.56824954078216,0.4770761505378237,517.2774262586186,1.8999827339631068e-05,0,49,1.8999827339631068e-05,TLT
2017-03-24,2017-03-24,202.78854370117188,94.19935607910156,118.86000061035156,0.0080392326532454,-0.0014057781962724,-0.0011778511604368,train,1,R1: Growth / trend,-6.204471841919604,6.772408917570255,1.295629566868109,0.5494282600900244,-2.1098272727849925,2.8051710014824693,193.13812801554306,0.028288658611395522,70.80632258669439,0.45912583255626815,65.97357402919384,0.5125611653077,502.95303542518343,2.434352463627224e-05,0,50,2.434352463627224e-05,SPY
2017-03-31,2017-03-31,204.41880798339844,94.06693267822266,118.72000122070312,-0.0022904738903519,0.0021169482302705,0.0062331355808686,train,1,R1: Growth / trend,-7.08961108510378,3.771810779806312,2.0636176536267126,1.2174389534407433,0.3379690893636923,2.7563333117883917,158.6866127058122,0.045739120748624094,53.297975739731214,0.5046332253498095,58.366901015995595,0.44959885882515943,482.2213720021397,2.879507640696247e-05,0,51,2.879507640696247e-05,GLD
2017-04-07,2017-04-07,203.9505920410156,94.2660675048828,119.45999908447266,-0.0114374373508633,0.0228646152097966,0.0262849440290726,train,1,R1: Growth / trend,-6.053007215497619,4.645708115767556,2.220864257108138,0.6488409686938368,-0.7263210432516402,0.9875596968152637,137.908456848181,0.05404480745685815,44.59980923883894,0.4528201040300862,40.85915382723709,0.49309974883791763,459.77770325525876,3.533967513782498e-05,0,52,3.533967513782498e-05,GLD
2017-04-14,2017-04-13,201.617919921875,96.42142486572266,122.5999984741211,0.0089461836437898,0.0005666969110746,-0.0023654234839859,train,1,R1: Growth / trend,-4.054428150923377,7.065388139855116,2.0487117142499227,-1.483732982249284,-3.941480779460271,1.0024462011402404,165.642586241468,0.04630182708619495,71.12237529887905,0.398801470061399,56.62853475043641,0.5548237914067756,448.9330032502886,7.29114456305317e-05,0,53,7.29114456305317e-05,SPY
2017-04-21,2017-04-21,203.421630859375,96.47606658935548,122.30999755859376,0.0148767124931741,-0.0096321079014983,-0.0125909651399478,train,1,R1: Growth / trend,-4.545202292198766,3.842769165744533,2.886132789396516,0.6664481313941677,-0.043715231007078414,1.2824461680372752,108.50101207558953,0.07203212129078007,31.209736416072396,0.419011727417167,22.680440746054558,0.5088770123266461,407.5926708978443,7.913896540687207e-05,0,54,7.913896540687207e-05,SPY
2017-04-28,2017-04-28,206.4478759765625,95.54679870605467,120.7699966430664,0.0068046251790865,-0.0065938383089084,-0.0311335150397372,train,1,R1: Growth / trend,-6.363632044590139,0.2943657465141549,4.0145364665208065,2.2872862478886926,1.9957663941319717,1.602893027173152,125.80363378541193,0.09098742730715012,54.710989821629425,0.4595721405104268,55.69918285042522,0.44934174378929054,425.4592320356867,9.868839313247322e-05,0,55,9.868839313247322e-05,SPY
2017-05-05,2017-05-05,207.85267639160156,94.91677856445312,117.01000213623048,-0.0030037807687115,0.0008247774362886,-0.0015383326372923,train,1,R1: Growth / trend,-7.182892290207917,1.0134829804525785,3.4745678544363474,1.911201643030182,-1.3239223820726949,-0.22102806867225777,134.38201731353792,0.07710704262874417,54.77341200869274,0.4728474843078665,56.955557212873,0.4499160645345787,414.87558841242924,0.00012940852881062066,0,56,0.00012940852881062066,TLT
2017-05-12,2017-05-12,207.22833251953125,94.99506378173828,116.83000183105467,-0.0028034191508142,0.0191124657693444,0.0219977715873072,train,1,R1: Growth / trend,-6.845403182168752,1.0535002918036747,3.287776224099626,0.5812690791628663,-1.5948434857006344,-0.2943372026542562,120.17972965109749,0.09362925815899026,47.89343774816664,0.48595218134065477,54.26746026696649,0.42027213753208437,403.77336419887985,0.00014642296827042058,0,57,0.00014642296827042058,GLD
2017-05-19,2017-05-19,206.6473846435547,96.81065368652344,119.4000015258789,0.0142669452787718,-0.0018597754966716,0.0095477334596294,train,1,R1: Growth / trend,-3.5272413295792555,4.05560538942966,3.204821443743302,-0.7045695221123816,-2.11950919452048,0.6211620842844925,102.12568057857348,0.08407338818950133,34.22635027614157,0.3948544486521127,22.06707215932204,0.5208801426069837,369.0934994239486,0.00019202055140223525,0,58,0.00019202055140223525,SPY
2017-05-26,2017-05-26,209.5956115722656,96.63060760498048,120.54000091552734,0.0101776652369989,0.0194867707067514,0.008876718821116,train,1,R1: Growth / trend,-5.988270177653808,-0.2865686299853578,4.913895737529528,0.12981103333876054,0.0977534853333501,1.8981668937782992,116.40955661942002,0.10837522105699479,53.63922458531685,0.452859511663142,55.05168307395601,0.43851958397710133,383.7052106648837,0.00024568330276199615,0,59,0.00024568330276199615,TLT
2017-06-02,2017-06-02,211.7288055419922,98.5136260986328,121.61000061035156,-0.0031128162948327,-0.0097119988277912,-0.0087986159810374,train,1,R1: Growth / trend,-4.357054082382765,0.6571852463205059,4.232891494729913,-2.053635252196168,-1.4643323949538782,1.9500973232153407,94.07265104989014,0.1343004921829653,40.72997915990426,0.45272685890974984,44.81683557587927,0.4124791074249699,340.16294091259704,0.0004935414823148788,0,60,0.0004935414823148788,SPY
2017-06-09,2017-06-09,211.0697326660156,97.5568618774414,120.54000091552734,0.0016980096244643,0.0156747808883306,-0.0099552394933003,train,1,R1: Growth / trend,-3.385796939823648,1.0753458117326278,2.243881517801726,-0.45891086485994054,-1.258110974670666,-0.5830228362481588,57.55445153385389,0.1742444303959814,15.35612740700233,0.4556782031314842,24.554966284416505,0.36952796686487166,310.36784111613974,0.0005493996076625932,0,61,0.0005493996076625932,TLT
2017-06-16,2017-06-16,211.4281311035156,99.08604431152344,119.33999633789062,0.0020192471879283,0.0113179644957583,0.0007541810796636,train,1,R1: Growth / trend,-4.227875044674676,-0.1043276786962235,2.790083871696202,-1.2936868002152182,-1.8071907540421743,0.513369436909243,71.18909608775839,0.1729706442538621,25.664837824352603,0.4879526587464632,41.745677183485576,0.33828131175990367,307.43891676808767,0.0007953852397709262,0,62,0.0007953852397709262,TLT
2017-06-23,2017-06-23,211.8550567626953,100.2074966430664,119.43000030517578,-0.0054703451774771,-0.0208169434805419,-0.0118061095077153,train,1,R1: Growth / trend,-3.315396027992605,-0.16073844352158417,1.957393134600355,-1.4790753421021874,-1.0208370720066848,1.066674208049975,54.89844309589593,0.2015740763082682,15.172449321097044,0.4982799688968031,37.566589113986524,0.2991655472896919,288.6854116608929,0.0009804075052367973,0,63,0.0009804075052367973,SPY
2017-06-30,2017-06-30,210.69613647460935,98.1214828491211,118.0199966430664,0.0012820659519119,-0.017154914878564,-0.0232163865591035,train,1,R1: Growth / trend,-2.827717372476094,0.6137437438077833,0.014363966734683015,0.937442148258012,-1.2150197629668353,-0.9327008599464218,48.82227331006217,0.1961201354347657,6.798889538056393,0.5108468499059934,31.343481918550427,0.2920470639945364,281.15771320491456,0.0009859506647044154,0,64,0.0009859506647044154,SPY
2017-07-07,2017-07-07,210.9662628173828,96.43821716308594,115.27999877929688,0.0142497207231218,0.004970511101354,0.0129250336532542,train,1,R1: Growth / trend,-2.9734918317123995,0.16318413076348803,-0.35470900499101327,2.176421809272835,-1.20019196130868,-1.393784700300722,55.69710543981189,0.19297516906174023,12.172096930461999,0.5201476655131804,38.47759923893507,0.2856714171663917,278.48891568025476,0.0012057482586877689,0,65,0.0012057482586877689,SPY
2017-07-14,2017-07-14,213.97247314453125,96.91756439208984,116.7699966430664,0.0053755642556103,0.0191357612137876,0.0213240178534501,train,1,R1: Growth / trend,-3.934861334388268,-1.814340904026233,1.6526876157764065,0.04399607873004552,-0.35579921507410056,1.921823023441506,64.76263314496272,0.1951499894490842,20.049351179455357,0.5404434120858571,51.68648467518349,0.26286972881676146,277.39516452730726,0.0015368696482972659,0,66,0.0015368696482972659,GLD
2017-07-21,2017-07-21,215.12269592285156,98.77215576171876,119.26000213623048,0.0001215041748705,-0.0143207337653551,0.0119906110981138,train,1,R1: Growth / trend,-4.124926483116305,-1.3901544013678044,2.5333795775636614,-1.8925980670258566,-1.8330491073095465,2.3824166109237233,79.37156925873292,0.18453461984637995,32.815947610344914,0.5329508802967096,60.943197240457046,0.2808040845436192,284.85258841526326,0.0017104153132913118,0,67,0.0017104153132913118,GLD
2017-07-28,2017-07-28,215.1488342285156,97.357666015625,120.69000244140624,0.0020251781667426,0.0105857252298904,-0.0086171256482676,train,1,R1: Growth / trend,-3.8792435767868896,-1.54265543885958,0.9104533080485269,-1.2560508899011351,-1.3144039965082133,0.2450363675037781,52.14088874222088,0.24492905060989117,18.17962100718732,0.5309386421018296,56.318679347594056,0.2226928713020527,277.6215860893718,0.0014394359862266398,0,68,0.0014394359862266398,TLT
2017-08-04,2017-08-04,215.5845489501953,98.38826751708984,119.6500015258789,-0.0132979685316588,0.01200726088592,0.0262432039248181,train,1,R1: Growth / trend,-3.261392766762059,-1.7617283362650902,1.4520637210062763,-1.5914148627578792,-1.3036368207574638,0.4563644510755882,47.04675835659472,0.2671491327568116,19.39987159326487,0.5015161759810475,53.749107702018264,0.2293202732309404,261.586825766454,0.0020144180312004043,0,69,0.0020144180312004043,GLD
2017-08-11,2017-08-11,212.71771240234375,99.56964111328124,122.79000091552734,-0.0057756199344249,0.0015024375532153,-0.0039905355494429,train,1,R1: Growth / trend,1.2252872277749258,3.70368327654378,0.0015362468997482948,-2.6090192362903655,-4.635663498031063,0.43423798679282705,80.16742269148052,0.19758826794980036,44.939606993329136,0.4408553232932915,54.166102876073744,0.35728231144183065,248.44719744045233,0.004274097315077551,0,70,0.004274097315077551,TLT
2017-08-18,2017-08-18,211.4891357421875,99.71923828125,122.3000030517578,0.0076220664823878,0.0055283694454646,0.0035976680378781,train,1,R1: Growth / trend,1.6137339014838847,2.1722521960696324,0.6634419036685428,0.15284683076931826,-0.6393019947346681,1.4409729266798936,41.514411334405786,0.2157370615357499,13.146196808503085,0.4117110913508982,17.931667896354774,0.36918695622551867,224.15043458604737,0.0033648908878333847,0,71,0.0033648908878333847,SPY
2017-08-25,2017-08-25,213.1011199951172,100.27052307128906,122.73999786376952,0.0134118394262554,-0.0024270585143433,0.0270490447499367,train,1,R1: Growth / trend,-0.6353818358699145,-0.20236262962311335,2.4447065863499664,-0.6549623455627837,0.7949268260494841,3.111331422289732,48.47644919631987,0.22055867593191067,18.019616588424306,0.44142426552304037,30.030193371502484,0.33575821697334796,249.57713354594048,0.00225884157170099,0,72,0.00225884157170099,GLD
2017-09-01,2017-09-01,215.95919799804688,100.02716064453124,126.05999755859376,-0.0050838325054112,0.0177513736808547,0.0151515444954817,train,1,R1: Growth / trend,-1.8503040290332535,-1.5039174673632154,2.3934261941080552,-1.4285660588461746,0.3732026557850415,2.513224115329368,46.712038166161456,0.258451673111298,20.755163879431812,0.4668635590914159,44.41176422887681,0.27235645065216235,253.44242614904493,0.0023283171451235415,0,73,0.0023283171451235415,TLT
2017-09-08,2017-09-08,214.86129760742188,101.8027801513672,127.97000122070312,0.0156000752779426,-0.0165888334794471,-0.0190669877168955,train,1,R1: Growth / trend,-0.23838597737698042,0.2719444330339935,1.8503411915168269,-2.5408352003153403,-1.0174341475060358,1.9414246033424654,39.479449546824654,0.2666905179104675,17.881925093984385,0.4362022675675758,35.193425729791095,0.2940440463642514,235.54648375034543,0.003063168157705224,0,74,0.003063168157705224,SPY
2017-09-15,2017-09-15,218.2131500244141,100.1139907836914,125.52999877929688,0.0010033692480644,-0.0052028095110393,-0.0182426586297795,train,1,R1: Growth / trend,-1.9716572515660724,-3.763284586328572,1.6475262461556641,1.0030587435349065,1.6125578616114846,1.1804235662078706,43.21864989016707,0.3331722640077438,29.702618495728537,0.45330757180112236,63.572140118860425,0.20955433531980314,237.7188486704297,0.0039658288713308315,0,75,0.0039658288713308315,SPY
2017-09-22,2017-09-22,218.43209838867188,99.5931167602539,123.23999786376952,0.0071759559057855,-0.0114105634122726,-0.013469620752102,train,1,R1: Growth / trend,-2.7768858473011995,-3.2116156853384092,1.0138384270300878,-0.14689525564485983,-0.051512638552483336,0.963208508701724,42.918027643126116,0.30231137820158555,20.98872077955707,0.49821569761533974,61.95891328817555,0.19591553520107705,237.92241052827393,0.0035573889819977026,0,76,0.0035573889819977026,SPY
2017-09-29,2017-09-29,219.9995574951172,98.45670318603516,121.58000183105467,0.0124986379769411,-0.0073730036388455,-0.0040303132569857,train,1,R1: Growth / trend,-2.852943520621267,-2.508698034931302,-0.6007124942219166,-0.22680283833507192,0.2817708350999758,-1.0352470008919408,31.257570862586697,0.3504673628980246,16.614468271200252,0.4892407983432132,66.08442909974372,0.15851837643187944,263.3058204475715,0.0017734623268827404,0,77,0.0017734623268827404,SPY
2017-10-06,2017-10-06,222.7492523193359,97.73078155517578,121.08999633789062,0.0022799550215286,0.0182862782303099,0.0225452427078762,train,1,R1: Growth / trend,-4.0618525046270655,-2.8592948799784015,0.5595205381907287,0.00013349582897559387,-2.076369994425155,-0.699232894350086,58.69197137484099,0.2658964546488109,28.14970653362345,0.5331996409920061,71.67533998025164,0.19781464535927495,254.25580773039272,0.003089258999908031,0,78,0.003089258999908031,GLD
2017-10-13,2017-10-13,223.25711059570312,99.51791381835938,123.81999969482422,0.0084719976477949,-0.0148584653249324,-0.0178484823931479,train,1,R1: Growth / trend,-3.4465437023865735,-2.6844166870816712,1.9007378951911926,-2.445097699696905,-4.086613678716216,1.9614545715299911,85.85377207758586,0.22895834820636882,48.17016696838799,0.5402420269452322,87.0602593383465,0.22275107521917825,232.81927747254224,0.008048549629220933,0,79,0.008048549629220933,SPY
2017-10-20,2017-10-20,225.14854431152344,98.03923034667967,121.61000061035156,0.0023338677163209,-0.0059690130844675,-0.0058383281054947,train,1,R1: Growth / trend,-4.125799585348223,-3.464519848462044,0.321128861331335,0.8108119076445521,-2.333921238370729,-1.2377448811781853,64.9493825671785,0.27521309744716116,35.93979378076187,0.5329451296716475,81.79266848545966,0.18751066136762104,247.19283035704964,0.004331111513570281,0,80,0.004331111513570281,SPY
2017-10-27,2017-10-27,225.67401123046875,97.45403289794922,120.9000015258789,0.002871241017103,0.0216328420686742,-0.0023159534802563,train,1,R1: Growth / trend,-3.4712750010143387,-1.5850275130972267,-0.4892342270545945,0.2479465013296398,-2.5207006760098905,0.019391110881681606,58.471484331656136,0.22036404462502518,16.856225361137884,0.5686844962564587,61.0429756740959,0.2078256090587207,245.27365807400898,0.003125850059795483,0,81,0.003125850059795483,TLT
2017-11-03,2017-11-03,226.3219757080078,99.56224060058594,120.62000274658205,-0.0013925748354749,-0.0122567189039053,0.0042281088975548,train,1,R1: Growth / trend,-5.00420564599608,-0.5832482310986612,0.4005270642298559,-2.570032555795433,-2.163960134721787,1.2227981734586126,79.60248183916447,0.18843259932232756,29.057234270016863,0.5959882527852007,73.85419287292278,0.21479695947182922,320.3450191254795,0.0007821884206424591,0,82,0.0007821884206424591,GLD
2017-11-10,2017-11-10,226.00680541992188,98.34193420410156,121.12999725341795,-0.0008912619867343,0.0184521586479431,0.0142822042116803,train,1,R1: Growth / trend,-3.697284671823164,0.858607904741159,-1.7175038635312305,-0.9083114354237625,-3.01595094331739,-2.1897499817111736,66.72006011858714,0.22085214664612446,25.276609294367326,0.5677177238340373,68.81066006277135,0.21058031330758764,310.7911615479013,0.0008498162122506774,0,83,0.0008498162122506774,TLT
2017-11-17,2017-11-17,225.8053741455078,100.15655517578124,122.86000061035156,0.0096950470460248,0.0032445085666057,-0.00439525405213,train,1,R1: Growth / trend,-2.4762546455733645,1.6253527517051838,0.2643405071981227,-2.4629966328911523,-1.4620633597288326,1.935918036040165,61.810445844447,0.1803279453857965,13.698983162643605,0.539591940513117,42.60883533037253,0.2792793488222502,299.5928438134167,0.0008007652788363981,0,84,0.0008007652788363981,SPY
2017-11-24,2017-11-24,227.99456787109375,100.48151397705078,122.31999969482422,0.0157474454973853,6.598172723770723e-05,-0.0059679803691536,train,1,R1: Growth / trend,-4.093125560875686,-1.9406855897323725,2.4195871680402257,-0.7063476935744568,1.7788168932739028,3.537010559340207,79.98024344083306,0.19772685623834385,36.2774663020045,0.535118150546897,66.89763558543572,0.2663799995280774,323.24183156342804,0.0007749936866816607,0,85,0.0007749936866816607,SPY
2017-12-01,2017-12-01,231.58489990234375,100.48814392089844,121.58999633789062,0.0039702452661065,0.0011063547675522,-0.0255777043722787,train,1,R1: Growth / trend,-1.038219570439078,2.65394694879043,-2.2265089315145774,-1.8430777552031572,-0.25628048732814823,-1.6558389679028398,40.05294327476606,0.28763601065570293,16.291567993051412,0.49423350490089346,52.286637811077064,0.2176738376019321,322.98559667855,0.00045664684147148527,0,86,0.00045664684147148527,SPY
2017-12-08,2017-12-08,232.5043487548828,100.5993194580078,118.4800033569336,0.0088973811485617,0.013103156634046,0.0059081442303252,train,1,R1: Growth / trend,-4.567078527919742,-1.086063410172358,0.2726681170720322,-0.12473030785691319,1.1856891790835298,0.6159792611660411,57.127733450198946,0.21971024036791814,16.147780065801967,0.5588501899880299,56.8678760944545,0.22101475128466605,331.40685888910036,0.0004248183593859562,0,87,0.0004248183593859562,TLT
2017-12-15,2017-12-15,234.57302856445312,101.91748809814452,119.18000030517578,0.0037521032034262,-0.0258369016528688,0.01476759633935,train,1,R1: Growth / trend,-4.443879233545889,-0.11279405746625293,1.1543429530398,-1.2089133453554124,-0.909426737651443,0.8900444334896624,64.58338331801147,0.18151495700720086,16.17991425449112,0.5467689866244884,46.968013148301424,0.27114047494457316,317.1476344052653,0.0005755814237376484,0,88,0.0005755814237376484,GLD
2017-12-22,2017-12-22,235.4531707763672,99.28425598144533,120.94000244140624,-0.0024299027021463,0.0167512129433491,0.0224077975009602,train,1,R1: Growth / trend,-5.881941077259981,-0.8432088505737065,-0.4180926949307061,1.668020658090705,-0.5605784376179923,-0.6860953285353414,85.04678229616209,0.1613617111061906,27.10208578441766,0.6040743471403024,68.704669737625,0.23414513740283963,346.4028185461615,0.0004188043506674638,0,89,0.0004188043506674638,GLD
2017-12-29,2017-12-29,234.88104248046875,100.9473876953125,123.6500015258789,0.0245824055405372,-0.0090653458869282,0.013586739057372,train,1,R1: Growth / trend,-3.821142021353072,2.157979174476256,-0.004089968414340284,-2.126027600324215,-2.3940072054409667,1.0830866494228761,79.66243884541827,0.14426623534415647,19.578711438392865,0.5670451266168923,49.28268673625934,0.28822665493306976,331.79540284670196,0.00046198310588140034,0,90,0.00046198310588140034,SPY
2018-01-05,2018-01-05,240.6549835205078,100.03226470947266,125.33000183105467,0.0164579101693458,-0.0094658637132536,0.0130056429394713,train,1,R1: Growth / trend,-5.691475125766914,-2.1991303190064615,1.3236895873395647,1.3408444148267187,1.4124941544453273,0.9444207749434603,83.55632726852565,0.18555216492681656,34.490489618816184,0.5674280305036403,71.07727751093724,0.24656448993840377,347.37504271703693,0.00045531463113934295,0,91,0.00045531463113934295,SPY
2018-01-12,2018-01-12,244.61566162109375,99.08537292480467,126.95999908447266,0.0089595045440333,-0.0117253616181568,-0.0042533153703635,train,1,R1: Growth / trend,-5.342870164040697,-0.44142692370708925,-0.4812630265868465,0.9456026539148357,-0.694097030300808,-0.631325469700791,74.01725043534412,0.17274436342095,19.886342789276288,0.5928722774611886,60.70529616873733,0.23394239527168503,336.1021914060575,0.0004409638461764135,0,92,0.0004409638461764135,SPY
2018-01-19,2018-01-19,246.8072967529297,97.9235610961914,126.41999816894533,0.0220034754141373,0.0043068048810455,0.0130518049293781,train,1,R1: Growth / trend,-5.659249786300032,-0.7194919345381106,-0.8403469508196881,2.5776311883835596,-0.784215191783528,-0.16453893895042848,92.75478695162178,0.13971470335373873,27.32228487491497,0.6203180740394353,69.1124670683929,0.2394159811425736,335.7265695328498,0.0005512414642523776,0,93,0.0005512414642523776,SPY
2018-01-26,2018-01-26,252.2379150390625,98.34529876708984,128.07000732421875,-0.0388372179121176,-0.0304312966750618,-0.0131178873935506,train,1,R1: Growth / trend,-6.035211086974723,-0.9383139066292132,-0.5578077806760373,3.0108271505885584,0.22593794514496923,1.296844445715692,106.59646234714943,0.11824373189304091,32.70081051964331,0.6366235120634252,74.67160980881236,0.24470024054286738,352.8911751987366,0.0004325155006664647,0,94,0.0004325155006664647,GLD
2018-02-02,2018-02-02,242.4416961669922,95.35252380371094,126.38999938964844,-0.0506444250581499,-0.0137145438574957,-0.0128174915294343,train,1,R1: Growth / trend,1.4660099074390138,9.911484035659575,-8.513583425402267,7.764330673837713,-5.5094951784831325,-5.69111337168648,369.7244540179348,0.06932790205766746,280.5198836334558,0.5290236667689568,292.68840425700114,0.400943237198465,571.1244276447626,0.0007051939749107419,0,95,0.0007051939749107419,GLD
2018-02-09,2018-02-09,230.1633758544922,94.04480743408205,124.7699966430664,0.0443975455560918,0.006528704778536,0.025567063614917,train,1,R1: Growth / trend,4.408539365205478,14.764328863555619,-8.804681501363763,6.280999689361631,-5.01129574329617,-4.494253176429235,478.83592609803304,0.04673207625949763,383.3284953018705,0.411662206429214,371.3055945350387,0.541367874942474,710.6315151438985,0.00023784236881460236,0,96,0.00023784236881460236,SPY
2018-02-16,2018-02-16,240.3820648193359,94.65879821777344,127.95999908447266,0.0058586314980773,-0.0048856632136488,-0.0142231924651917,train,1,R1: Growth / trend,1.4056658517140765,4.897502609254909,-1.5572584803235288,11.549668152194618,6.062332279840671,5.714808877391762,316.2260628641437,0.03871161091402896,214.74954137484346,0.3906823673575301,198.14949426486135,0.5702435755671545,521.2645256489493,0.0003624461612864655,0,97,0.0003624461612864655,SPY
2018-02-23,2018-02-23,241.79037475585935,94.19632720947266,126.13999938964844,-0.0204942908526793,0.0038822335170101,-0.0059457745649993,train,1,R1: Growth / trend,1.3567622220973248,6.479935000239765,-3.6081702268314553,9.468888539367143,2.4824301841381056,2.924486223928665,243.1807946328539,0.047338170452237635,144.5302464649191,0.4479552011988576,139.33179269149525,0.5042741966902763,449.3003698568923,0.00043243165862843206,0,98,0.00043243165862843206,TLT
2018-03-02,2018-03-02,236.8350524902344,94.56201934814452,125.38999938964844,0.0363828311971827,-0.0037173947368142,0.0011962798198346,train,1,R1: Growth / trend,3.0046055101787528,10.788426053556293,-4.969843087537402,6.899415651189475,-0.795340846787078,0.9707921978202106,282.97610332531036,0.04004845100582031,182.3837823930079,0.396114041073467,166.90702204763204,0.5635640969800609,501.87909668025566,0.00027341094065183065,0,99,0.00027341094065183065,SPY
2018-03-09,2018-03-09,245.4517822265625,94.2104949951172,125.54000091552734,-0.0128080269910445,0.0161139643019743,-0.0074876727302141,train,1,R1: Growth / trend,-1.4856070157411247,3.245880944279771,-0.9321208190471297,8.589762507468881,4.272832893594001,4.25320245563256,201.8011127256529,0.053903662717978494,106.28458107783048,0.4749350684932128,106.66020787310259,0.47088828248387604,433.8141686242119,0.00027298630493258257,0,100,0.00027298630493258257,TLT
2018-03-16,2018-03-16,242.3080291748047,95.72859954833984,124.5999984741211,-0.0588984854374703,0.0030046211391911,0.0241573208113292,train,1,R1: Growth / trend,-0.7089505477297355,6.788612927199088,-1.929404140346095,4.663215300036267,-1.2876207427794224,2.698876376072749,165.39107017028465,0.044341350538251834,62.70217173164189,0.4600302904254681,59.46089468713775,0.4952845591141585,378.7080386434293,0.0003437999221215361,0,101,0.0003437999221215361,GLD
2018-03-23,2018-03-23,228.0364532470703,96.01622772216795,127.61000061035156,0.0197634636785455,0.0143961413230424,-0.0142622026966481,train,1,R1: Growth / trend,4.2138470852329295,15.095304008011496,-4.391776095168607,3.31980007432809,-5.546495952351908,-0.5529107592333218,397.0869352484245,0.025503344270808886,290.6255547859808,0.28833582839245875,252.5808256737805,0.6859672181680098,611.3305571727681,0.0001936091687226492,0,102,0.0001936091687226492,SPY
2018-03-30,2018-03-29,232.54324340820312,97.39849090576172,125.79000091552734,-0.013034160076861,-0.0044389821102024,0.0047698423543538,train,1,R1: Growth / trend,4.415123308329445,11.296380812294048,-0.44746228027209667,5.7512038954676665,1.616324444153792,4.429939614978873,286.48513101150024,0.02511936437798603,189.7178641311156,0.22771889106665125,137.57119016102916,0.7470072575659666,509.9715165673256,0.00015448698939607986,0,103,0.00015448698939607986,GLD
2018-04-06,2018-04-06,229.51223754882812,96.96614074707033,126.38999938964844,0.0209068835342445,-0.0016517505818068,0.008386720181285,train,1,R1: Growth / trend,4.2695633349952224,13.220580612496741,-2.549191675943331,4.897416430469744,0.8844786070101157,1.302722804249992,302.4725477014812,0.03248865476107031,211.84439075423916,0.2560845462149624,166.9969121829991,0.7113654575197014,577.7957962811081,6.134150426578944e-05,0,104,6.134150426578944e-05,SPY
2018-04-13,2018-04-13,234.3106231689453,96.80597686767578,127.4499969482422,0.0055063952787552,-0.0201820491272722,-0.0064338934049347,train,1,R1: Growth / trend,0.05654700441703864,7.049379971261233,0.7561108832268357,6.738211805769116,3.858493586004874,4.083848466127467,207.3421307914943,0.03469248269864995,110.7086066202071,0.3135469488024362,78.59405593278251,0.6516819192354922,474.63640681006234,7.864926342165534e-05,0,105,7.864926342165534e-05,SPY
2018-04-20,2018-04-20,235.600830078125,94.85223388671876,126.62999725341795,-0.000187495919778,0.0036300906207549,-0.0089236142930378,train,2,R2: Transition / mixed,-1.1293942023923993,6.599017984834546,-1.3463671560852615,7.866364246359212,1.4042395982054656,0.7045660294111613,190.59435690782865,0.04257892637138463,93.39953680341384,0.3897761148701921,76.90743357686884,0.5675234927197181,447.8013597584275,0.0001214660387051563,1,1,0.0001214660387051563,TLT
2018-04-27,2018-04-27,235.55665588378903,95.1965560913086,125.5,-0.0020257243412297,0.0030473801739003,-0.0076493950953996,train,2,R2: Transition / mixed,-1.814697417216342,6.686011293841998,-0.5699074487218344,5.4601057580147225,0.7567501729282945,1.5501151447181267,160.7410766317345,0.04290240943742756,62.54062385912992,0.40183861636169943,48.35284830275478,0.5551647293844789,429.41839753116403,9.424481639411373e-05,0,2,9.424481639411373e-05,TLT
2018-05-04,2018-05-04,235.07948303222656,95.48665618896484,124.54000091552734,0.025674455472999,0.0020176376301401,0.0036935850416819,train,2,R2: Transition / mixed,-2.340174922366483,6.771198438333872,-0.8543528950559804,5.007068428886166,-1.4750014842522097,1.3076115540237292,167.46819375505646,0.03747837060929014,60.99948044830309,0.42379392615503153,50.478231002630665,0.5385788072262722,410.13649237399466,0.0001488960094061771,0,3,0.0001488960094061771,SPY
2018-05-11,2018-05-11,241.11502075195312,95.67931365966795,125.0,-0.0055704716589605,-0.01694243282309,-0.020719970703125,train,2,R2: Transition / mixed,-5.345806493617664,2.252634150153995,1.4817956260346075,4.156913511741055,-0.02893755643824697,1.8979979933033562,132.65046529297135,0.05733598444347305,38.23717721845044,0.4926381357324113,42.225125766654166,0.4498547311179353,387.8677069347581,0.00017114870618059185,0,4,0.00017114870618059185,SPY
2018-05-18,2018-05-18,239.7718963623047,94.05827331542967,122.41000366210938,0.0030222052858237,0.0205615389369884,0.0065353761819297,train,2,R2: Transition / mixed,-4.291546899694855,3.2293356818933705,-1.6786747281690222,3.7495062954944354,-1.016490665506947,-1.6858093063409751,109.8289291291835,0.09823416072541091,33.98692272055958,0.5528710073500861,54.21853747397438,0.34870440264075236,383.9950319480739,0.0001904292837507281,0,5,0.0001904292837507281,TLT
2018-05-25,2018-05-25,240.4965362548828,95.99225616455078,123.20999908447266,0.0053280905789991,0.0080210480184346,-0.0058436914702799,train,2,R2: Transition / mixed,-3.471926340486041,3.874010543572895,0.7496629071771312,0.4719581045469121,-1.863590902112616,1.8815140771765773,101.14121905198772,0.07862880371791198,20.104082826230417,0.49812945350586274,27.284190359368356,0.4229646646032811,349.07362376437266,0.00027707817294413725,0,6,0.00027707817294413725,TLT
2018-06-01,2018-06-01,241.7779235839844,96.76221466064452,122.48999786376952,0.0167759134998843,-0.0064006285039039,0.0042452794638734,train,1,R1: Growth / trend,-2.156783180721267,4.01862604970874,0.04335163799466146,0.8332199359544195,1.504292263270993,0.33337304897101955,68.55787957367646,0.1348687777208321,13.808432761540072,0.4694489226602348,21.32671474537292,0.39555274366393156,373.54399196637337,0.00012955595500150182,1,1,0.00012955595500150182,SPY
2018-06-08,2018-06-08,245.83396911621097,96.14287567138672,123.01000213623048,0.0006632745690435,0.0071116146082268,-0.0135761789231607,train,1,R1: Growth / trend,-4.647706520796957,1.116492221829382,1.2361858219394528,2.156783128020969,2.6729434361145876,0.43543484338206173,81.69100632291457,0.13788781794701865,24.70189282386376,0.5050815556811443,39.94316347962549,0.3569178787733273,393.7487154900492,0.00011274759850962478,0,2,0.00011274759850962478,TLT
2018-06-15,2018-06-15,245.9970245361328,96.82660675048828,121.33999633789062,-0.0086245455725685,0.0012459758714207,-0.0082413056715061,train,1,R1: Growth / trend,-3.6701444669141563,2.5879835793275325,0.2974559741556609,0.42983838377527217,1.700712709303148,-1.1714891094767332,60.7728338319948,0.17367695638186625,15.365798180611481,0.488638536965665,31.598111558251695,0.3375898552743432,390.63944195594763,9.465137812556637e-05,0,3,9.465137812556637e-05,TLT
2018-06-22,2018-06-22,243.8754119873047,96.94725036621094,120.33999633789062,-0.0125933678328939,0.0098730077035853,-0.0140435006102754,train,1,R1: Growth / trend,-2.7531552737468195,3.2372013978772043,-0.519403926425376,0.3281062981627241,0.358634267717447,0.13442397556787913,63.484088227994555,0.14610746259829066,8.080220936340043,0.5162071210719464,26.73549036731686,0.33748428959413485,352.67724370865915,0.00020112673562797928,0,4,0.00020112673562797928,TLT
2018-06-29,2018-06-29,240.80419921875,97.90441131591795,118.6500015258789,0.0152609942473846,0.0107451946136563,0.0017699037654614,train,1,R1: Growth / trend,-0.9047114931911309,5.805649548682846,-1.2712739334402698,-0.6939653547737916,-1.311164490057672,-0.7941872890040499,83.45300982567495,0.14037179344327738,30.200569479150925,0.4722215228075098,38.91608883784952,0.38718335048461133,366.29102115527553,0.00022333326460141617,0,5,0.00022333326460141617,SPY
2018-07-06,2018-07-06,244.47911071777344,98.95641326904295,118.86000061035156,0.0151405086310649,-0.0002440939630687,-0.0105165740668112,train,1,R1: Growth / trend,-1.8399196411253622,1.2820059522338756,2.7860385710465008,1.3112572643918623,0.7125106383752621,2.946993814912854,72.88426153881454,0.12398504746687461,18.180232078355846,0.43111872892620234,16.88089822395295,0.4440707465080712,292.8884003386521,0.0008254770988518083,0,6,0.0008254770988518083,SPY
2018-07-13,2018-07-13,248.18064880371097,98.93225860595705,117.61000061035156,0.0003217383931781,-0.0159716991630223,-0.0089278381626449,train,1,R1: Growth / trend,-2.600587183340484,0.09455009660577351,2.4267381187505705,0.976769526145201,0.24725003453672212,1.1311090182738675,54.2955005510161,0.1716019927934394,11.514049762355937,0.4547691353549388,20.25346799387781,0.3726708543175131,282.0302414143847,0.0009580175341086055,0,7,0.0009580175341086055,SPY
2018-07-20,2018-07-20,248.260498046875,97.35214233398438,116.55999755859376,0.0062213275968039,-0.0107644586971615,-0.0062628323852883,train,1,R1: Growth / trend,-2.795434818594744,0.07198187994146932,0.9003518016300254,1.3072096305701197,-0.6274177594707373,-1.5488813605310683,44.70081078170785,0.2179536981481892,10.89244144214138,0.4708206913060099,29.20007313627459,0.3102591141264495,282.5444790290921,0.00096649641935143,0,8,0.00096649641935143,SPY
2018-07-27,2018-07-27,249.8050079345703,96.30419921875,115.83000183105467,0.007746642721395,0.0002214250041829,-0.0078563726817223,train,1,R1: Growth / trend,-3.026328727130772,0.10134770141922189,0.6067969886725495,2.2079734126913335,-0.5765934428620803,-1.1952576618600155,53.76504148521248,0.1893947505315546,11.953005292990138,0.49095925825745085,30.924453139156007,0.318674149622218,285.2014744386004,0.0009718415887762976,0,9,0.0009718415887762976,SPY
2018-08-03,2018-08-03,251.7401580810547,96.32552337646484,114.91999816894533,-0.0015516385791939,0.0120785747726896,-0.0020013551270768,train,1,R1: Growth / trend,-3.966001997246297,-0.22868415807980336,0.6712713737742177,0.6910645246304206,0.4641148286588308,-0.5680645624769133,51.22805537687687,0.20762041273404108,11.170736153227645,0.5171146587831644,38.923788750058215,0.2747927655418111,318.3846112201178,0.0004721629409834335,0,10,0.0004721629409834335,TLT
2018-08-10,2018-08-10,251.34954833984375,97.48899841308594,114.69000244140624,0.0067100546828389,0.0026518072592764,-0.0223210840831236,train,1,R1: Growth / trend,-2.5963923073060373,1.9908448205099218,0.5022725056970745,-1.77813852559047,-1.7804719384488763,-0.6546836218328353,52.1447931358165,0.20122902323031905,12.936697494011543,0.4915926927196154,33.66025191983219,0.3065998294295898,309.01638060186343,0.0005784546204757267,0,11,0.0005784546204757267,SPY
2018-08-17,2018-08-17,253.03611755371097,97.74752044677734,112.12999725341795,0.0085945977727155,0.0108288636175424,0.0181040440418769,train,1,R1: Growth / trend,-2.7143509234903194,0.759287763588337,1.064368525334598,-0.3001058574549032,0.3685269582789591,-0.839667711260092,37.930024317543406,0.2305439035294014,7.070534305654265,0.46566059428352563,25.88810311590027,0.3033145954896564,308.8783368575579,0.00048090669741653443,0,12,0.00048090669741653443,GLD
2018-08-24,2018-08-24,255.2108612060547,98.80601501464844,114.16000366210938,0.0097387228925127,-0.0105489262280915,-0.0056937763229473,train,1,R1: Growth / trend,-2.9116641651983617,0.5486264255277342,2.8238728776969375,-2.5457352033789946,0.7737675390983559,0.8533534624640845,50.50036736794151,0.23340344440758334,22.362379194114737,0.44309542747216774,36.224013606075765,0.32311255075850415,331.3475578339742,0.00038857736174471424,0,13,0.00038857736174471424,SPY
2018-08-31,2018-08-31,257.6962890625,97.7637176513672,113.51000213623048,-0.0093349369602206,-0.0132362932479149,-0.002466732217667,train,1,R1: Growth / trend,-2.6909176500417145,0.5720860063682593,1.464106012665713,-0.7491698927093892,0.06983505996010081,-1.1662528320480825,36.42598865017125,0.24699330708277192,10.17136125423587,0.4492020258615485,27.415528017157527,0.3032720324493437,305.915094837599,0.0005326346063357396,0,14,0.0005326346063357396,GLD
2018-09-07,2018-09-07,255.29071044921875,96.46968841552734,113.2300033569336,0.0114048805515503,-0.0048687667934018,-0.0018546914037014,train,1,R1: Growth / trend,-2.4072814972926126,0.7817442309955145,1.1612923342170547,1.3971616658358392,-2.0468818965505475,-2.0775961406169894,53.3954106565805,0.1945921595400146,16.68887723740174,0.449045475682186,26.999288526598953,0.35504366776941804,272.62290031101617,0.0013186970083812555,0,15,0.0013186970083812555,SPY
2018-09-14,2018-09-14,258.2022705078125,96.0,113.0199966430664,0.008359993627059,-0.0122307936350504,0.0041585669320751,train,1,R1: Growth / trend,-4.02229874323185,-1.619657099148234,1.9934544540579364,1.3676898641807804,0.4683262113869052,-0.038658972953389714,58.63284296836872,0.21048175356376883,21.253765754810264,0.4932117513391791,43.75718986374109,0.29538628961571806,297.09969748852313,0.0009202054813340355,0,16,0.0009202054813340355,SPY
2018-09-21,2018-09-21,260.36083984375,94.82584381103516,113.48999786376952,-0.0043494089670472,0.0014515231418616,-0.0064322472577301,train,1,R1: Growth / trend,-4.33133689264637,-1.2755153467308458,0.440325129849321,1.8501296598567414,-0.2681150380808349,-0.9003772509213231,61.48213440261892,0.20406322831731083,19.0336423646759,0.5367093978153819,51.12914952832351,0.25834170336098855,300.2686791821057,0.0008856705063187728,0,17,0.0008856705063187728,TLT
2018-09-28,2018-09-28,259.2284240722656,94.96348571777344,112.76000213623048,-0.009975045903788,-0.0339204762829823,0.0092231367135915,train,1,R1: Growth / trend,-4.131167831103166,0.6082329466675791,0.7338684057767446,0.3954148765684029,-2.013786239321436,-0.9055695694046825,66.22705475410935,0.16547384681467486,15.6038924558651,0.5243024560044786,38.73763692227304,0.309529882490351,306.529032307482,0.0006938146904955497,0,18,0.0006938146904955497,GLD
2018-10-05,2018-10-05,256.6426086425781,91.74227905273438,113.8000030517578,-0.0412412385035551,0.0126502264811083,0.0125659074413682,train,1,R1: Growth / trend,-2.934394523525774,2.553445535045837,-2.873509867053487,3.362048592409703,-0.4594938341233163,-4.255199605917358,89.61639263293822,0.19158297272642041,44.68113195180824,0.533254836519124,73.77068039985947,0.27487187394949064,374.59295748982026,0.000290316804965013,0,19,0.000290316804965013,TLT
2018-10-12,2018-10-12,246.058349609375,92.90283966064452,115.2300033569336,0.0010873960043853,-0.0066390949268867,0.0067690597637213,train,1,R1: Growth / trend,3.7791229434980873,10.369001154991164,-3.3514357787517577,1.2369711342761427,-1.8760037639322786,-1.5617293602426634,189.21868278746183,0.1066248456959527,134.7123963439645,0.3690877019817645,119.33146803063116,0.523967702558616,444.2332236076697,0.0003197497636667933,0,20,0.0003197497636667933,GLD
2018-10-19,2018-10-19,246.3259124755859,92.28604888916016,116.01000213623048,-0.0395297343187215,0.0112565048767303,0.0065511119113976,train,1,R1: Growth / trend,1.3057442300688553,6.284266255376288,-0.9242921128441999,4.199408266104112,1.5206051698056933,1.1630371333790808,119.3611612774114,0.08905362620997247,54.983699685743474,0.3859985131951542,41.513653484018235,0.5246320273107193,367.012010153549,0.00031583328415397705,0,21,0.00031583328415397705,TLT
2018-10-26,2018-10-26,236.58871459960935,93.32486724853516,116.7699966430664,0.024724093616298,-0.0236381991676609,-0.0010276194282533,train,1,R1: Growth / trend,6.31878049065797,12.732467675342832,-2.3932933239337792,-0.09746698071397264,-2.2661720816005255,-0.15597643790777854,263.17487573445493,0.08261579165162153,210.07760174848585,0.27694518667097406,173.3026579247146,0.6400820431151873,502.15632777584403,0.0003569785622170858,0,22,0.0003569785622170858,SPY
2018-11-02,2018-11-02,242.4381561279297,91.11883544921876,116.6500015258789,0.0215894877447591,0.0120538773426861,-0.0186026415821682,train,1,R1: Growth / trend,2.944331747250732,4.249266418267595,0.3184418897667991,6.734041443622025,4.049990818538876,0.50285192724977,128.4539024839447,0.12917663944273347,89.24608518208099,0.31557023107042764,64.49966971840094,0.5545372042713989,356.5087905625766,0.0007159252154398595,0,23,0.0007159252154398595,SPY
2018-11-09,2018-11-09,247.6722717285156,92.21717071533205,114.4800033569336,-0.0145088701255894,0.0119097327735402,0.0099580656553099,train,1,R1: Growth / trend,0.6967200243215275,2.8758425458280477,1.4217360346133687,3.5533655289247426,1.194204513476334,0.7210157488882659,66.89587846500763,0.1395085498566154,24.401570912711385,0.36730645291271413,11.55822721192694,0.4921497770908691,282.1398194105336,0.0010352201398015535,0,24,0.0010352201398015535,TLT
2018-11-16,2018-11-16,244.07882690429688,93.3154525756836,115.62000274658205,-0.0382858786130239,0.0038363040666278,0.001297300578803,train,1,R1: Growth / trend,3.2128632143805596,5.538953719337231,1.4803526940125362,0.022979233397639742,-1.1719506649460998,1.0136940628600393,82.69327684230198,0.14519867664265956,48.709230573685666,0.31491406560031704,25.17854739927771,0.5382680193077957,280.0555857660985,0.0016192384492277564,0,25,0.0016192384492277564,TLT
2018-11-23,2018-11-23,234.7340545654297,93.6734390258789,115.7699966430664,0.0471033600803352,0.0016499476908427,-0.0019866609156788,train,1,R1: Growth / trend,3.794236517321354,5.440784677320874,2.538807680320025,1.2753756215826926,-0.6661093887025018,1.1205988731819483,91.72078093559004,0.12503174344663248,58.921816811409215,0.2639518985568421,22.21233318418202,0.6091425906432787,276.11052338776767,0.0018737673532467235,0,26,0.0018737673532467235,SPY
2018-11-30,2018-11-30,245.7908172607422,93.82799530029295,115.54000091552734,-0.0438236626472305,0.0290884300927054,0.0220702388969826,train,1,R1: Growth / trend,2.485225811489237,1.580684111983253,4.029137719805086,1.6812397897020481,2.2542591528539213,1.3456165771233577,55.96537519670299,0.21162077538764995,43.83617564851415,0.27897255345379424,17.591930142095844,0.5072420895899526,257.12124303032317,0.002164581568603169,0,27,0.002164581568603169,TLT
2018-12-07,2018-12-07,235.0193634033203,96.55730438232422,118.08999633789062,-0.0117617391612603,0.0005912629773847,-0.008722150997022,train,1,R1: Growth / trend,8.996738125943407,8.131134567265068,3.3055552277230307,-3.4665760691733105,-2.3448947729726894,1.0275936370263676,190.35369363098908,0.1921823961268847,195.1307808075736,0.1723654961263162,138.25265476952885,0.6297785473612297,344.9825343015586,0.005673560385569349,0,28,0.005673560385569349,TLT
2018-12-14,2018-12-14,232.255126953125,96.61439514160156,117.05999755859376,-0.0705046267437667,0.0213227177887338,0.0141807935821838,train,1,R1: Growth / trend,5.744794266274377,3.897307275811523,4.5032884482316105,-0.02006828428029761,0.5053195222416007,-0.173834473221693,77.68991878785177,0.23565180378726608,86.46602071159269,0.1929488864023801,39.106939849076134,0.5675456826379921,258.2485986740309,0.0038536271723616116,0,29,0.0038536271723616116,TLT
2018-12-21,2018-12-21,215.88006591796875,98.67447662353516,118.72000122070312,0.0292897554664586,0.0027339936309391,0.019710211538328,train,1,R1: Growth / trend,9.788722296960414,10.308994526586668,1.5742576522962033,-4.10531179498766,-4.675536132144941,-2.6607115512906527,257.2279473400922,0.22190504796959235,270.7760898017861,0.16297663621339625,212.80412645898383,0.6104990936180984,427.1937959116175,0.00461922219891303,0,30,0.00461922219891303,SPY
2018-12-28,2018-12-28,222.20314025878903,98.94425201416016,121.05999755859376,0.0187284911282934,0.0087565400123881,0.0031389797660332,train,1,R1: Growth / trend,9.259998570132256,6.216653698919416,4.829417772132087,-1.5949206678476684,0.6258835542986084,0.9944759371775896,154.2208038182855,0.22742656306026662,174.88357659935951,0.1420394677914749,109.83658439045082,0.6251255120927718,318.34149056326976,0.005408457055486709,0,31,0.005408457055486709,SPY
2019-01-04,2019-01-04,226.3646697998047,99.81066131591795,121.44000244140624,0.026110285550388,-0.0096634535160757,0.0029644318438255,train,1,R1: Growth / trend,7.882342258422897,0.33942832418793834,7.934736405950132,0.32298344403961976,3.9662282841579684,1.910485610206932,130.6360488222991,0.3490814735677584,175.10020996878586,0.12676805957911186,113.93249021067358,0.5107254587410457,273.6569788063829,0.013425008112084016,0,32,0.013425008112084016,SPY
2019-01-11,2019-01-11,232.27511596679688,98.8461456298828,121.8000030517578,0.0288824705620971,-0.0113289927833994,-0.0064039933427582,train,1,R1: Growth / trend,4.455527174937734,-2.861012148920188,8.19729361651322,0.5442022706360294,2.7159796977634443,-0.10261921824152748,85.84501351734278,0.43780573284860314,131.960096288698,0.15311956721674344,90.56106850148957,0.3932076972844496,231.47105539498193,0.015867002650203896,0,33,0.015867002650203896,SPY
2019-01-18,2019-01-18,238.9837951660156,97.726318359375,121.0199966430664,-0.0025520299332614,0.0081131631804181,0.0152041316999207,train,1,R1: Growth / trend,2.9773033817861987,-2.9888808973489214,5.928109455391292,0.860831990013021,1.5553932436648759,-2.87048849731615,44.87070762368435,0.5109074012780891,90.55196110617244,0.18046111574908127,68.56792559840173,0.297774855886593,213.93183742038585,0.010856627086236697,0,34,0.010856627086236697,GLD
2019-01-25,2019-01-25,238.3739013671875,98.5191879272461,122.86000061035156,0.0161038817386067,0.0058349241588411,0.013348521744271,train,1,R1: Growth / trend,3.0835878882509866,-2.449507945628195,6.306838737784239,-1.3567176316263643,0.4538774374369612,-1.8763292879268496,42.79261211888023,0.5034683010764968,86.75524837114972,0.18493415715863246,65.58954987831491,0.2995194996986244,206.53000524442757,0.012078042066246441,0,35,0.012078042066246441,SPY
2019-02-01,2019-02-01,242.212646484375,99.0940399169922,124.5,0.0015179245501726,0.0114919758733409,-0.0023293246227096,train,1,R1: Growth / trend,3.4885155036737436,-5.366628957148814,7.414719682937609,-0.3904765772930038,-1.895189980437697,-1.636616609000575,83.47745750734391,0.4932506788010931,134.40956716035652,0.15458185590504844,114.65485011042136,0.2424412974109767,149.45425890614268,0.10972616788288166,0,36,0.10972616788288166,TLT
2019-02-08,2019-02-08,242.5803070068359,100.23282623291016,124.20999908447266,0.0255111684721538,-0.0030241936251176,0.0047500521023584,train,0,R0: Calm / risk-on,4.460369503317807,-4.587437187107183,7.676488242570919,-1.6806036331967107,-3.5272553799831923,-0.9134405558620656,99.82491260917196,0.4295066810153761,149.34893715878934,0.13899269654056545,124.91526310593835,0.24251156727916887,135.86115191091284,0.1889890551648897,1,1,0.1889890551648897,SPY
2019-02-15,2019-02-15,248.7688140869141,99.92970275878906,124.8000030517578,0.0063814023566866,-0.0033612037759087,0.0056089497686302,train,0,R0: Calm / risk-on,2.9644239374973327,-6.095976321715463,7.192500260081347,-0.5351223627154651,-1.3282421186953628,-2.0855336996464144,79.99917045245259,0.5534493366220848,136.37453647443147,0.15321966915665222,123.67404097635597,0.20463030495659462,160.3682402973192,0.08870068926466838,0,2,0.08870068926466838,SPY
2019-02-22,2019-02-22,250.35630798339844,99.59381866455078,125.5,0.0045855665548935,-0.0218748929922496,-0.0288446433990601,train,0,R0: Calm / risk-on,2.3874854638447696,-6.136075856148025,7.254033607139115,-0.35322884177890695,-0.776727627909304,-1.1922421522670081,79.39297085763205,0.5277633854232743,127.70249631995404,0.1755808935850874,116.65046135074289,0.22585163677627634,167.56799187562,0.07080408421536191,0,3,0.07080408421536191,SPY
2019-03-01,2019-03-01,251.50433349609375,97.41521453857422,121.87999725341795,-0.0212535798383117,0.024523732678634,0.0078765926001507,train,0,R0: Calm / risk-on,0.9614845184995344,-5.3255004605699785,2.7792586683369027,1.2261414529886894,0.1440361067802518,-7.065720015659614,54.400832548122324,0.6930143626997234,114.97537703159294,0.17435455361949598,130.83836355827938,0.1214755828220295,235.65208035729142,0.01115550085875109,0,4,0.01115550085875109,TLT
2019-03-08,2019-03-08,246.15896606445312,99.80419921875,122.83999633789062,0.0294721624490135,0.0014810187427531,0.0010583269837853,train,0,R0: Calm / risk-on,3.111481810124585,-1.4108413684292616,3.9992816989026814,-3.356538934662071,-4.4182608580282965,-2.660535933172829,55.823623001851736,0.4878078253053721,89.25634568876481,0.2277581968127584,85.6048329802035,0.24751478267289803,169.12721313422753,0.03691919520897155,0,5,0.03691919520897155,SPY
2019-03-15,2019-03-15,253.4138031005859,99.95201110839844,122.97000122070312,-0.0073224349123751,0.0255438744331502,0.0081320646505096,train,0,R0: Calm / risk-on,1.5706128633261796,-5.292272889914921,5.3388493726603,-0.46604013525563337,0.5995416454138242,-0.8697491543056067,44.98760151108317,0.5448889425048333,83.94607150998266,0.2243173816766863,87.73245839610227,0.2057791601764632,180.2363110721157,0.02501451564201709,0,6,0.02501451564201709,TLT
2019-03-22,2019-03-22,251.5581970214844,102.5051727294922,123.97000122070312,0.0115663372056415,0.0126541078532054,-0.0158102691390901,train,0,R0: Calm / risk-on,4.712790401517829,-0.29887860552913326,3.746482311490579,-4.55933089006571,-3.0473551839314323,-1.783260271673126,52.74336325135434,0.5347985536117992,95.22859260464824,0.20316659760025618,88.72898380683966,0.23559049407030647,184.73156274566492,0.02644435471763822,0,7,0.02644435471763822,TLT
2019-03-29,2019-03-29,254.46780395507812,103.80228424072266,122.01000213623048,0.0215589295837415,-0.0168990310073673,-0.0002458714758761,train,0,R0: Calm / risk-on,2.399572888658212,-3.209989632067216,5.516835597680702,-2.832425408731285,0.45242585449594663,-1.6106534004156434,34.71207784112894,0.5776527449402398,82.28686734490981,0.19542230332704436,77.86313642299739,0.21614310303822795,209.4663349079375,0.010781848694487993,0,8,0.010781848694487993,SPY
2019-04-05,2019-04-05,259.953857421875,102.04812622070312,121.9800033569336,0.0055102223858463,-0.010964923429527,-0.0012297222639024,train,0,R0: Calm / risk-on,-0.6078457996534024,-3.8344769085358634,4.21355717317133,-1.0518109159120765,1.5159806074534132,-2.392061399054739,29.096615888826967,0.5226783123760254,58.37181411035745,0.26828303411863325,70.02117104574516,0.20574887643736353,251.5673367671774,0.0032897770679778298,0,9,0.0032897770679778298,SPY
2019-04-12,2019-04-12,261.3862609863281,100.9291763305664,121.83000183105467,-0.0004826560795226,0.0018748976206723,-0.0119839043136291,train,0,R0: Calm / risk-on,-1.2386091337512988,-3.261798763105606,3.493609876620221,-1.1373551161033346,0.9015861444169454,-2.696768972033953,26.006006211294192,0.48751463811614465,47.139314533537565,0.3012313381561139,63.23445365538378,0.20876562507574722,257.67442880190066,0.0024883986519942105,0,10,0.0024883986519942105,TLT
2019-04-19,2019-04-18,261.2601013183594,101.118408203125,120.37000274658205,0.0116892114223958,0.0074044469688372,0.008307717680337,train,0,R0: Calm / risk-on,-1.5359209094798754,-2.7216324951129476,2.4484472546691114,-1.3392129420602008,0.10263263283806279,-3.1118710665343894,22.725349464164054,0.47165405029376584,38.429544980643385,0.3297997352738232,61.20652105635077,0.19629117197049753,257.2643886642329,0.0022550424619134615,0,11,0.0022550424619134615,SPY
2019-04-26,2019-04-26,264.31402587890625,101.86713409423828,121.37000274658205,0.0021130251995082,0.0008851904470132,-0.0059322831375927,train,0,R0: Calm / risk-on,-1.6043166515339764,-1.9066466849078387,3.1177990850224337,-2.6792356265012502,-1.0430180060566063,-2.018669325016295,30.93068356319464,0.4115425212131953,37.860525654718245,0.3514411740483133,55.600455745475934,0.23460558247107932,256.5548646635043,0.002410722267412067,0,12,0.002410722267412067,SPY
2019-05-03,2019-05-03,264.8725280761719,101.95730590820312,120.6500015258789,-0.0201680011954822,0.0088142188853006,0.0064649711515301,train,0,R0: Calm / risk-on,-1.3247561643254118,-1.2287241161712845,2.084764318159007,-2.1986483410225404,0.03569611606880224,-2.7295795610178963,19.119037202158523,0.43305641665624106,28.76997586891398,0.3475846401168168,49.24566383388057,0.2180114953252881,272.51480857602775,0.0013474479016540438,0,13,0.0013474479016540438,TLT
2019-05-10,2019-05-10,259.53057861328125,102.8559799194336,121.43000030517578,-0.0078447392130426,0.0099397405592935,-0.0064234437728452,train,0,R0: Calm / risk-on,1.4588065209506271,2.7111190666600424,1.1164821902515798,-3.4231196259796306,-2.532288917806056,-2.4054707764210037,42.98179530029987,0.34763879223569805,43.70909111384093,0.341926337948388,48.24698541461053,0.30834420985751976,267.45143821299934,0.002090659958394186,0,14,0.002090659958394186,TLT
2019-05-17,2019-05-17,257.49462890625,103.87834167480467,120.6500015258789,-0.0107051378688496,0.0142074402913967,0.005387497038195,train,0,R0: Calm / risk-on,2.431328698537052,2.2440898775065476,1.816504887138749,-3.6434946805104804,0.6103116013288999,-1.585707454135755,25.763015432531276,0.4271814099431361,42.91154197016901,0.28903420427737886,43.910107498871625,0.28253333118564916,281.8173952636683,0.0012510545938360308,0,15,0.0012510545938360308,TLT
2019-05-24,2019-05-24,254.7381134033203,105.35418701171876,121.3000030517578,-0.0265577614494627,0.0316952355075506,0.0167353563744816,train,0,R0: Calm / risk-on,1.6526659038147162,1.1634890373185316,2.370058704596918,-4.098491282042591,1.2082718180028191,-0.5640466670784796,23.722780545403786,0.4364198102109825,39.97004717182465,0.301410366361148,46.29614214943865,0.2609572881401767,282.0891254306317,0.0012125352876929658,0,16,0.0012125352876929658,TLT
2019-05-31,2019-05-31,247.97283935546875,108.69341278076172,123.33000183105467,0.0449738073888688,0.0013682502351604,0.026433101908988,train,0,R0: Calm / risk-on,4.206206671942136,3.788916060859829,1.9767413855603855,-7.013059862493343,-0.8295675106605861,-0.378783522125387,77.46551552370757,0.4548065004055513,101.2222070698906,0.26471836761083245,98.97581059318442,0.2786181115074731,318.93227969777854,0.0018570204761431835,0,17,0.0018570204761431835,SPY
2019-06-07,2019-06-07,259.1251220703125,108.84213256835938,126.58999633789062,0.0055970949045884,-0.0021253097190301,-0.0002369759077707,train,0,R0: Calm / risk-on,2.138548721675605,-0.5075123621041645,3.4794984753604714,-5.000747437303197,5.040523590708898,1.138851218012648,47.68862192060415,0.5599332753284519,84.14766615906555,0.24401688799819501,93.91885743810938,0.1953197835755412,339.26502474725953,0.0007300530978118822,0,18,0.0007300530978118822,SPY
2019-06-14,2019-06-14,260.5754699707031,108.61080932617188,126.55999755859376,0.0213302349102662,-0.0002281566042204,0.0428255236528112,train,0,R0: Calm / risk-on,1.1724784836533328,-1.34336086966777,1.959991855218564,-5.127356899177237,3.308164817523444,-1.3864481892480351,19.169594645980062,0.6319925810026972,62.126365758131094,0.23752468508683672,88.71540137592876,0.1296115430563951,308.30170941808115,0.0008711908540710129,0,19,0.0008711908540710129,GLD
2019-06-21,2019-06-21,266.13360595703125,108.58602905273438,131.97999572753906,-0.0034013457229069,0.010499776990664,0.0092438343703367,train,0,R0: Calm / risk-on,1.1244413902271027,-2.70409015494691,2.3186065778691676,-4.6463096108807616,4.29874614709942,-0.5874211728365207,24.588420240204307,0.6594370871180162,71.55944738937188,0.22617996057904213,101.93171395042211,0.11322927891556214,303.25855063803334,0.0011536733873795683,0,20,0.0011536733873795683,TLT
2019-06-28,2019-06-28,265.2283935546875,109.72615814208984,133.1999969482422,0.0186349011000339,-0.0009055051836573,-0.0079579398114073,train,0,R0: Calm / risk-on,0.42522713423917247,-1.5391138693368882,2.1021665384356223,-5.446449121865338,1.9378352667676952,-0.7192470124545108,22.542477171339204,0.577292437313159,54.48766999112429,0.2788292678875012,83.92102004995874,0.1426042188486046,291.0152586349951,0.0012740759507351138,0,21,0.0012740759507351138,SPY
2019-07-05,2019-07-05,270.1708984375,109.62680053710938,132.13999938964844,0.0073370940340857,-0.0166878650740163,0.0105191417895325,train,0,R0: Calm / risk-on,0.6623913047906127,-3.4755549675876067,2.0213751430295877,-2.1338679836818977,3.6179446204676022,-2.5715432247318195,12.441192810490634,0.653267017819249,58.8836136394297,0.2267782410209482,87.48176615474543,0.11821120036874419,272.57113222729026,0.0017435407910585778,0,22,0.0017435407910585778,GLD
2019-07-12,2019-07-12,272.1531677246094,107.79736328125,133.52999877929688,-0.011574678610415,0.011288453655178,0.0070396349134993,train,0,R0: Calm / risk-on,0.03949661539294547,-4.133401808749195,0.6280485287938269,-2.6177039031723606,2.741557459487826,-2.6000820679901837,11.031499241887222,0.6664590427631819,54.82288644819121,0.24576088326295234,101.14957663715498,0.08553983706944425,261.03593734953745,0.002240236904421578,0,23,0.002240236904421578,TLT
2019-07-19,2019-07-19,269.0030822753906,109.01422882080078,134.47000122070312,0.0162871242367714,-0.0016706193202983,-0.0061723940174018,train,0,R0: Calm / risk-on,1.224791749746517,-1.4529803178230887,-0.571396852659259,-4.457253993884571,0.37890604264606786,-3.663004488497652,11.036627183070781,0.6552639244165487,53.435624609906114,0.24942012845504383,96.67364258321376,0.09314202708636904,261.61649712267877,0.002173920042038406,0,24,0.002173920042038406,SPY
2019-07-26,2019-07-26,273.3843688964844,108.83210754394533,133.63999938964844,-0.0310916440348509,0.0404026206529311,0.0168362766407965,train,0,R0: Calm / risk-on,-0.8868302190038617,-3.892417509803142,0.9832209360645023,-1.8405466589370982,2.161361021632187,-1.3738148005418531,14.660632121212474,0.5540432857811763,38.36710404052279,0.3228479023893509,81.58997408833989,0.12060408707548223,251.65726956334854,0.0025047247539906276,0,25,0.0025047247539906276,TLT
2019-08-02,2019-08-02,264.8843994140625,113.22920989990234,135.88999938964844,-0.0034175018307016,0.0259325084617603,0.0395172208500029,train,0,R0: Calm / risk-on,5.02367209868229,0.15177544226769024,-4.754081609718739,-10.192806676569134,-0.6732186315601831,-1.3821843234900952,110.58161392554496,0.7805249902946846,173.85326019502037,0.18466876341287855,252.9224139842682,0.030486221385678487,338.6955533315534,0.004320024906758428,0,26,0.004320024906758428,GLD
2019-08-09,2019-08-09,263.9791564941406,116.16552734375,141.25999450683594,-0.0094983057360582,0.0434128409420488,0.0107603308195469,train,0,R0: Calm / risk-on,6.059170495771868,-0.4377597975520193,-2.879184580983187,-7.607304480151187,3.0701130835445856,1.0933341699122847,72.98438770510207,0.7612856380276789,134.68183374488575,0.18669341368288866,194.5614372459373,0.04771947124301728,300.1916393804744,0.004301477046415189,0,27,0.004301477046415189,TLT
2019-08-16,2019-08-16,261.4718017578125,121.20860290527344,142.77999877929688,-0.0138481879123818,-0.0011631483093088,0.0097352528472636,train,0,R0: Calm / risk-on,7.834965033973374,-0.30317912272900904,-3.6094177659124993,-8.527344434353251,4.232210906192571,0.5150915874908712,107.89909955815986,0.8419636249733685,191.67421539102833,0.12486591699702519,254.98197490599958,0.029518429277397965,346.71258770172506,0.003652028752208399,0,28,0.003652028752208399,GLD
2019-08-23,2019-08-23,257.85089111328125,121.06761932373048,144.1699981689453,0.0266809227508497,0.0090431560489834,-0.002913214776164,train,0,R0: Calm / risk-on,8.306681852213998,0.4370432525231256,-3.977538952723629,-6.948951683039423,4.728691066328479,-1.1776979842513917,97.01028506166656,0.8484794115107314,184.3538871920748,0.11600753691851322,239.7213722867446,0.03286204372961684,350.2239009662062,0.0026510078411385142,0,29,0.0026510078411385142,SPY
2019-08-30,2019-08-30,264.7305908203125,122.1624526977539,143.75,0.0191482302772247,-0.0083654356645923,-0.0127304475203804,train,0,R0: Calm / risk-on,4.923499473077646,-3.2426866145692257,-2.0804766587464827,-5.1485294842775815,5.340586288260913,-0.6937363092776486,41.22909546305836,0.8232321394558165,119.06379191100442,0.13978027101967355,181.2964744405574,0.03386349245595372,285.90878206935156,0.003124097068556308,0,30,0.003124097068556308,SPY
2019-09-06,2019-09-06,269.7997131347656,121.14051055908205,141.9199981689453,0.0101995329154147,-0.063448218615682,-0.012471845372728,train,0,R0: Calm / risk-on,4.799586357914421,-6.7727644585819675,-3.513610967347131,-3.8433513219375186,4.9721380605137036,-1.6399300676502873,58.40281025955689,0.8730002059143771,152.44143347747885,0.1024755904355104,240.32265069758634,0.013840325414965774,251.68512273265904,0.010683878235146644,0,31,0.010683878235146644,SPY
2019-09-13,2019-09-13,272.5515441894531,113.45436096191406,140.14999389648438,-0.0047576024505291,0.0391832524247361,0.0199786170081883,train,0,R0: Calm / risk-on,1.6545059971231737,-9.477040340261897,-6.631442296640608,1.961491108242764,4.143570262471621,-7.635929043941035,149.94458606315766,0.8745464769407255,241.95567797675736,0.10750999712128691,354.887485544922,0.008205983391991623,347.37579468850635,0.009737542545996099,0,32,0.009737542545996099,TLT
2019-09-20,2019-09-20,271.2548522949219,117.89987182617188,142.9499969482422,-0.0096555327407534,0.0059196141787047,-0.0132214020986145,train,0,R0: Calm / risk-on,3.6831289196514807,-5.211516212292942,-5.67547236930897,-6.3516635461275355,0.9821932552543119,-1.2824859105974764,66.59638956255688,0.810682552763048,137.67819708555248,0.16054091395694203,244.87309932367208,0.013964551056406429,242.28699966272742,0.014811982223603472,0,33,0.014811982223603472,TLT
2019-09-27,2019-09-27,268.6357421875,118.59779357910156,141.05999755859375,-0.0035544953704881,0.0246308584515129,0.0059548869447676,train,0,R0: Calm / risk-on,4.1214544133398086,-5.190674776936188,-6.830577461905537,-5.15792548893687,1.270450694319468,-3.684028253141655,73.72405795727454,0.849369367326144,156.6323309746984,0.12847644034009523,266.6120445866886,0.01048847955323158,261.94255334564485,0.011665712780529138,0,34,0.011665712780529138,TLT
2019-10-04,2019-10-04,267.6808776855469,121.51895904541016,141.89999389648438,0.0065566746893614,-0.0380160817612903,-0.0131782607302411,train,0,R0: Calm / risk-on,4.648838411834264,-4.278326505957297,-4.71175546361366,-6.045957900902481,2.396340183662049,-1.313593034190244,52.98497943323413,0.8292420378313418,129.9883535359565,0.14349268444165766,221.40635294624553,0.017879839685194056,249.6978791662297,0.009385438041806705,0,35,0.009385438041806705,SPY
2019-10-11,2019-10-11,269.43597412109375,116.89928436279295,140.02999877929688,0.0057042355778389,-0.0061233934527646,0.0030708272392978,train,0,R0: Calm / risk-on,2.745372110404144,-7.380091965523027,-6.224759822227455,-0.983888150440532,4.402722330789644,-4.699066191414963,82.71686108726342,0.8566729859029907,167.0541859675502,0.12543054299139322,274.5341342559369,0.010839877573603648,293.3772844846489,0.007056593532012373,0,36,0.007056593532012373,SPY
2019-10-18,2019-10-18,270.972900390625,116.18346405029295,140.4600067138672,0.0121827994287799,-0.0075948233297535,0.0099672065325777,train,0,R0: Calm / risk-on,1.4770434385423887,-7.428052830269991,-5.414800274123177,-1.8096824484756129,2.9841930896102142,-2.5552015691489354,61.45273277716739,0.7853949324391664,124.24254849172917,0.18787190136105297,232.3998329261421,0.015987535294254077,249.84010875827235,0.010745630905526557,0,37,0.010745630905526557,SPY
2019-10-25,2019-10-25,274.27410888671875,115.3010711669922,141.86000061035156,0.0150528283219177,0.0164979326716487,0.0049344208743158,train,0,R0: Calm / risk-on,0.8692978573037689,-8.124489554993213,-5.3958442436981295,-2.193002684265837,3.280697044464285,-2.2629581458483,71.36063186757862,0.7904832394393014,134.79014493497004,0.1863534344532028,249.35315657430692,0.013705045181453745,265.63296814199583,0.009458280926041868,0,38,0.009458280926041868,TLT
2019-11-01,2019-11-01,278.4027099609375,117.20330047607422,142.55999755859375,0.0091459765201091,-0.0401967937786513,-0.036265419875729,train,0,R0: Calm / risk-on,1.6844032419481496,-6.9482093406398455,-6.3692012253198715,-5.501885165319717,3.0891687145495106,-2.117557297401325,80.68349391698628,0.8330807421382297,155.17677329412336,0.1526404986414024,279.4449044632649,0.008998971858474489,302.8512608699714,0.0052797873618935336,0,39,0.0052797873618935336,SPY
2019-11-08,2019-11-08,280.948974609375,112.49210357666016,137.38999938964844,0.0092253688192309,0.0211251400092169,0.0059684644287183,train,0,R0: Calm / risk-on,0.1552367141258335,-8.96081080928747,-7.818213883882,-0.20333996938524118,3.1467116987809933,-5.497408256256496,128.9446491642366,0.8211813346177146,199.83819986090646,0.16331893475664508,331.8623122295926,0.008069079156915973,335.4804663019801,0.0074306514687243926,0,40,0.0074306514687243926,TLT
2019-11-15,2019-11-15,283.54083251953125,114.86851501464844,138.2100067138672,-0.0026622348824127,0.015534224589909,-0.0034006309085575,train,0,R0: Calm / risk-on,0.5371913974231357,-7.302136202517833,-6.01600875575767,-3.6605057388298743,0.9699816951278312,-1.6582295246368584,70.97099071857502,0.740195445946827,122.07874254258647,0.23104654356501136,242.59183238621432,0.01483795348152106,245.394916410188,0.013920057006640472,0,41,0.013920057006640472,TLT
2019-11-22,2019-11-22,282.7859802246094,116.65290832519533,137.74000549316406,0.0107730880755285,0.0037176102179667,0.0008711711369393,train,0,R0: Calm / risk-on,1.2022306650164585,-6.917363688230651,-5.592731820506306,-3.678619342322376,1.2572467264734053,-1.189639737259998,61.14354755862846,0.7419084445471393,113.33066360727442,0.22595628710495316,227.2563984171157,0.01686058166816131,231.59249700094998,0.015274686679746173,0,42,0.015274686679746173,SPY
2019-11-29,2019-11-29,285.83245849609375,117.08657836914062,137.86000061035156,0.0017815202348712,-0.0130482162633288,-0.0017409363999817,train,0,R0: Calm / risk-on,0.6028405752124522,-6.950376869989508,-4.9248888162890365,-2.582678839935344,1.883631527796941,-0.66478096908171,54.6180351848834,0.7011080197757652,97.62311015473347,0.263210857382978,205.15846077671318,0.022718347507016096,229.78804315597304,0.01296277533424082,0,43,0.01296277533424082,SPY
2019-12-06,2019-12-06,286.3416748046875,115.55880737304688,137.6199951171875,0.0077813294135551,0.0049870188037861,0.0103909895749714,train,0,R0: Calm / risk-on,0.0816563486176598,-5.061587290865919,-6.552887339156578,-2.7262035932906565,1.9864492519060875,-0.7187704850273001,60.00264451415595,0.6361316289278948,88.35719664731667,0.33343743308175333,201.56519935132155,0.02529085629262144,271.507743005015,0.005140081697730459,0,44,0.005140081697730459,GLD
2019-12-13,2019-12-13,288.5697937011719,116.13510131835938,139.0500030517578,0.0157152367501405,-0.0156165459865483,0.0033800878129299,train,0,R0: Calm / risk-on,0.09533631942539955,-4.542234270786798,-5.439981684114367,-3.5279916930382287,2.101182264079151,1.402049356840123,57.10596496094779,0.5763462253436262,74.95780075373575,0.38376201686068245,180.55333046265406,0.034619996121921646,263.1683016955311,0.005271761673769536,0,45,0.005271761673769536,SPY
2019-12-20,2019-12-20,293.104736328125,114.32147216796876,139.52000427246094,0.0066410840967983,0.0049031842835427,0.020140463536012,train,0,R0: Calm / risk-on,-1.1058356733696402,-6.075220271095892,-5.4197916707842895,-1.1892656946192255,0.8685731376142555,1.212127947277071,70.13835593426924,0.5020834398544706,75.12951080090261,0.44812038110297553,184.13867959799728,0.03740124488385846,232.61799233878736,0.012394934158695465,0,46,0.012394934158695465,GLD
2019-12-27,2019-12-27,295.05126953125,114.88201141357422,142.3300018310547,-0.0013937386742571,0.0131080106907941,0.0248015087043065,train,0,R0: Calm / risk-on,-0.9767865363755458,-4.688535740286083,-4.3664270757246735,-3.306654230807423,-0.606278875025881,2.7073359679839406,68.21653706909967,0.4397875513696509,62.91745767196922,0.4962158802336157,162.77507290400894,0.05101585077878617,222.85410116922662,0.01298071761794729,0,47,0.01298071761794729,GLD
2020-01-03,2020-01-03,294.6400451660156,116.38788604736328,145.86000061035156,0.0102354640428845,-0.004887712662829,0.0071987045616623,train,0,R0: Calm / risk-on,0.4981844751995297,-2.250887156588614,-4.95812799012622,-5.229559908654238,0.14656695813736365,3.2832334736569573,72.0710029224374,0.4588723807217023,70.10233096546315,0.47992066621826646,165.06537709105464,0.055160670022412366,262.1106626206218,0.006046283037619036,0,48,0.006046283037619036,SPY
2020-01-10,2020-01-10,297.65582275390625,115.81901550292967,146.91000366210938,0.0191581844872235,-0.0030336685631621,-0.002246285636298,train,0,R0: Calm / risk-on,-1.0519326765864745,-4.547737398608402,-3.726086113294028,-2.960008941832487,1.4820879511742664,3.5860643442558273,66.66989058150483,0.4362841923377613,60.76688669229411,0.49908242631432165,155.20019806703556,0.058059516911726124,250.82151430509515,0.00657386443619085,0,49,0.00657386443619085,SPY
2020-01-17,2020-01-17,303.3583679199219,115.46765899658205,146.5800018310547,-0.009579951485079,0.0294156883274634,0.0095510566175185,train,0,R0: Calm / risk-on,-1.8621078940133566,-5.365997324953673,-3.94949018966591,-2.74324645286032,-0.5204481801705452,3.0778260698052686,77.32395467456965,0.40568569028755547,65.72919622037273,0.528329964802778,166.53991716170378,0.053150815872813305,228.91912725462288,0.012833529036853163,0,50,0.012833529036853163,TLT
2020-01-24,2020-01-24,300.45220947265625,118.86421966552734,147.97999572753906,-0.021413035242084,0.0268867238164154,0.0091228959487283,train,1,R1: Growth / trend,0.9935183165882089,-0.9386515868128988,-4.922527924859216,-5.700196679998349,-2.912160134080878,3.086398747033225,90.85848944206617,0.3919261703803815,78.2053420014545,0.522867015457496,165.16043884870868,0.07212401818763668,240.0946056319446,0.013082795974485832,1,1,0.013082795974485832,TLT
2020-01-31,2020-01-31,294.01861572265625,122.06008911132812,149.3300018310547,0.032542964264933,-0.0084302685349898,-0.0103127872901532,train,1,R1: Growth / trend,4.4096133042857915,4.558265078957085,-3.3348663956771354,-4.886512198577602,-4.222841553486579,2.9363028180345494,130.06780946271994,0.2748567759064779,104.81273123436688,0.48862275380059583,138.85523212355673,0.22499141726634103,269.2783074658296,0.011529053026585133,0,2,0.011529053026585133,SPY
2020-02-07,2020-02-07,303.58685302734375,121.03108978271484,147.7899932861328,0.0162552345039683,0.0008300666165022,0.008187338580661,train,1,R1: Growth / trend,-0.6960265324781869,-1.9799100459505374,-1.35346276680532,-0.8975052681134916,2.5340002943148874,3.8981913136344577,50.43964659772169,0.31522452456091066,27.556667585487038,0.5309068132952424,82.70550006610486,0.1511436670176935,258.9809829538433,0.002724995126153395,0,3,0.002724995126153395,SPY
2020-02-14,2020-02-14,308.521728515625,121.13155364990234,149.0,-0.0122037975635136,0.0241439873073898,0.0382550130754508,train,1,R1: Growth / trend,-2.210429231542319,-2.3924900212828035,-0.8050055899278823,-2.019949963128755,0.9086945837836958,4.481473000343691,66.34441261948241,0.2661570965630015,32.01203695833602,0.5818536086917548,91.77180508423699,0.14913032986856112,265.351941235928,0.002858964876682583,0,4,0.002858964876682583,GLD
2020-02-21,2020-02-21,304.756591796875,124.05615234375,154.6999969482422,-0.1116110088818,0.0491084782754156,-0.0408532138985378,train,1,R1: Growth / trend,1.871876616541924,3.067868852890103,-1.9553909375487064,-5.481862722506635,-0.9725018605028454,4.238475280605767,92.09990242066922,0.2758420437244873,64.59900103992639,0.5161159691585099,104.98906299341613,0.20565459947845915,300.5890090462984,0.0023873876385435595,0,5,0.0023873876385435595,TLT
2020-02-28,2020-02-28,270.7424011230469,130.1483612060547,148.3800048828125,0.0040505261287959,0.0753736222804808,0.0618007674025054,train,1,R1: Growth / trend,14.664743940232613,14.464732730018074,-8.048351300662711,-5.9089005481692585,-2.987707397462287,-1.3444717164752062,531.7498200198462,0.4237293778143238,550.9540791055913,0.27358140926392605,547.2703078373709,0.29753144156339656,725.2687540514663,0.005157771358353447,0,6,0.005157771358353447,TLT
2020-03-06,2020-03-06,271.83905029296875,139.95811462402344,157.5500030517578,-0.0946010057454166,-0.0769324362114388,-0.0905744461824795,train,1,R1: Growth / trend,18.033132384714975,11.38972966227299,-5.775109596287813,-6.829151651951723,5.495537321752395,5.159954574255964,562.3859021842511,0.621762765014901,617.2525507953494,0.17815098205691834,613.4053749441234,0.194469361240918,768.9941371197638,0.005616891687262552,0,7,0.005616891687262552,TLT
2020-03-13,2020-03-13,246.122802734375,129.1907958984375,143.27999877929688,-0.1454572203281556,0.0356629920128956,-0.0221244988550582,train,1,R1: Growth / trend,18.251826107586623,11.007057931329628,-12.909464517493472,1.343967094372837,2.916510617032026,-9.056850628401643,654.3987818623491,0.827367314778764,746.4740135458349,0.10156164658448924,765.67705855813,0.06557521935945348,874.5041597545599,0.0054958192772934615,0,8,0.0054958192772934615,TLT
2020-03-20,2020-03-20,210.3224639892578,133.79812622070312,140.11000061035156,0.1076047616556752,0.0518722841997245,0.0866462018183127,train,1,R1: Growth / trend,19.683992789101005,12.100272325973414,-13.415932035907925,-3.0054326736020798,2.2720779622702665,-4.34702204319669,694.0144103338123,0.8117883879691319,777.9979275569078,0.11982061566159732,809.2258917550527,0.05882610750306956,888.9621684231942,0.009564888866201245,0,9,0.009564888866201245,SPY
2020-03-27,2020-03-27,232.95416259765625,140.73854064941406,152.25,-0.0206375446358274,0.0062218644863667,0.002627217710899,train,1,R1: Growth / trend,20.339173764460043,5.4780080077833055,-4.216865578742443,0.05302605481632505,11.34666430897459,7.786330035738671,608.4301826603081,0.698878081810424,687.1433162723738,0.11631452468936093,679.3040752298599,0.13905716852515573,728.1026114052808,0.0457502249750595,0,10,0.0457502249750595,TLT
2020-04-03,2020-04-03,228.1465606689453,141.61419677734375,152.64999389648438,0.1209156374548023,-0.0184564351370373,0.0395676959477493,train,1,R1: Growth / trend,24.97437284962344,-1.926851271809614,-2.7704783048456894,6.784693406374084,7.952769050621921,7.235311897870244,739.9225854920694,0.026219116205194033,856.3330505781926,0.0018487700217142335,841.8572630680048,0.002571003118789229,581.4519607794343,0.9693611106543025,0,11,0.9693611106543025,SPY
2020-04-10,2020-04-09,255.73304748535156,139.00050354003906,158.69000244140625,0.0303375575285531,0.0146318084003611,-0.0007561605352662,train,1,R1: Growth / trend,21.179450794117862,-7.796762466180242,2.3508446280245963,9.886032550686185,10.912609424802929,9.423700632367373,768.8162426070273,0.017941875281968365,880.3092801193859,0.0014150912228903742,856.5207026376638,0.002433002166810651,593.2947662389233,0.9782100313283307,0,12,0.9782100313283307,SPY
2020-04-17,2020-04-17,263.4913635253906,141.03433227539062,158.57000732421875,-0.0128030937846916,0.0180565987069323,0.0256668466761686,train,1,R1: Growth / trend,22.339764538385648,-5.487370249629777,-0.38350992397390016,5.919403821227842,8.501977246204232,5.230574969574558,589.5324403835871,0.04820194035974822,727.9804156569415,0.002057291886441453,718.9714479179995,0.0025259707643496363,458.8049667773485,0.9472147969894608,0,13,0.9472147969894608,GLD
2020-04-24,2020-04-24,260.11785888671875,143.5809326171875,162.63999938964844,-0.0006368244563117,-0.015641698158925,-0.0175848537941742,train,1,R1: Growth / trend,20.550008207006215,-4.101006786099735,-0.2416862088792503,5.048809425198478,2.633272359842829,4.675853753078408,444.82501357116604,0.015311227597019576,551.2103832039465,0.001356627344083612,538.5904176280333,0.0018085030908921973,262.1953600335777,0.9815236419680046,0,14,0.9815236419680046,SPY
2020-05-01,2020-05-01,259.95220947265625,141.3350830078125,159.77999877929688,0.0341244552491315,-0.0236375869416324,0.0040055037835646,train,1,R1: Growth / trend,21.699342499859128,-6.778156994677955,0.7827256248986509,7.787922994766821,-1.7002071824542013,0.07244215098666246,519.7630463205358,0.0012364467797911533,651.662119629671,6.126324112232233e-05,627.6129134114627,0.00010595870001737605,225.91928011504882,0.9985963312790692,0,15,0.9985963312790692,SPY
2020-05-08,2020-05-08,268.82293701171875,137.9942626953125,160.4199981689453,-0.0210644140682204,0.0166483627302072,0.021880030837174,train,3,R3: Stress / risk-off,17.638082335294143,-12.556271693080772,3.1190962253477634,9.551768026252548,-2.7481186495782652,1.7610119355328147,531.2291193006076,0.000265581103096572,648.6668610753146,1.8293567255760254e-05,641.0476280532403,2.1761114318528575e-05,169.82188663820438,0.9996943642153291,1,1,0.9996943642153291,GLD
2020-05-15,2020-05-15,263.16033935546875,140.29164123535156,163.92999267578125,0.0319971453878462,-0.0069584441329179,-0.0043920331487968,train,3,R3: Stress / risk-off,19.32044111988218,-7.153366273708123,0.892297248215433,5.39619907648176,-8.836935315443842,-0.2541124303596938,491.9680598587421,0.00020890306189376976,598.778264455309,1.8331253025319804e-05,586.1144878780733,2.4461568201291e-05,120.02125655604354,0.9997483041168795,0,2,0.9997483041168795,SPY
2020-05-22,2020-05-22,271.5807189941406,139.3154296875,163.2100067138672,0.0300567795354098,-0.0118395308042255,-0.0018381412867886,train,3,R3: Stress / risk-off,16.26201167947279,-12.2794593551452,3.713513158582979,7.2598840423396025,-4.723116452121014,1.3783442409299345,459.36586287088073,0.00033512527858666147,572.3064853750465,2.557418242490483e-05,567.3394158105627,2.8638130624619214e-05,108.17179091571467,0.9996106624083638,0,3,0.9996106624083638,SPY
2020-05-29,2020-05-29,279.7435607910156,137.66600036621094,162.91000366210938,0.0493559415519562,-0.0444969502040494,-0.0300780126764744,train,3,R3: Stress / risk-off,15.23656303163205,-12.157201632471768,3.420592481571467,4.951661428072473,-6.4111814961999745,0.14107219693296594,406.24089357068925,0.0004977906135211629,523.1906099639464,3.4671795430686765e-05,527.5327042538997,3.140629958055603e-05,72.42299148906613,0.9994361312914677,0,4,0.9994361312914677,SPY
2020-06-05,2020-06-05,293.5505676269531,131.540283203125,158.00999450683594,-0.0473788252808354,0.0396513059843464,0.0291753735245661,train,3,R3: Stress / risk-off,10.973895500273155,-15.136052621533057,1.843827518048434,7.9772173080097195,-6.782581191557876,-1.4781666327909808,424.8073393675537,0.0005791247763637862,522.587194181321,6.242570372423585e-05,555.6745538380361,2.9376877523030153e-05,97.63727216555166,0.9993290726423889,0,5,0.9993290726423889,TLT
2020-06-12,2020-06-12,279.6424865722656,136.7560272216797,162.6199951171875,0.0190269361830994,0.0005542015720489,0.0086705430109828,train,3,R3: Stress / risk-off,16.934027094663094,-4.425813474096957,-0.375694044288616,1.5050711679416822,-14.13238816727596,0.821462134304892,496.47919516481795,0.00019123988075838642,563.4462568114883,4.159332167183396e-05,564.0772852063496,4.099967106115584e-05,120.6555247401224,0.9997261671265086,0,6,0.9997261671265086,SPY
2020-06-19,2020-06-19,284.9632263183594,136.83181762695312,164.02999877929688,-0.0278321959160069,0.0176121087359673,0.0153020455131085,train,3,R3: Stress / risk-off,13.804310452685387,-8.551979797739502,1.5990835340241487,3.8958682014038724,-9.07145844418143,2.8026605229486505,357.7434460766739,0.0005281687386327145,422.51071561418735,0.00012077638032222427,432.10308535383996,9.706833361602962e-05,26.53377296582076,0.9992539865474289,0,7,0.9992539865474289,TLT
2020-06-26,2020-06-26,277.0320739746094,139.24171447753906,166.5399932861328,0.0405934838523971,-0.0088848147659075,0.0026420226921126,train,3,R3: Stress / risk-off,14.022966578105072,-5.925333759358525,0.5294421787576868,1.7095062858911774,-10.218570667747361,3.4837040462917486,345.67893289346216,0.0008814789163649601,397.83103417828585,0.00026867822570671027,409.0064849975118,0.00020828857063452595,36.9789919909914,0.9986415542872938,0,8,0.9986415542872938,SPY
2020-07-03,2020-07-02,288.27777099609375,138.00457763671875,166.97999572753906,0.0171669585274043,0.0167498353653385,0.0132351585244572,train,3,R3: Stress / risk-off,10.046140745797311,-8.99220941017023,1.5650833940269422,2.896468186250339,-7.650230130077401,6.091145131851224,295.32276846050536,0.0017254124870795184,325.8383893828529,0.0008609526025439982,353.88266177567857,0.0004544817362599449,16.178203401018816,0.9969591531741165,0,9,0.9969591531741165,SPY
2020-07-10,2020-07-10,293.22662353515625,140.31613159179688,169.19000244140625,0.0130038663884393,0.0027057040866016,0.0054967354002097,train,3,R3: Stress / risk-off,8.635093182602098,-8.930848700453222,1.3254299027145982,1.134376168488704,-8.516419917503871,5.181526838911391,261.6850566973782,0.00335915128679585,292.25987907116075,0.0016739024545333705,329.4360399596609,0.0007176600742845531,11.904375532299095,0.9942492861843862,0,10,0.9942492861843862,SPY
2020-07-17,2020-07-17,297.0397033691406,140.69578552246094,170.1199951171875,-0.0026105993621754,0.0177473600256987,0.0504349992788579,train,3,R3: Stress / risk-off,6.835635550037546,-9.552945630643109,1.867352591848587,1.3492620898483,-8.564088143710517,5.220570005696581,254.98760843836902,0.00465840345193889,275.8690135369162,0.0028949552527441674,315.5820564392245,0.001171470178676109,19.691698399715868,0.9912751711166408,0,11,0.9912751711166408,GLD
2020-07-24,2020-07-24,296.2642517089844,143.19276428222656,178.6999969482422,0.0175763523375134,0.0074228382547367,0.0376608608979904,train,3,R3: Stress / risk-off,6.416678685528813,-7.998665461402515,2.2583258980680068,-0.3905796104692735,-7.377546933355239,5.96789179597515,212.45149599068827,0.016108787101515146,229.17504060317398,0.011005363683367225,264.7696930658693,0.004891477671076911,32.66007708526579,0.9679943715440407,0,12,0.9679943715440407,GLD
2020-07-31,2020-07-31,301.47149658203125,144.2556610107422,185.42999267578125,0.0246540558608501,-0.0054443973036001,0.0290136714410558,train,3,R3: Stress / risk-off,6.10400673367948,-8.48086639884663,2.1782263696144497,-0.6516012856382781,-7.535349913692924,6.195276001452424,221.49006805905202,0.014626927525911942,237.94405805567123,0.01005452528286923,278.39157903716557,0.004001144314024473,37.312233151739555,0.9713174028771945,0,13,0.9713174028771945,GLD
2020-08-07,2020-08-07,308.90399169921875,143.47027587890625,190.80999755859375,0.0067848126576861,-0.039439857705445,-0.0433415668899707,train,3,R3: Stress / risk-off,1.2011827647182143,-6.87074532045264,-1.3609948346074623,-2.0130233469240517,-5.915593722192793,3.4591780179193394,116.96102490807263,0.25459320311181277,114.52995155160073,0.2690910285590468,190.36459800780048,0.04782013074494141,94.10823676722744,0.42849563758419906,0,14,0.42849563758419906,SPY
2020-08-14,2020-08-14,310.9998474121094,137.81182861328125,182.5399932861328,0.0078376244242011,0.0185072781941166,-0.0027938781943336,train,3,R3: Stress / risk-off,0.7137419281403081,-7.075214708630833,-3.6611552243005736,0.5741599643998077,-6.229027406211822,0.005965079931562922,114.48342634042442,0.2914647771491834,115.7547099529319,0.28314462788370964,202.2329341138486,0.039483446058152835,102.16283623191984,0.38590714890895395,0,15,0.38590714890895395,TLT
2020-08-21,2020-08-21,313.4373474121094,140.3623504638672,182.02999877929688,0.0326969446625673,-0.0305652256107245,0.0129648993362514,train,3,R3: Stress / risk-off,1.0295623008668384,-6.091358031037311,-3.2664200147596536,-1.8194281188009205,-6.906044538894014,2.066488871571081,120.75525190690257,0.2678123781001907,115.02038465987886,0.30518975133188064,201.06240601149335,0.04298256688904273,104.93536501988234,0.3840153036788859,0,16,0.3840153036788859,SPY
2020-08-28,2020-08-28,323.685791015625,136.0721435546875,184.38999938964844,-0.0228477987535232,0.0111953587637245,-0.0149140409409556,train,3,R3: Stress / risk-off,-0.621917563911983,-7.404330850042898,-3.4395781210633642,0.9887684960656047,-5.992567591878382,1.3446651919957966,128.47130100462124,0.2611520822623895,113.4914872351743,0.3673668057611172,203.32629223209827,0.047456695037973375,119.00226080439502,0.32402441693851997,0,17,0.32402441693851997,TLT
2020-09-04,2020-09-04,316.290283203125,137.59552001953125,181.63999938964844,-0.0248414735338955,0.010691591645541,0.0044593567568571,train,3,R3: Stress / risk-off,2.344569762098456,-0.6397986004386346,-5.998816846308693,-0.1506603083146102,-9.276456377423631,-0.6209940038494944,162.4916955918843,0.2350629369153309,133.3485499348253,0.456582156302436,202.95038652456896,0.09351823264987073,166.44123620117097,0.2148366741323624,0,18,0.2148366741323624,TLT
2020-09-11,2020-09-11,308.43316650390625,139.06663513183594,182.4499969482422,-0.0062458332253195,-0.0055320072008918,0.004110715333214,train,1,R1: Growth / trend,1.3519644630851673,-2.2120497561666483,-2.9871960766327343,2.243697542933938,-4.726363372671347,3.659733349034885,103.05350864994807,0.18862959906909796,57.678844392159164,0.5303164304634614,111.21340642414833,0.15663107001632534,121.31854049374179,0.1244229004511152,1,1,0.1244229004511152,GLD
2020-09-18,2020-09-18,306.5067443847656,138.2973175048828,183.1999969482422,-0.00580667534681,0.0094755277045073,-0.0450873070110888,train,1,R1: Growth / trend,0.5824905400716036,-1.2242335862718328,-3.1767607027454345,1.0149972629267543,-4.4510590168965045,2.5341772179269255,82.05627137390616,0.21412931548954298,38.70756764760291,0.5748533123647492,93.19335650284079,0.16614553593243908,150.65541790531725,0.04487183621326864,0,2,0.04487183621326864,TLT
2020-09-25,2020-09-25,304.7269592285156,139.60775756835938,174.94000244140625,0.0155447616810042,-0.013331462158885,0.0205784314306975,train,1,R1: Growth / trend,0.6796384439426348,0.44680435693935694,-4.090888514352101,0.40044334095297685,-5.397846018595361,0.8090518799412343,89.00731246171368,0.21834216256086625,45.95717382774155,0.5821897979683404,99.09427555855684,0.1735161059330008,182.49750521723692,0.02595193353779263,0,3,0.02595193353779263,GLD
2020-10-02,2020-10-02,309.4638671875,137.74658203125,178.5399932861328,0.0389705174649959,-0.0163445348363198,0.0142265522596451,train,1,R1: Growth / trend,-0.4929375704464919,-0.9698508125130465,-2.4600070527820233,0.9166463054921197,-2.677323514955139,0.47341707845334347,48.0223476905727,0.2598070031394292,15.231844722286388,0.5483674196448328,63.85635531736992,0.18113119828505223,188.05988096018692,0.010694378930685693,0,4,0.010694378930685693,SPY
2020-10-09,2020-10-09,321.5238342285156,135.49517822265625,181.0800018310547,0.001269019513002,0.0081206674195355,-0.0153523235651973,train,1,R1: Growth / trend,-2.180779670937093,-3.456804791102317,-1.0130047637099937,1.9733033593748852,-0.3329367134295533,1.07876690078353,51.96347676134175,0.27851838818770164,22.415370146567888,0.5460032520759083,74.10673765268822,0.16817992455610398,211.82453324856456,0.007298435180286071,0,5,0.007298435180286071,TLT
2020-10-16,2020-10-16,321.9318542480469,136.59548950195312,178.3000030517578,-0.0043480638991348,-0.020943211971686,0.0019068779140285,train,1,R1: Growth / trend,-1.7155390878695067,-1.6842812998911465,-1.9645050595414837,-0.03971334565357132,-3.2479342321148885,-0.22151723248710742,49.947515309410264,0.2768331685442523,19.784231643134422,0.5503587594784222,72.85907648224565,0.1642619743628031,202.61474762491787,0.008546097614522536,0,6,0.008546097614522536,GLD
2020-10-23,2020-10-23,320.5320739746094,133.7347412109375,178.63999938964844,-0.0556422117270031,-0.0027846616555079,-0.0136587687513597,train,1,R1: Growth / trend,-2.163662198178378,-2.279377908582862,-2.6892467689190203,1.527556598784703,-1.2911201194054143,-0.44848629889541825,49.17747017667045,0.28553647059503207,19.368436527282363,0.5630986526300092,78.54618152001068,0.14624974632377483,225.73400425992952,0.005115130451184009,0,7,0.005115130451184009,TLT
2020-10-30,2020-10-30,302.69696044921875,133.36233520507812,176.1999969482422,0.072333637201533,0.012763451492294,0.0396708604666851,train,1,R1: Growth / trend,0.27441716076347356,3.110510428923184,-5.864495512580622,-0.6180891576975103,-5.095492481491158,-3.2754403506523726,111.04130868669071,0.26835607586842003,78.40757422268564,0.5643924507367067,132.78150103031047,0.1635383339804316,298.9348373055111,0.0037131394144415695,0,8,0.0037131394144415695,SPY
2020-11-06,2020-11-06,324.5921325683594,135.0644989013672,183.19000244140625,0.022675693043638,-0.0078413057455121,-0.0329166368193351,train,1,R1: Growth / trend,-2.341425316115275,-3.761762497873421,0.9287204983511133,1.6762448451119745,3.6795448497992584,4.641745611188601,89.58467907808907,0.2507513392824404,55.7121166487498,0.5424624355369896,98.61558286181017,0.20412388493056885,289.10267913594123,0.002662340250001046,0,9,0.002662340250001046,SPY
2020-11-13,2020-11-13,331.9524841308594,134.0054168701172,177.16000366210938,-0.007735382814618,0.0211814175046989,-0.0082975908236421,train,1,R1: Growth / trend,-2.6741944796135844,-3.139321344212453,-2.0669422429589637,1.7951257456387901,0.9736191302269556,-0.6779612827017089,45.15177703690501,0.3330127040470584,24.937194177726205,0.5277869866381092,84.24772119365164,0.13666446324636397,259.2606371221268,0.0025358460684683764,0,10,0.0025358460684683764,TLT
2020-11-20,2020-11-20,329.38470458984375,136.84384155273438,175.69000244140625,0.0234710900617958,-0.0079873348023761,-0.0449656158318293,train,1,R1: Growth / trend,-2.2148854103923252,-1.8276334057328025,-1.677567260680952,-1.3383666397603693,-1.608948051342689,1.1937977941804716,44.48346281151295,0.28439021629999817,14.556654143446114,0.5623449356686718,72.81514610418165,0.14914485435341504,230.36035564626,0.004119993677914973,0,11,0.004119993677914973,SPY
2020-11-27,2020-11-27,337.11572265625,135.75082397460938,167.7899932861328,0.0169934517455494,-0.0303437303786652,0.0269981180007612,train,1,R1: Growth / trend,-3.4290845794121987,-3.5371345418876103,-1.4404713207951525,0.6396160769631605,-0.058383270806452614,0.4866277577427311,52.15643511575528,0.29820866109547617,24.32814157721948,0.5621422420195443,86.4667267981179,0.13647813028223085,251.608624036359,0.003170966602748594,0,12,0.003170966602748594,GLD
2020-12-04,2020-12-04,342.844482421875,131.6316375732422,172.32000732421875,-0.0095986159563794,0.0230021963433844,0.0009865260081232,train,1,R1: Growth / trend,-3.9966756760904163,-3.853848813433906,-2.844608366248632,2.4598955962236637,0.3830369143715061,-0.6930551353275293,71.88650075666285,0.2910346221465432,40.9551295198203,0.5888052542960852,111.65752314484557,0.11761437495600299,279.90982022789257,0.002545748601368534,0,13,0.002545748601368534,TLT
2020-12-11,2020-12-11,339.55364990234375,134.65945434570312,172.49000549316406,0.0121584571024799,-0.0143408949215199,0.0228998598321612,train,1,R1: Growth / trend,-2.9730881503803195,-1.3802965645316845,-2.600574887956668,-1.1557580187502783,-2.3882607582837077,0.9053399292174118,59.75925622997197,0.24440183924696066,19.479275676223466,0.611820779024871,84.04536712298815,0.14054776505711086,249.6725781505221,0.0032296166710575397,0,14,0.0032296166710575397,GLD
2020-12-18,2020-12-18,343.6820983886719,132.7283172607422,176.44000244140625,-0.0004872233728697,0.0061408408799557,-0.0005100676527167,train,1,R1: Growth / trend,-3.7785939224986684,-2.7353082485446665,-2.3719109880063285,1.095943157980574,-0.22968144538079105,1.344713652295947,66.56709423408778,0.23261955369339024,23.0900380029779,0.6263210588088575,89.29160721417563,0.13861675881649796,266.57116542389673,0.0024426286812542024,0,15,0.0024426286812542024,TLT
2020-12-25,2020-12-24,343.5146484375,133.5433807373047,176.35000610351562,0.0132248748432874,0.0027973357553601,0.0113977569451066,train,1,R1: Growth / trend,-3.958989411380853,-2.348689041367348,-2.022462864855387,0.47663243841203395,-0.7759941369488244,2.1538483612842234,72.32552817908683,0.20406485747507172,21.867470782121526,0.6441503450356522,86.0189819925476,0.14937871361333732,267.2424133247562,0.0024060838759387515,0,16,0.0024060838759387515,SPY
2021-01-01,2020-12-31,348.0575866699219,133.9169464111328,178.36000061035156,0.0197391511958062,-0.0406388464675815,-0.0281453479215204,train,1,R1: Growth / trend,-4.178228855126392,-2.1332054336015087,-2.0359647629134274,-0.4995464960347292,-1.4012224541487655,2.772285266687345,80.56946211387049,0.1907260627158499,25.901213422717746,0.6626491042671133,92.83891063354554,0.14421793739622737,272.5041925320296,0.002406895620809366,0,17,0.002406895620809366,SPY
2021-01-08,2021-01-08,354.9279479980469,128.47471618652344,173.33999633789062,-0.0145833990740892,0.0033043858114505,-0.0127494606078691,train,1,R1: Growth / trend,-4.353588285226635,-3.063255002679173,-5.423027995805218,2.902073019542722,1.1850002236480535,-1.8841689477483654,95.57125870739412,0.29396791187267246,62.84499871151233,0.6195624873975825,149.8230079570249,0.08541754672016977,342.8247028113127,0.0010520540095752926,0,18,0.0010520540095752926,TLT
2021-01-15,2021-01-15,349.75189208984375,128.8992462158203,171.1300048828125,0.0191110990893201,0.0003950261975644,0.016186460203567,train,1,R1: Growth / trend,-4.273745576666752,-1.1169704827604403,-5.1112105039415585,0.8523643677740103,-2.3717341051288194,-0.09554052635211419,95.79127264166789,0.19320063076638155,39.61329970796528,0.6947346094748723,120.39795574475207,0.11029513465155205,301.7929229190045,0.0017696251071941487,0,19,0.0017696251071941487,SPY
2021-01-22,2021-01-22,356.43603515625,128.95016479492188,173.89999389648438,-0.033457206420441,0.0007905687432714,-0.007418018006951,train,1,R1: Growth / trend,-4.192252693622821,-2.526052588001596,-4.338214396500319,0.7049911210624569,-0.636430597135659,1.7070905665317286,86.79729369971227,0.2123311698464225,35.40808220917629,0.6846133676342349,119.43696675612155,0.10094509804888466,289.21375031390846,0.0021103644704580033,0,20,0.0021103644704580033,TLT
2021-01-29,2021-01-29,344.51068115234375,129.05210876464844,172.61000061035156,0.0476665362143393,-0.024990071012215,-0.0162215575103236,train,1,R1: Growth / trend,-1.6703142811220841,1.1792841983046882,-7.861902016078016,-0.41527002085693865,-3.818607299998557,-1.290157886586623,118.700848264326,0.23530269569897977,72.71136481068157,0.6708648020174487,160.35843193633883,0.09109142569579275,314.1481974848638,0.002741076587778756,0,21,0.002741076587778756,SPY
2021-02-05,2021-02-05,360.9323120117187,125.82708740234376,169.80999755859375,0.0127159565841974,-0.0062149808566464,0.0051822913577797,train,1,R1: Growth / trend,-4.767315669801716,-5.092715665778426,-4.486536902513984,3.9456352779169492,3.0936333339214133,2.6042947063111317,137.7926325298756,0.22739557005854014,89.24483550931247,0.6872288757705808,181.78414713974814,0.08347208950605976,347.7472775779677,0.0019034646648194277,0,22,0.0019034646648194277,SPY
2021-02-12,2021-02-12,365.52191162109375,125.04507446289062,170.69000244140625,-0.0066471733232743,-0.0261028310836155,-0.0215595985818417,train,1,R1: Growth / trend,-4.818996155621546,-3.1568343199157525,-5.052567286818533,1.778431676187464,-0.5005788728553026,1.2077163508785753,105.23855313136622,0.20500290493689846,51.02948721338694,0.7048400135549006,142.31610146247138,0.08808953184468603,307.0129654305789,0.0020675496635150317,0,23,0.0020675496635150317,SPY
2021-02-19,2021-02-19,363.09222412109375,121.78104400634766,167.00999450683594,-0.0247932265831196,-0.0010474195570316,-0.0311358428793274,train,1,R1: Growth / trend,-5.007529739026186,-3.3130135611200062,-7.753009360463252,3.679605306504606,-0.7400648197943616,-1.2107404960453483,150.2530294979581,0.21879403452509028,98.1502047770214,0.7170136185510356,205.46054984451308,0.06220517124662767,356.6258179238382,0.0019871756772464402,0,24,0.0019871756772464402,TLT
2021-02-26,2021-02-26,354.0899963378906,121.65348815917967,161.80999755859375,0.0085971334040231,-0.0282480188915073,-0.0165008232447346,train,1,R1: Growth / trend,-2.4819642551457166,0.29820489519309024,-10.880261101053396,2.1139421120719124,-1.0110641113724101,-2.7122732934424363,167.67042663652734,0.25696465586495487,124.44220587629266,0.6879585533077842,236.1297999184229,0.05401992615216345,408.8182052974834,0.0010568646750975265,0,25,0.0010568646750975265,SPY
2021-03-05,2021-03-05,357.1341552734375,118.2170181274414,159.13999938964844,0.027187784018761,-0.0205165673105821,0.0147669103464158,train,1,R1: Growth / trend,-4.365593089616366,-1.4587400356371352,-9.04771873621062,5.767331522516528,1.1467532171482913,0.2899980385100862,189.8963043461544,0.1516668744525629,118.37665582531861,0.7735488027435156,221.4804647979042,0.07385930019402526,413.7487447971136,0.0009250226098962203,0,26,0.0009250226098962203,SPY
2021-03-12,2021-03-12,366.8438415527344,115.79161071777344,161.49000549316406,-0.0083854245566765,-0.0096282950599451,0.0108365839400139,train,1,R1: Growth / trend,-5.4122447844279975,-3.36504496614958,-8.33839425018001,5.509227442586731,2.4125827210821558,0.8275625793159513,193.46105792159454,0.17315563935196884,128.23230281551423,0.7652320347325653,239.41294475592952,0.06078557197224845,428.0598845070114,0.0008267539432174464,0,27,0.0008267539432174464,GLD
2021-03-19,2021-03-19,363.7677001953125,114.6767349243164,163.24000549316406,0.0166890101795813,0.0141748579543659,-0.0061259493160326,train,1,R1: Growth / trend,-4.859896705785411,-2.3396736055567824,-9.724051681409033,4.0462222089537745,0.5972900548756733,1.0141002065803937,190.7598608864685,0.16213844026151442,121.48559090866141,0.7857199408261641,241.51645296148496,0.05101681502015208,408.95931322148084,0.001124803892169371,0,28,0.001124803892169371,SPY
2021-03-26,2021-03-26,369.838623046875,116.30226135253906,162.24000549316406,0.011692342323609,0.0075955935363294,-0.0016026242407638,train,1,R1: Growth / trend,-5.376542418289146,-2.6393984989561683,-7.859744794896522,3.4449343610723293,0.8522223185779542,3.5624004294765212,182.06907477699386,0.12749558452075124,101.03370352134488,0.8076779666118893,212.55315552392636,0.06366393833612963,388.26993985184566,0.0011625105312298247,0,29,0.0011625105312298247,SPY
2021-04-02,2021-04-01,374.1629028320313,117.1856460571289,161.97999572753906,0.027158769942996,0.0,0.0079639991291995,train,1,R1: Growth / trend,-7.328185349214973,-2.152344080911681,-8.319136706878261,1.5099102116624732,2.1843987640071143,4.989113984545235,223.65905867385243,0.10110421710100538,130.22479356872532,0.8495399839596669,255.33472984291328,0.04913357202802452,492.31095036056644,0.00022222691130320527,0,30,0.00022222691130320527,SPY
2021-04-09,2021-04-09,384.32470703125,117.1856460571289,163.27000427246094,0.0140221757928185,0.0127266987361844,0.0188644683680834,train,1,R1: Growth / trend,-6.96314248278766,-1.8535405347453482,-6.8571711512942,-0.09163619549868807,0.9170860304233049,4.566217215907055,180.41915318956316,0.1169410225646881,94.82870018518295,0.8218201470448587,209.03532208384203,0.06093206302885158,441.3070581935631,0.0003067673616016105,0,31,0.0003067673616016105,GLD
2021-04-16,2021-04-16,389.7137756347656,118.67703247070312,166.35000610351562,-0.0012463448915717,0.005744625153871,0.0003004976924234,train,1,R1: Growth / trend,-6.243000291093761,-1.9847289069714356,-5.360993620341747,-2.2757174473291375,0.6700712594656187,5.1898155904635015,155.8333660635155,0.14780738787522715,82.60369371667272,0.7838115496888921,189.94539843963992,0.06795172402050549,412.2476006322064,0.00042933841537510587,0,32,0.00042933841537510587,TLT
2021-04-23,2021-04-23,389.2280578613281,119.3587875366211,166.39999389648438,0.0013436331882179,-0.0101388370871856,-0.0044470568600821,train,1,R1: Growth / trend,-5.52346696916746,-1.0788995600073172,-5.691655332522083,-2.2137754693174045,-0.10966227366323139,3.980247500676,134.09856226873387,0.15823519337142022,64.84868088776511,0.7663789578814428,166.92649199951796,0.07490520565958265,388.5503431157606,0.00048064308755441836,0,33,0.00048064308755441836,SPY
2021-04-30,2021-04-30,389.75103759765625,118.14862823486328,165.66000366210938,0.0115506083063028,0.005727956331073,0.0357961640993105,train,1,R1: Growth / trend,-5.9395741100361015,-1.776128164407232,-6.7902620579673645,-2.1901865591127487,0.1674347757940453,3.1087744369941785,142.40096296270173,0.18046767709811773,79.08185571384371,0.7635937525978939,194.15173494048508,0.05551247871566809,407.91186396530156,0.00042609158832027837,0,34,0.00042609158832027837,GLD
2021-05-07,2021-05-07,394.2528991699219,118.82537841796876,171.58999633789062,-0.0131245133575443,-0.0154416655751515,0.0064106656972562,train,1,R1: Growth / trend,-6.292682499759014,-0.7016555511540348,-5.008217292567424,-3.0006554607453753,1.9382890665201864,5.350791892235619,157.3509074933021,0.14392747779921833,83.32258881340456,0.7772501823351571,183.86480602699524,0.07867233347870506,458.7569714137009,0.0001500063869195134,0,35,0.0001500063869195134,GLD
2021-05-14,2021-05-14,389.0785217285156,116.99051666259766,172.69000244140625,-0.0039364436940779,0.0043042403112367,0.0193988696355669,train,1,R1: Growth / trend,-5.207397036297937,1.1699954390186136,-6.872258707946415,-2.468581279115776,0.7821137809390991,3.6446463311421615,147.1439057316695,0.14145737784630008,72.24823517682705,0.779155386212116,172.58278552083408,0.0792391629197706,448.35951592763723,0.00014807302181334408,0,36,0.00014807302181334408,GLD
2021-05-21,2021-05-21,387.54693603515625,117.49407196044922,176.0399932861328,0.0122907554827738,0.0055927906830717,0.0132924999200396,train,1,R1: Growth / trend,-5.330047959570482,1.328206348041768,-6.148801294410319,-3.345617320278577,0.8892611330147407,4.522800051251862,153.4092499886354,0.13510770198481936,76.47456499150695,0.7795645195014455,173.64821220234728,0.08520028116860374,459.1761512561865,0.0001274973451314897,0,37,0.0001274973451314897,GLD
2021-05-28,2021-05-28,392.3101806640625,118.15119171142578,178.3800048828125,0.006094722610737,0.0120006614873406,-0.0068393384197102,train,1,R1: Growth / trend,-6.339458342062004,-0.9190119050695209,-4.713032987751894,-4.10427456820291,3.0373997134477166,6.093668741439556,172.29998430680558,0.1599852959162914,103.47779918231424,0.7673421281458573,207.00217038089104,0.07256807086796793,494.21484418118314,0.00010450506988329921,0,38,0.00010450506988329921,TLT
2021-06-04,2021-06-04,394.7012023925781,119.56908416748048,177.16000366210938,0.0040465242037985,0.0172263438623867,-0.0080153428516157,train,1,R1: Growth / trend,-5.8203068285521,-0.0013423433632033799,-4.580224324041584,-4.2172014002930425,1.2548956061461594,4.665329143879755,141.88732813646382,0.1630518803279058,74.88746414802102,0.7502486261717265,169.68727678129827,0.08655263219376319,449.6999121403455,0.0001468613066044863,0,39,0.0001468613066044863,TLT
2021-06-11,2021-06-11,396.2983703613281,121.62882232666016,175.74000549316406,-0.0189309100905945,0.0240325431985795,-0.0615113945572471,train,1,R1: Growth / trend,-6.332603940641066,-0.5506845511009524,-3.5979650981327223,-4.707438143970572,1.1808455360725998,4.843902041471238,145.41886109387303,0.16669219793046933,79.85448015574323,0.7423220666695785,172.06643478312532,0.09083872763700165,454.1569371933426,0.0001470077629503672,0,40,0.0001470077629503672,TLT
2021-06-18,2021-06-18,388.7960815429687,124.55187225341795,164.92999267578125,0.0281740995143671,-0.0255266331697076,0.0100648986589879,train,1,R1: Growth / trend,-4.065072661026395,4.248639840688487,-5.260852364550281,-3.873524435045171,-1.064235805271192,0.07899773314230268,121.0390449613434,0.1705602379693636,60.04412559395146,0.684456441779819,128.1957435016389,0.1449009594933035,456.2163030491385,8.236075751388596e-05,0,41,8.236075751388596e-05,SPY
2021-06-25,2021-06-25,399.75006103515625,121.37248229980467,166.58999633789062,0.0166661449987441,0.0226680849410763,0.0042019146625251,train,1,R1: Growth / trend,-6.386068845391307,-1.4777798317611903,-2.2293701923231746,-0.04302787600841529,4.67492322088899,2.8734971476150384,116.99682121910588,0.1873414899647656,60.485892578546036,0.6787948560609217,131.7777927065026,0.1337811254339462,456.20413620908874,8.252854036650067e-05,0,42,8.252854036650067e-05,TLT
2021-07-02,2021-07-02,406.412353515625,124.12376403808594,167.2899932861328,0.0041500842511856,0.0102731857534044,0.0114771564635691,train,1,R1: Growth / trend,-5.3236844481026555,0.5186306009397492,-1.5507415432707188,-3.5583004587974543,1.4803979207551756,3.8674139690917495,104.72862884066906,0.16856960826085346,44.090269680850724,0.6709954645216548,106.93815862238114,0.16029455087381217,415.98449304886935,0.0001403763436795169,0,43,0.0001403763436795169,GLD
2021-07-09,2021-07-09,408.0989990234375,125.39891052246094,169.2100067138672,-0.0095975438710891,0.0114656680955782,0.0011819451587185,train,1,R1: Growth / trend,-4.690200478878472,1.455820110709289,-1.10719123918087,-3.6658953276134865,1.0414180536515314,3.3672425736246296,94.82418583186148,0.166701774786953,35.80990387281393,0.6394584477691494,88.23491224858537,0.19370141764743157,406.2260976943023,0.0001383597964661534,0,44,0.0001383597964661534,TLT
2021-07-16,2021-07-16,404.1822509765625,126.8366928100586,169.41000366210938,0.0199377933538524,0.0019563013891525,-0.005017449295444,train,1,R1: Growth / trend,-3.2221644816408497,2.618700751259641,-2.351224626129019,-3.772181265842847,0.709060049107001,2.4606652063353205,82.09817902358587,0.1905621582423102,30.202092603185424,0.6215601676537177,82.75965914059145,0.1877120483967906,391.47644897308726,0.00016562570718151,0,45,0.00016562570718151,SPY
2021-07-23,2021-07-23,412.2407531738281,127.08482360839844,168.55999755859375,-0.0032504448189465,0.0068685958112442,0.007475141100349,train,1,R1: Growth / trend,-4.03659205098486,0.7209574579453539,-1.4018241451138125,-2.495539203583667,2.8362502484325773,3.386104824392113,81.32337121055119,0.19843521487574398,31.25261363523223,0.620877504202303,85.47265310876136,0.18053724856193207,396.8191329148825,0.00015003236002101916,0,46,0.00015003236002101916,GLD
2021-07-30,2021-07-30,410.9007873535156,127.9577178955078,169.82000732421875,0.0090761584050145,-0.0104324708433992,-0.0305029308159238,train,1,R1: Growth / trend,-3.2645327456337334,0.7909577951748035,-2.243999329204891,-4.150307177122519,1.9813962660359197,3.879343755726391,85.14624659793051,0.22733546867153562,40.64147869229389,0.6265935354070005,104.63673832909237,0.14582543954872287,384.98384696186463,0.00024555637274098675,0,47,0.00024555637274098675,SPY
2021-08-06,2021-08-06,414.6301879882813,126.622802734375,164.63999938964844,0.007751680663053,0.0052101911319257,0.010629251740085,train,1,R1: Growth / trend,-4.416598010943657,-0.3641227550023023,-1.3472107236600337,-0.6628983693957186,3.1485168766805622,0.8363147247516215,60.63435794291479,0.24321989431136842,22.39486996324071,0.5812068715264666,74.98086804795382,0.17541164429984593,381.8055432707868,0.00016158986231900455,0,48,0.00016158986231900455,GLD
2021-08-13,2021-08-13,417.8442687988281,127.28253173828124,166.38999938964844,-0.005741195848267,0.0134638632356334,0.001863078067978,train,1,R1: Growth / trend,-4.160567593825412,-0.1577041273748898,-0.6667128456427776,-3.041661169855466,2.2626280907176706,2.4042951336457166,66.91528700450469,0.24167589634062953,28.14585017764722,0.5845318233981418,81.44273068898065,0.17358114627313667,376.0677849202195,0.00021113398809210728,0,49,0.00021113398809210728,TLT
2021-08-20,2021-08-20,415.4453430175781,128.99624633789062,166.6999969482422,0.0155405227221323,-0.0072400920853314,0.0209358461730966,train,1,R1: Growth / trend,-2.945791994487379,1.8051955318576147,-1.683280579217568,-3.4185064972373205,-0.09801846696644817,2.2858531702162566,68.9935679263372,0.20198138031674065,21.13654045387663,0.6008920237345586,70.14097107757405,0.19677015355981103,347.2828006203162,0.0003564423888897576,0,50,0.0003564423888897576,GLD
2021-08-27,2021-08-27,421.9015808105469,128.0623016357422,170.19000244140625,0.0062854112707451,-0.0073036764966087,0.0051119049574432,train,1,R1: Growth / trend,-3.6740005599653056,-1.4074846464082917,-0.652018868014542,-2.338227114545962,3.037021909599657,2.9218406083637,63.79663826993692,0.27458650976590626,31.750744343635333,0.569813871414328,88.83488799778478,0.15522340397565343,353.19605299964576,0.0003762148441122159,0,51,0.0003762148441122159,SPY
2021-09-03,2021-09-03,424.5534057617187,127.1269760131836,171.05999755859375,-0.0168622732728539,0.0014849256609954,-0.0226821287161743,train,1,R1: Growth / trend,-3.7502977644202096,-1.7490465507239217,-0.7784767797250718,-2.253700383602117,0.52570692023898,2.904274804833901,63.47157738574811,0.24458996696888635,24.186349714394964,0.5985722271924372,83.27168859104214,0.15579066746067932,302.858702886638,0.0010471383779971054,0,52,0.0010471383779971054,TLT
2021-09-10,2021-09-10,417.39447021484375,127.31575012207033,167.17999267578125,-0.0058950739998925,0.005188305279451,-0.0203971082229524,train,1,R1: Growth / trend,-1.5423604260626553,0.7330956758666805,-2.7381297407929406,-0.8966742392389724,-1.2801647407369539,0.4093574250668429,44.92555769790183,0.2461162365016629,7.976424895530823,0.5710912004834846,58.38483850599444,0.18112467023637757,264.1522205941838,0.0016678927784747938,0,53,0.0016678927784747938,TLT
2021-09-17,2021-09-17,414.9338989257813,127.97630310058594,163.77000427246094,0.0056865143918083,-0.0151504312300324,-0.0028698858670186,train,1,R1: Growth / trend,-1.360456661607292,0.8573177088684756,-2.2545040978188746,-0.5711802931051239,-0.376764233889641,1.4130905121446773,44.81937681280384,0.22702219870086532,4.424962893748477,0.5697971235812854,50.00219938481942,0.20173944135935779,266.91259691829634,0.001441236358491526,0,54,0.001441236358491526,SPY
2021-09-24,2021-09-24,417.2934265136719,126.03740692138672,163.3000030517578,-0.0217837362953036,-0.0093629076315188,0.0078995300797632,train,1,R1: Growth / trend,-1.5171189200940158,-0.2209675424573032,-2.3867450305615256,0.6390768967414899,1.9730968769454567,1.151688254734919,40.60175412174141,0.2686122926234815,8.988681489790979,0.5519471328975576,58.553545594728476,0.17844956044981483,286.51942355168717,0.000991014029145972,0,55,0.000991014029145972,GLD
2021-10-01,2021-10-01,408.2032165527344,124.85733032226562,164.58999633789062,0.0083363468145154,-0.0238733173238498,-0.0021872569315362,train,1,R1: Growth / trend,0.9435963836964629,3.734588576622206,-3.477993647311716,0.47603643495360015,-1.005331306574969,-0.673552779832678,61.35739804062567,0.22594086417075118,25.289328006013825,0.5138578322698717,55.384090989669026,0.25887680913248373,286.9489439480202,0.0013244944268931786,0,56,0.0013244944268931786,SPY
2021-10-08,2021-10-08,411.6061401367187,121.87657165527344,164.22999572753906,0.018293443341284,0.0222020499284927,0.0066979609823565,train,1,R1: Growth / trend,-1.4811903957639423,-0.11151238877358804,-1.8431841021330335,2.642390435877786,1.6177545072580166,-0.6710678770161137,43.10072432722306,0.25832964282109505,12.67769686204982,0.516620744861349,49.36901030204099,0.22395328468133968,282.87186225828464,0.0010963276362163414,0,57,0.0010963276362163414,TLT
2021-10-15,2021-10-15,419.1358337402344,124.58248138427734,165.3300018310547,0.0162603064471773,-0.0062057256063113,0.0147583766671677,train,1,R1: Growth / trend,-2.4598091539414364,-1.252804809514966,-0.4596195857195683,0.6153883379662568,1.7793620003129336,1.5130966313291694,42.63037989339534,0.25316457156647343,9.64635500652204,0.5367083797253785,51.04247438990803,0.2090142197125447,280.85919092265533,0.0011128289956033606,0,58,0.0011128289956033606,SPY
2021-10-22,2021-10-22,425.95111083984375,123.80935668945312,167.77000427246094,0.0135286481898062,0.0247003008391699,-0.0066758678396267,train,1,R1: Growth / trend,-3.473491165316687,-2.1221120265832183,-0.5768501512043351,-0.16013410175480136,1.098957517925284,0.5128025660608041,42.657967358853554,0.2859566974406411,14.645833955212698,0.5413088226237929,65.0560860618267,0.17167183733923944,288.25896904491975,0.0010626425963265562,0,59,0.0010626425963265562,TLT
2021-10-29,2021-10-29,431.7136535644531,126.86748504638672,166.64999389648438,0.0202067763846232,0.0121894126296133,0.0191419295423902,train,1,R1: Growth / trend,-2.046085697559066,-1.0884913287501872,-0.8508159080624373,-2.98431423968211,-0.3373928107368655,1.3042481445904301,36.77119317871152,0.32027261863568673,15.489704320457072,0.5200838644754624,67.81242100501123,0.15790864168513377,265.83027636253917,0.001734875203717089,0,60,0.001734875203717089,SPY
2021-11-05,2021-11-05,440.4371948242187,128.41392517089844,169.83999633789062,-0.002689463580374,-0.013194807108351,0.027143197772921,train,1,R1: Growth / trend,-2.0281876710754787,-1.3454533887614655,0.5768255880991189,-3.4069245520648472,-0.07242752226893756,2.12021489721805,42.57315491569241,0.31401969459350115,22.193529708514657,0.4995599915154378,65.90073197748673,0.18456946265697363,267.9262393666477,0.0018508512340874891,0,61,0.0018508512340874891,GLD
2021-11-12,2021-11-12,439.2526550292969,126.7195281982422,174.4499969482422,0.0034671371961279,0.0069910487939888,-0.0105474139872673,train,1,R1: Growth / trend,-2.245753125358693,-0.8707819746162031,-0.817530928687364,-0.30014216598352583,0.7428737628414283,1.4860074221606436,38.61320055254785,0.2553502258671457,5.3808219830363875,0.5444134427555941,49.58776519250039,0.19886425633651772,268.02673112769764,0.001372075040742523,0,62,0.001372075040742523,TLT
2021-11-19,2021-11-19,440.7756042480469,127.60543060302734,172.61000061035156,-0.0211562634253099,0.014626349862566,-0.033369992969518,train,1,R1: Growth / trend,-1.4707901753993418,0.19435347664790092,-1.4251510449336142,-2.443396377260682,-0.7112544103044239,0.611433548407343,33.74126428705814,0.2977992098727867,9.17357069638995,0.5211826787239785,55.956727689895345,0.17952687374198062,266.2495081054619,0.0014912376612541722,0,63,0.0014912376612541722,TLT
2021-11-26,2021-11-26,431.450439453125,129.47183227539062,166.85000610351562,-0.0120922906642687,0.0266233639196207,-0.001318556863382,train,1,R1: Growth / trend,4.879841954587825,8.15287762049832,-4.913654158733174,-2.7225605578484915,-4.001812454539878,-2.0175644511201583,166.8768134352621,0.260126073150892,143.99933821096715,0.4380540826413605,160.6561908998369,0.2997292465968484,378.6180680065636,0.0020905976108992284,0,64,0.0020905976108992284,TLT
2021-12-03,2021-12-03,426.2332153320313,132.91880798339844,166.6300048828125,0.0381984146702072,-0.0355688409794228,-0.0003000843203058,train,1,R1: Growth / trend,6.282487806461953,7.945534322008742,-2.413651686034722,-1.0238498083866316,0.03654736834575678,1.579684360787136,140.6635912075364,0.20538876923167998,115.38436314069062,0.3653279196942035,108.46929483773792,0.4276601348363898,353.14244139321363,0.001623176237726845,0,65,0.001623176237726845,SPY
2021-12-10,2021-12-10,442.5146484375,128.1910400390625,166.5800018310547,-0.0196592213137365,0.0143761647245466,0.0073238156278834,train,1,R1: Growth / trend,-0.8465246774514195,-2.774875696680392,1.105137352064853,3.6068745266783093,6.066298942699696,2.471167964552647,83.95659245599555,0.3054460831940434,67.43021551487125,0.44508430214660977,93.07934297692728,0.24812836652359524,322.2309810502004,0.0013412481357516976,0,66,0.0013412481357516976,TLT
2021-12-17,2021-12-17,433.8151550292969,130.033935546875,167.8000030517578,0.0233328209729617,-0.0153153567559549,0.0069725753734606,train,1,R1: Growth / trend,2.857093085062655,4.170377477242363,-1.8281733169631456,-1.3997463887438895,-0.4298632196736561,0.7258173891447097,55.60527625117156,0.26394782569698744,33.781799636929165,0.43394425730212693,49.95773146498673,0.30018807944429954,271.72709466730765,0.0019198375565860194,0,67,0.0019198375565860194,SPY
2021-12-24,2021-12-23,443.9372863769531,128.04241943359375,168.97000122070312,0.0092646995034075,-0.0022220996097427,0.0117772709876753,train,1,R1: Growth / trend,-1.1684379786416192,-0.6795356830346965,0.9235474793686309,1.9849518188222797,2.5367511076571163,1.8444218892455875,46.66937530674727,0.23051894748067137,15.30095607099695,0.47103989165508037,35.53636002482813,0.2970665918163831,271.5125105202911,0.0013745690478652233,0,68,0.0013745690478652233,GLD
2021-12-31,2021-12-31,448.05023193359375,127.75789642333984,170.9600067138672,-0.018675276926189,-0.0400162837942624,-0.0187763604808446,train,1,R1: Growth / trend,-1.698040185719464,-1.1534520949135658,-0.13656185755688788,0.10956534933080697,0.8573871511122281,1.1280227457348824,31.664934647159534,0.27652297140752585,5.251919360306203,0.5047249632884026,42.32820055554102,0.21688604465117164,251.07783967827635,0.001866020652899928,0,69,0.001866020652899928,SPY
2022-01-07,2022-01-07,439.6827697753906,122.64550018310548,167.75,-0.0029390891218303,-0.0011246382747394,0.011445592661373,validation,1,R1: Growth / trend,-1.6560681055146644,2.7602134487963927,-2.3592793285740288,4.535554943205374,-0.43730085291249626,-2.558700646569707,87.73972113707147,0.1560769768177086,35.702955636164845,0.5107133367705936,54.529540221700444,0.3325920166045871,330.5783120796001,0.0006176698071105282,0,70,0.0006176698071105282,GLD
2022-01-14,2022-01-14,438.3905029296875,122.507568359375,169.6699981689453,-0.0575403162369005,0.0107673687850122,0.0083691765442903,validation,1,R1: Growth / trend,-2.1587742348933796,3.159819975941057,-0.37209380476433507,3.3914422600160314,-0.35627315017687555,0.24075760460778484,83.11823826522175,0.10494665443670033,15.926051654403496,0.485010104073046,23.345466194334232,0.40958591144264667,321.7275287297425,0.0004573300476071344,0,71,0.0004573300476071344,TLT
2022-01-21,2022-01-21,413.1653747558594,123.82665252685548,171.08999633789062,0.0090644507413357,-0.003481409694898,-0.0233210025120057,validation,1,R1: Growth / trend,1.9821120781453399,9.799983930347377,-3.000604986248946,2.0036623511121725,-4.440410636341332,-2.4892575939709887,199.62565618153718,0.0786612302504865,130.07980098979758,0.3835566465989382,115.27988244978083,0.5373485669988144,427.923026656424,0.00043355615176094255,0,72,0.00043355615176094255,SPY
2022-01-28,2022-01-28,416.9104919433594,123.39556121826172,167.10000610351562,0.0152733377287104,-0.0274326170079912,0.010532581942251,validation,1,R1: Growth / trend,2.3003974873578046,8.317379100304253,-1.7409005507223287,4.94041818940153,-0.16599340785177824,-0.45557833027933603,162.72270043957676,0.0711843850285399,93.8696689384473,0.34166374496104057,70.12565605318512,0.5868350493801363,400.4053872273561,0.00031682063028329045,0,73,0.00031682063028329045,SPY
2022-02-04,2022-02-04,423.2781066894531,120.010498046875,168.86000061035156,-0.0183643419163564,-0.0054671273061641,0.0293142066229432,validation,1,R1: Growth / trend,0.20578978953796145,4.372882405908605,0.26596725009328914,7.035071967600029,1.3965481390958256,1.2747542188063385,137.08599260405737,0.06857748437086253,63.543318916909186,0.36626365174943276,44.54768463667925,0.5645881180688477,347.2934880374241,0.0005707458108569717,0,74,0.0005707458108569717,GLD
2022-02-11,2022-02-11,415.5048828125,119.35438537597656,173.80999755859375,-0.0141443456403048,-0.0001449116205312,0.0190437696627774,validation,1,R1: Growth / trend,3.065684308688541,8.83021102727036,-1.4289140726613223,3.730865611323467,-1.2253651672859482,-0.2480395921935712,164.07289651459158,0.07255612990292129,98.56234161181614,0.3227146391384596,71.02866755820062,0.6042682083780136,386.1275868594271,0.00046102258060537704,0,75,0.00046102258060537704,GLD
2022-02-18,2022-02-18,409.6278381347656,119.33708953857422,177.1199951171875,0.0081065748022843,-0.0098386683178883,-0.0032181124725786,validation,1,R1: Growth / trend,2.3666868650767836,7.011812164493369,-0.2765046124104884,4.232414274250757,-0.13004452215294948,1.2782841152319135,134.85548407082157,0.07248255896831148,68.15302346775881,0.3312611325856688,42.397872781814016,0.595641995052929,344.26497171340367,0.0006143133930907565,0,76,0.0006143133930907565,SPY
2022-02-25,2022-02-25,412.9485168457031,118.16297149658205,176.5500030517578,-0.0127472222770326,0.0259791267442617,0.0403851005424973,validation,2,R2: Transition / mixed,1.6640555878779493,6.364396616757709,-0.4092118267922436,6.178260452794591,1.307028270528947,2.0866243324257594,155.10553182571977,0.05995014133717168,78.3168212135833,0.34476084451272526,54.37549639802578,0.5948222933745848,368.24359279723876,0.00046672077551829856,1,1,0.00046672077551829856,GLD
2022-03-04,2022-03-04,407.6845703125,121.23274230957033,183.67999267578125,-0.0279981118358488,-0.038006149443639,0.0076764139717613,validation,2,R2: Transition / mixed,5.440035558205169,9.993062971735908,-0.018074432294960252,0.08816124571536565,0.1450078607284775,1.9607420699523432,179.25855301190802,0.0920147883858074,132.35419378746457,0.26786580777231195,94.14154518727719,0.6397103594874192,416.99338840089666,0.0004090443544614765,0,2,0.0004090443544614765,GLD
2022-03-11,2022-03-11,396.2701721191406,116.62515258789062,185.08999633789065,0.0614918111932547,-0.0108962330433043,-0.0312820433340056,validation,2,R2: Transition / mixed,3.951054147436739,7.76121032031177,-2.046764238880891,8.43783790140978,2.8150184441989294,0.5248345138926427,219.3765573606765,0.06846244625766412,153.1791255030622,0.3093091400460571,122.52809049907322,0.6217935306322042,441.4441857557504,0.0004348830640744703,0,3,0.0004348830640744703,SPY
2022-03-18,2022-03-18,420.6375427246094,115.35437774658205,179.3000030517578,0.0183794319724428,-0.0358215415104332,0.0171779240302945,validation,2,R2: Transition / mixed,-0.700442727086116,4.748169098685663,2.043372244096351,11.416529166375602,4.83260536260182,0.7496707717122439,254.71018919208686,0.03634826232348118,169.79934993751755,0.25151832202225954,124.12118091291005,0.7120289736350032,511.6006844855534,0.00010444201925615044,0,4,0.00010444201925615044,SPY
2022-03-25,2022-03-25,428.3686218261719,111.22220611572266,182.3800048828125,0.0005081648694005,0.0304898088004095,-0.0157912315259726,validation,2,R2: Transition / mixed,-3.372137534298595,3.1134221735921295,0.05777524533421724,13.097305298385855,4.593770119160384,-0.18832665140289095,294.4420463846326,0.0393499835049857,195.6189394406767,0.3738306631672396,175.832586209974,0.5867269050016565,560.1701589060474,9.244832611824662e-05,0,5,9.244832611824662e-05,TLT
2022-04-01,2022-04-01,428.5863037109375,114.61334991455078,179.5,-0.0118123036338297,-0.0548423671772949,0.0109749371626914,validation,2,R2: Transition / mixed,-3.138932779319488,4.403227156964022,0.7204732006367138,6.483477009503276,0.6480784296841019,1.1788050126743403,152.21995284338934,0.0457051058733437,56.44536203033829,0.40507351860886914,43.094184065637904,0.5490690555017443,402.6012174976196,0.00015232001604284729,0,6,0.00015232001604284729,GLD
2022-04-08,2022-04-08,423.5237121582031,108.3276824951172,181.47000122070312,-0.021851236036828,-0.0349265842583342,0.0141620766415495,validation,2,R2: Transition / mixed,-5.2548338342338585,3.412762338069831,-1.5970232970116989,10.51669844456745,-0.807471736637086,-1.954004707202798,245.79386506270666,0.03894283652747213,134.8294958437638,0.4878434404809559,136.18211375097292,0.4730401641313487,483.416868501979,0.00017355886022325632,0,7,0.00017355886022325632,GLD
2022-04-15,2022-04-14,414.2691955566406,104.5441665649414,184.0399932861328,-0.0268393438328582,-0.0062935252783498,-0.0203760059595837,validation,2,R2: Transition / mixed,-3.6123267050649597,4.925775737338402,-2.2802787886914357,9.36531813377891,-1.7449175976269329,-1.393546940186233,224.53235835902643,0.03849376998210606,114.30828034854598,0.4741536353076695,113.12554578125338,0.4871029455505413,445.6883418657917,0.0002496491596831662,0,8,0.0002496491596831662,TLT
2022-04-22,2022-04-22,403.1504821777344,103.88621520996094,180.2899932861328,-0.0329547058821303,-0.0045006915836539,-0.0187475165005922,validation,2,R2: Transition / mixed,-1.5837449690862997,7.832589761537994,-3.960706634268515,9.040763959840822,-3.1522066055163718,-1.9335754826210665,268.11365208646714,0.03291945275755707,153.84408658888657,0.4446376723980996,146.78762834082926,0.522180964863175,480.2983306269674,0.0002619099811684141,0,9,0.0002619099811684141,TLT
2022-04-29,2022-04-29,389.8647766113281,103.4186553955078,176.91000366210938,-0.0016017892321532,-0.0467683834134126,-0.0084223925290845,validation,2,R2: Transition / mixed,0.761487328801504,11.314693455225015,-4.334708781182234,8.004285621064687,-3.853098989932301,-2.4487876296994453,325.35401347829435,0.02685441578596606,212.68218457794828,0.3497532537226581,187.3241141549987,0.6232294693774348,549.4550877551275,0.000162861113941091,0,10,0.000162861113941091,SPY
2022-05-06,2022-05-06,389.24029541015625,98.5819320678711,175.4199981689453,-0.0233872792506811,0.0203221324490487,-0.0377950345001555,validation,2,R2: Transition / mixed,-1.9948124035466275,8.37601582850699,-2.0390344923139434,12.941242736467439,0.15028314208871707,-3.2466116427374248,351.4495489024306,0.020864531587291287,234.86547203587244,0.29707182720769865,198.3848126930297,0.6820115267583329,614.4895992963961,5.211444667711313e-05,0,11,5.211444667711313e-05,TLT
2022-05-13,2022-05-13,380.1370239257813,100.5853271484375,168.7899932861328,-0.0300955417847792,0.0218138459578032,0.0191954832753125,validation,2,R2: Transition / mixed,-0.23671152828904296,10.285378630863798,-0.25614086592330687,8.174170187496669,-1.3849688079624254,-0.866410988638093,268.609181794521,0.018696070216450963,156.97326191907405,0.23781944867182067,106.94274391134908,0.7434237425141053,520.1101266531085,6.073859762322644e-05,0,12,6.073859762322644e-05,TLT
2022-05-20,2022-05-20,368.6965942382813,102.77947998046876,172.02999877929688,0.0657805147560928,0.0048097793328616,0.004766653083982,validation,2,R2: Transition / mixed,2.027052101588362,10.812834511203695,0.21945027898036717,5.979931532574685,-0.7191871664468076,-0.211234454866422,235.83487534324786,0.027351130305765164,145.28097683290991,0.21522475729285392,90.05467914344112,0.7573331925784719,486.3282264930359,9.091982290910925e-05,0,13,9.091982290910925e-05,SPY
2022-05-27,2022-05-27,392.94964599609375,103.2738265991211,172.85000610351562,-0.0113662645441107,-0.0238794081724063,-0.0015620726810923,validation,2,R2: Transition / mixed,-2.378966720729251,3.707788300971386,3.5980215230548596,8.029483313043697,4.008261096780977,2.3256340254085544,191.47150344116568,0.039740771103971645,105.20453727192938,0.28362168534379273,67.0433211537194,0.6765449810400059,457.5792148786949,9.256251222978542e-05,0,14,9.256251222978542e-05,GLD
2022-06-03,2022-06-03,388.4832763671875,100.80770874023438,172.5800018310547,-0.0505191746623282,-0.0194777624697004,0.0113570021687496,validation,2,R2: Transition / mixed,-2.2229198912685924,3.6050967536829437,2.1918030932945687,8.590230662242462,1.6405385346698607,-0.38086501501790193,168.55584056483144,0.05049804211877923,88.51394231382164,0.31274362472281253,57.31812851270711,0.6365489587912425,409.34955888261385,0.0002093743671657114,0,15,0.0002093743671657114,GLD
2022-06-10,2022-06-10,368.857421875,98.84420013427734,174.5399932861328,-0.057361467792751,-0.0148546891342944,-0.0187348982437005,validation,2,R2: Transition / mixed,-0.7379974004844077,6.578600186442623,-0.02769256586028636,6.519937793058987,-1.2592198109375807,-2.834105221287334,160.62754134331806,0.05889450223455325,86.15935083516734,0.3212505292973823,57.32322490598439,0.6196422961503373,407.4869889213609,0.00021267231772706792,0,16,0.00021267231772706792,TLT
2022-06-17,2022-06-17,347.69921875,97.37590026855467,171.27000427246094,0.066199946495377,0.0042826069276691,-0.0068897524676482,validation,2,R2: Transition / mixed,1.0114649643674078,9.776205400170767,0.51058733148253,8.291117713751019,-1.6515443934326597,-3.8348251767143298,256.407994675151,0.02967745495594642,173.55095293291015,0.1959714853080626,113.2413534880719,0.774248775864002,505.3147669270692,0.00010228387198883576,0,17,0.00010228387198883576,SPY
2022-06-24,2022-06-24,370.7168884277344,97.7929229736328,170.08999633789062,-0.0226619944876586,0.030999973942718,-0.0104061911445734,validation,2,R2: Transition / mixed,-0.24954521091643356,5.153546627912325,3.855953487839497,7.13866499553651,1.8736454668772637,0.17153308103089865,159.36949006128535,0.04491161856052698,89.85365479236233,0.2188418996260937,36.60913513691646,0.7360681726573164,402.0668392775741,0.0001783091560628934,0,18,0.0001783091560628934,TLT
2022-07-01,2022-07-01,362.3157043457031,100.82450103759766,168.32000732421875,0.0194892995588662,-0.0286650994391411,-0.0357652329521658,validation,2,R2: Transition / mixed,2.0889825484390636,6.822127040856257,3.323852048155779,2.6493969582850667,-1.4336374996520895,-1.5299589790119112,119.10803542735798,0.0777639337679327,74.9870562068812,0.21247108027353592,22.071496620672665,0.7093045459126819,344.2609690432695,0.0004604400458495603,0,19,0.0004604400458495603,SPY
2022-07-08,2022-07-08,369.3769836425781,97.93435668945312,162.3000030517578,-0.0091080900993866,0.0323552801038791,-0.0202711551636427,validation,2,R2: Transition / mixed,-0.22306008975793534,1.8761808891953113,4.941315994408892,7.229215701594472,2.4893523851751893,-2.115804147006002,128.8574514210564,0.1029299760830907,94.4904816204159,0.2251955577401936,46.54173021199629,0.6713552905549122,361.04740337506576,0.0005191756218036478,0,20,0.0005191756218036478,TLT
2022-07-15,2022-07-15,366.0126647949219,101.1030502319336,159.00999450683594,0.0258614184696497,0.0207509497404083,0.0104396183853587,validation,2,R2: Transition / mixed,0.31760187069999213,3.6022456377486676,6.362610165104796,2.9671649336245896,-1.2063936269262325,-0.28797160175003444,110.55159636830345,0.0740442328208512,67.3898008281487,0.19793515053829863,10.270329856099227,0.7271906051497367,307.687022717213,0.0008300114911136445,0,21,0.0008300114911136445,SPY
2022-07-22,2022-07-22,375.478271484375,103.20103454589844,160.6699981689453,0.0427751162417202,-0.0094474909967393,0.0213481544386628,validation,2,R2: Transition / mixed,-0.016348968514869,1.9665850546530623,7.187466247695778,2.461791632332881,0.23711358173530472,0.037587761333385206,98.16375777239412,0.10377924119074301,67.7646872982069,0.20742975977154068,15.140599642197808,0.6878919598777936,306.61186484173544,0.0008990391599226721,0,22,0.0008990391599226721,SPY
2022-07-29,2022-07-29,391.5393981933594,102.22604370117188,164.10000610351562,0.0035922161272015,-0.0063730262291763,0.0072515974305724,validation,2,R2: Transition / mixed,-1.5873006233918747,0.9277145525620893,8.329956020361148,3.1141447719454227,-0.09610647195375849,-1.1816841637121303,120.62758870837405,0.09730861071607616,89.8054119522852,0.1963803140376786,33.661865419938636,0.705614893369635,337.4746082647671,0.0006961818766102224,0,23,0.0006961818766102224,GLD
2022-08-05,2022-08-05,392.9458923339844,101.57455444335938,165.2899932861328,0.0329649206888043,-0.0078988521494594,0.0156089414716622,validation,2,R2: Transition / mixed,-1.814032585911379,0.3750478946671867,7.081959371853848,3.4251382933564285,0.31992540560554883,-1.8992394977188245,101.04078547274572,0.12891457096879538,74.7480474522873,0.2346581191926101,31.003372345192084,0.635673539298548,326.74535207428727,0.0007537705400464317,0,24,0.0007537705400464317,SPY
2022-08-12,2022-08-12,405.8993225097656,100.77223205566406,167.8699951171875,-0.0116133149490744,-0.021722207761747,-0.0306784657549388,validation,1,R1: Growth / trend,-2.034118096166221,-0.24422874349623158,7.774072679475834,2.325443747391163,0.09207164982386068,-0.13749672581689842,105.34152277465884,0.12428120307235266,75.23768794692215,0.24674311132973803,34.236416673612624,0.6279152837385584,314.4570300902151,0.001060401859350882,1,1,0.001060401859350882,SPY
2022-08-19,2022-08-19,401.18548583984375,98.58323669433594,162.72000122070312,-0.0398681093919799,0.0051309824508016,-0.0058997462307359,validation,1,R1: Growth / trend,-2.6516968417334827,0.13152264725259655,5.319097703306649,3.357698216457793,-2.2600999795711383,-3.7432255613991625,99.66555960069756,0.14947339737594612,70.02813177050788,0.29362226401122204,42.037261123536965,0.5555503783215046,306.1554689463882,0.0013539602913274118,0,2,0.0013539602913274118,TLT
2022-08-26,2022-08-26,385.19097900390625,99.0890655517578,161.75999450683594,-0.0322471873970542,-0.0278739235476486,-0.0154549955792335,validation,1,R1: Growth / trend,-0.021368111564816994,3.9669543020294156,3.4825241974198784,2.284313395684123,-3.5255378192412907,-3.6506929133719415,97.42633017121443,0.12103328643470034,62.47009932572192,0.2683816201712445,26.471009363528285,0.6094225137593015,301.3412924380991,0.0011625796347538005,0,3,0.0011625796347538005,GLD
2022-09-02,2022-09-02,372.7696533203125,96.32706451416016,159.25999450683594,0.0366104032152165,-0.0173289874107589,0.0035163433172087,validation,1,R1: Growth / trend,-1.9441964140573798,4.024487669071787,5.8805502554245805,3.7602382200323747,-3.0694981507703525,-3.5776181179304856,142.19474296400705,0.06363564007827809,90.7310565700158,0.20552699602062277,35.066598781748596,0.7304637738257862,367.72164560719483,0.00037359007531293756,0,4,0.00037359007531293756,SPY
2022-09-09,2022-09-09,386.4169006347656,94.6578140258789,159.82000732421875,-0.0478508753952442,-0.0114483860669175,-0.0249030834935083,validation,1,R1: Growth / trend,-2.8563827683175496,1.920587649547036,7.53307699908477,4.365862889432326,-0.3452633611157407,-1.7108023750438437,139.75796177297138,0.06694143731205955,90.59632930903285,0.20515757742595606,35.02508762879032,0.7276040603987328,377.58995343477176,0.0002969248632515768,0,5,0.0002969248632515768,TLT
2022-09-16,2022-09-16,367.926513671875,93.57413482666016,155.83999633789062,-0.045673783548669,-0.0127954058349528,-0.0181596631003424,validation,1,R1: Growth / trend,-1.1594401675758967,4.878978881731548,5.403401036245558,3.3359070744049246,-3.076207488140918,-4.455949240960512,140.46642885651138,0.07181753062215025,96.24875597228592,0.1966566943567957,38.603241698818024,0.731204078907061,377.8674598011132,0.00032169611399301387,0,6,0.00032169611399301387,TLT
2022-09-23,2022-09-23,351.1219177246094,92.37681579589844,153.00999450683594,-0.02927027560494,-0.0307475693371348,0.0108489884432694,validation,1,R1: Growth / trend,-0.6254360726224084,5.162851176763155,4.006519114599674,3.9953407795960327,-2.114219823043953,-6.06773280680128,136.8071829019858,0.09824552380005694,103.14979492888541,0.21149996508688726,51.24431705189975,0.6900010140506855,398.4210119547314,0.0002534970623702812,0,7,0.0002534970623702812,GLD
2022-09-30,2022-09-30,340.844482421875,89.53645324707031,154.6699981689453,0.0157063539190271,-0.0118976062998084,0.0207539067166788,validation,1,R1: Growth / trend,1.1345425688174133,5.499404784828647,3.776779176775761,3.3847316247028605,-0.4146033041973603,-5.119947271847161,110.77804126054838,0.12478483431115209,89.69534749290897,0.2017198091653173,36.79242875263902,0.6732190561020313,379.10726827055544,0.00027630042149953357,0,8,0.00027630042149953357,GLD
2022-10-07,2022-10-07,346.1979064941406,88.47118377685547,157.8800048828125,-0.0142231109377088,-0.0239625494616937,-0.0310362870770779,validation,1,R1: Growth / trend,0.023851826409711174,4.754585883404134,4.987507289611598,3.9651237985154646,1.2910095240497141,-2.299962783059462,108.9335046188572,0.08705937545576796,71.70670733337606,0.20329555885338207,16.842903070688255,0.7094735996963466,382.40308025462195,0.00017146599450323645,0,9,0.00017146599450323645,SPY
2022-10-14,2022-10-14,341.2738952636719,86.35118865966797,152.97999572753906,0.0465844927189038,-0.0547832464513201,0.0076480468141018,validation,1,R1: Growth / trend,-0.4376009953652702,4.483845148067632,3.7230507133478827,4.534138320942973,-0.18978662060860615,-4.030979252757777,109.44517632458577,0.10092086644743561,72.27168453832205,0.2353780299083232,26.78466980010748,0.6634416483313169,371.2185567974937,0.0002594553129241536,0,10,0.0002594553129241536,SPY
2022-10-21,2022-10-21,357.1719665527344,81.62059020996094,154.14999389648438,0.0393543607291675,0.0389606674933498,-0.0064222528288895,validation,1,R1: Growth / trend,-1.5788632058239773,1.7752478047196338,4.839682715924824,5.42766854534637,1.810591224146386,-3.302185027807887,105.58732207697517,0.1264876080633027,75.17444010286971,0.2528978870481335,35.78940351729036,0.6203126082037026,370.6224848261548,0.0003018966848611889,0,11,0.0003018966848611889,SPY
2022-10-28,2022-10-28,371.2282409667969,84.80058288574219,153.16000366210938,-0.0325688708047996,-0.02425671944408,0.0216113703280917,validation,1,R1: Growth / trend,-2.6782745463608206,1.492166080704047,6.320168269240056,2.6772861388702465,1.2950588922334871,-0.5704532089792667,98.77972333504866,0.10576530320719772,57.92205627711684,0.2682739186771879,20.74782864865114,0.6257065285018436,363.5008776064782,0.00025424961377076697,0,12,0.00025424961377076697,GLD
2022-11-04,2022-11-04,359.13775634765625,82.74359893798828,156.47000122070312,0.0588814320867052,0.0389514639843051,0.0517031780838268,validation,1,R1: Growth / trend,-1.5626007276497063,1.2869323366341785,5.020380533217522,2.2492922315492905,0.1599270949261814,-3.0527532143607905,68.90465336724627,0.17542755752317563,48.63679476660745,0.278370230722686,19.09320213540847,0.5456566915283948,322.32614443456316,0.0005455202257435226,0,13,0.0005455202257435226,SPY
2022-11-11,2022-11-11,380.2843017578125,85.96658325195312,164.55999755859375,-0.0062232589015015,0.0178771175805914,-0.0107559813971843,validation,1,R1: Growth / trend,-0.23730319830787516,0.514226931290644,6.386214414208618,-1.5165238693914376,1.7837271934014458,2.196318989043089,73.06731310089079,0.20673521627651312,58.062275129407446,0.29098489383029136,34.183163260325905,0.5013306141942857,309.38052979909924,0.0009492756989098936,0,14,0.0009492756989098936,TLT
2022-11-18,2022-11-18,377.9176940917969,87.50341796875,162.7899932861328,0.0159076430639311,0.0327180997394074,0.0026414887419676,validation,1,R1: Growth / trend,-1.4488589874133264,-0.26008908968643163,5.254888668815123,-1.424009124516088,0.38091976405247097,-0.3188562949398157,48.74758457693792,0.25892158989205766,38.66452606381546,0.325782272929876,28.118817290021266,0.41425139096384217,290.73462590641884,0.001044746214224206,0,15,0.001044746214224206,TLT
2022-11-25,2022-11-25,383.9294738769531,90.36636352539062,163.22000122070312,0.0113839553452177,0.0431964202794545,0.0247518273245814,validation,1,R1: Growth / trend,-2.6638293696399025,-1.6692026589050948,6.577196678100423,-0.9743388228950188,1.0430379014847988,1.885038321157917,84.82609521290797,0.20991511513808758,62.59657949816078,0.34831871890145305,52.28038137721568,0.44059810150197476,312.7051730475598,0.0011680644584846126,0,16,0.0011680644584846126,TLT
2022-12-02,2022-12-02,388.3001098632813,94.26986694335938,167.25999450683594,-0.0334963137636833,-0.0070964718755209,-0.0011957249480479,validation,1,R1: Growth / trend,-0.0076487943431986505,-0.7119752407916946,5.956042438947712,-2.474004507174791,1.2825375649279653,0.6142972820279213,50.51099848880188,0.3220038010446949,55.63039159871259,0.2865570129322054,42.123362300065466,0.38980383755552345,282.40006428176156,0.0016353484675761067,0,17,0.0016353484675761067,GLD
2022-12-09,2022-12-09,375.2934875488281,93.60088348388672,167.05999755859375,-0.0209774788074795,0.0097721351221486,-0.0016162113995377,validation,1,R1: Growth / trend,-0.4915166805200396,0.16058599521852446,3.811452812932059,-1.9331243112154142,-0.7183424979934079,-2.6826887771699575,31.13052458671944,0.3501202764269074,36.63466547363573,0.308859319632724,32.471688204508325,0.3395847159704466,272.4100219616312,0.0014356879699220493,0,18,0.0014356879699220493,TLT
2022-12-16,2022-12-16,367.4207763671875,94.51556396484376,166.7899932861328,-0.000939396546941,-0.0462139249604308,0.0028179221753239,validation,1,R1: Growth / trend,-0.0061127865274137605,-0.012449039525882277,4.424651729855743,-1.8924237922243885,-0.8267492086122594,-0.8471071495022487,35.86823767005507,0.30642866547759334,34.76209951235353,0.3142485162656148,26.786210581550794,0.3768639767513298,247.67877029399557,0.0024588415054619373,0,19,0.0024588415054619373,GLD
2022-12-23,2022-12-23,367.07562255859375,90.14762878417967,167.25999450683594,-0.0012536233197382,-0.0254503492348822,0.0142293731972784,validation,1,R1: Growth / trend,-1.363629637602334,-2.4575901343748683,3.72865320458853,1.2112413645237372,0.9718982613366761,-1.8505228637690472,36.31261944166766,0.3474710840123906,37.095683196065536,0.3413274671569712,41.50848184173183,0.30868259660703673,252.58224589031937,0.0025188522236015134,0,20,0.0025188522236015134,GLD
2022-12-30,2022-12-30,366.6154479980469,87.85334014892578,169.63999938964844,0.0147740142034777,0.0564482519624425,0.0239920262842627,validation,1,R1: Growth / trend,-1.7751560460413702,-2.1434668878293115,2.9759828195578324,1.0588751624814192,-0.6493550127250665,-2.10910269583379,37.641951480717196,0.3169863104914979,29.932477807272186,0.3778470656179861,39.7845852980131,0.30188521232476057,238.2717754289362,0.0032814115657553273,0,21,0.0032814115657553273,TLT
2023-01-06,2023-01-06,372.0318298339844,92.81250762939452,173.7100067138672,0.0268501359925759,0.0149265264192606,0.0290713695111821,validation,0,R0: Calm / risk-on,-0.5254673346452868,-0.3632847725118087,4.3421979466647205,-2.783448306840418,-0.12233848701989564,-0.6518491060530328,34.77109844604736,0.34109099319146635,37.02322720652755,0.32403227485053493,35.79628386843071,0.33321713892301763,268.54195551136456,0.001659593034981182,1,1,0.001659593034981182,GLD
2023-01-13,2023-01-13,382.02093505859375,94.1978759765625,178.75999450683594,-0.0065747397640305,-0.0051520632551003,0.0029648623606139,validation,0,R0: Calm / risk-on,-2.1907603801011644,-2.9325214372631,5.23714709545644,-2.1999406017484464,0.8418039799499685,0.07096481457135667,52.97985656808156,0.36449332939168533,55.36068405363808,0.34525047977474654,63.26896771258576,0.28833128610937864,283.1536620569915,0.0019249047241895008,0,2,0.0019249047241895008,GLD
2023-01-20,2023-01-20,379.5092468261719,93.71256256103516,179.2899932861328,0.0247549827879423,0.0048024548865663,-0.0003903846731589,validation,0,R0: Calm / risk-on,-1.4560358520330383,-1.9291119833113954,3.8341752078376876,-1.8539567874949088,-0.8183255193642789,-1.135939821251669,34.46704894336637,0.3599208213241892,35.092225181541025,0.3548310680894762,45.12658294599611,0.2823217174606355,245.6989783598578,0.0029263931256991375,0,3,0.0029263931256991375,SPY
2023-01-27,2023-01-27,388.9039916992187,94.16261291503906,179.22000122070312,0.0164416570945462,0.0024783500871246,-0.0321392393014365,validation,0,R0: Calm / risk-on,-2.9912830755963484,-3.504557680923757,4.520578346221889,-1.8369238563514887,-0.35821530699425863,0.050034922289521555,57.992761109698854,0.34131035685987476,51.89284260386815,0.39219358833010415,69.32873843362948,0.2636296341879776,267.8031095520507,0.0028664206220434174,0,4,0.0028664206220434174,SPY
2023-02-03,2023-02-03,395.2982177734375,94.39598083496094,173.4600067138672,-0.0104522983321717,-0.0310215175867456,-0.0005765369517169,validation,0,R0: Calm / risk-on,-2.8672858322767576,-1.8721349207751596,2.780293819309272,-2.1608935130599507,-0.2771749787273375,-2.564947351395121,35.77507729241186,0.3891470962049472,36.94511493962902,0.3789114621714193,58.6908997306158,0.23088225170328244,295.044001291717,0.0010591899203508666,0,5,0.0010591899203508666,GLD
2023-02-10,2023-02-10,391.16644287109375,91.4676742553711,173.36000061035156,-0.0019117251696907,-0.0097687426426436,-0.0121135561612949,validation,0,R0: Calm / risk-on,-3.951494264008234,-1.6727588131360611,2.1804880877238997,-0.7189702355852913,-2.117334542917707,-2.7502999360215186,56.582329377046996,0.288471516671942,37.23655310889177,0.44823427801470056,60.82938341643707,0.2618687523938305,289.67411195751265,0.0014254529195270465,0,6,0.0014254529195270465,SPY
2023-02-17,2023-02-17,390.4186401367187,90.57415008544922,171.25999450683594,-0.0267151287265974,-0.0137721234512057,-0.0169916413444948,validation,0,R0: Calm / risk-on,-3.6687978003676083,-1.865841113650291,2.038747656015957,-0.9723749534381493,-1.970131336630137,-2.0366448823824146,50.90087960017928,0.2942725013659133,31.745054689609013,0.4552736115777313,58.28737725256593,0.2486964440350791,275.676129454278,0.00175744302127653,0,7,0.00175744302127653,TLT
2023-02-24,2023-02-24,379.9885559082031,89.32675170898438,168.35000610351562,0.0197035449242317,0.0115978188345364,0.0245916200745655,validation,0,R0: Calm / risk-on,-3.1200693816206724,-0.9921925386501276,0.795439700004483,-0.16025243672316158,-2.3758395374643775,-2.6999024916439276,47.62801010691996,0.281003849530394,25.115085796130458,0.4692986922199738,53.138536610383326,0.2478520638157368,268.2344265245264,0.0018453944338954675,0,8,0.0018453944338954675,GLD
2023-03-03,2023-03-03,387.4756774902344,90.3627471923828,172.49000549316406,-0.0452263455611621,0.0363140033633835,0.0080004033861436,validation,0,R0: Calm / risk-on,-3.3511853746129,-1.8457656641613442,1.8734191956224928,-0.5115177926840014,0.5441795970254292,-0.3273226077282684,40.11208529412915,0.28688015772811043,18.780303168351033,0.4663926192162848,46.916684643445905,0.24568438660525874,286.6804920264265,0.0010428364503460455,0,9,0.0010428364503460455,TLT
2023-03-10,2023-03-10,369.9515686035156,93.64418029785156,173.8699951171875,0.0144292799886625,0.0119326583635663,0.0569391466802591,validation,0,R0: Calm / risk-on,0.5431760722346237,3.315557281132389,0.5465169029859283,-5.029647359139365,-2.8103334745342656,-1.8403725434149898,60.10325348970956,0.33014979173391096,53.271089449264025,0.3857506787680782,66.87213494395841,0.28297069272858144,309.35978075246663,0.0011288367694294252,0,10,0.0011288367694294252,GLD
2023-03-17,2023-03-17,375.2897033691406,94.76160430908205,183.77000427246097,0.0147695144042774,0.0,-0.0006530465973033,validation,0,R0: Calm / risk-on,2.8701619137275913,1.217281179662172,2.6874147364009255,-4.980076094046734,0.765623256525711,0.038837775882677505,33.815721654226635,0.4688644767346054,57.31043251197336,0.27453436302739587,60.65598043533335,0.2543880596173123,268.9184833935949,0.0022131006206862827,0,11,0.0022131006206862827,SPY
2023-03-24,2023-03-24,380.8325500488281,94.76160430908205,183.6499938964844,0.034466369866916,-0.0044922170785245,-0.0023413704877314,validation,0,R0: Calm / risk-on,1.371392342787896,-1.6164164716444194,4.112443917843897,-1.3639692308423395,1.9183864917465545,2.0063550865286355,36.83808767697708,0.3696866699255985,43.41953760407793,0.31821351494200223,44.95439556384978,0.3072791773262785,227.33519244061065,0.004820637806120894,0,12,0.004820637806120894,SPY
2023-03-31,2023-03-31,393.9584655761719,94.3359146118164,183.22000122070312,-0.0004887200484674,0.0228932994209285,0.017847419772266,validation,0,R0: Calm / risk-on,-0.19371034924852115,-3.1116623288365783,3.5245849143589236,-0.9081355724358817,3.0589453612587714,1.6712647763630755,38.08351894996951,0.4110819489352505,45.38453820890922,0.3480919683755664,62.12327352174589,0.23773069880372016,252.6852132948773,0.0030953838854629965,0,13,0.0030953838854629965,TLT
2023-04-07,2023-04-06,393.7659301757813,96.49557495117188,186.4900054931641,0.0079915231604126,-0.0317882824204048,-0.0006971144778977,validation,0,R0: Calm / risk-on,0.27980116209479644,-2.5928115505166893,4.526743316131998,-2.8418406023824456,0.7146822734760662,1.8820176919024414,43.58601480608475,0.3986377977136252,51.873855305895084,0.3300507436897826,61.431315839211514,0.2654737978399934,228.99003497957068,0.005837660756598826,0,14,0.005837660756598826,SPY
2023-04-14,2023-04-14,396.9127197265625,93.42814636230467,186.36000061035156,-0.0006303996083049,-0.0064712725507671,-0.0113221753779837,validation,0,R0: Calm / risk-on,-1.3533287520394763,-3.8432862703641764,3.3719254264177256,-0.689626435454507,0.2372215637935804,-1.0984959491374915,31.499193785322515,0.431729100495844,41.20629737539211,0.3460762055016274,61.68170103169999,0.21706678323356732,226.09399718911035,0.005127910768961482,0,15,0.005127910768961482,SPY
2023-04-21,2023-04-21,396.6625061035156,92.82354736328124,184.25,0.009048890211502,0.0197317764549544,0.0029850911900017,validation,0,R0: Calm / risk-on,-2.279206035756596,-3.58412741461047,2.620248469933311,-1.3733249385851702,-1.6435706018892016,-1.988638010957478,39.36204113761133,0.41182497511931576,42.62791911981542,0.38229703107108465,70.92824510582129,0.20063411897536065,230.9033488603012,0.0052438748342389626,0,16,0.0052438748342389626,TLT
2023-04-28,2023-04-28,400.2518615722656,94.65512084960938,184.8000030517578,-0.0079338471953656,-0.0122610190224007,0.014393958972849,validation,0,R0: Calm / risk-on,-1.8220173412755587,-2.2868185894746027,2.957872313043258,-2.6935590486405117,-1.938324484695567,-0.11379823758406082,42.16087459355359,0.34783796653525223,35.21454059862091,0.4074761770278931,58.44252719388716,0.24004380723517252,231.64096839487962,0.0046420492016822105,0,17,0.0046420492016822105,GLD
2023-05-05,2023-05-05,397.0763244628906,93.49455261230467,187.4600067138672,-0.0025205594756658,-0.0059108811950007,-0.0034674550943849,validation,0,R0: Calm / risk-on,-2.02423416285167,-1.0850454832095937,2.273533586680733,-2.3723888388111236,-1.6312355603818403,-1.732411498241611,33.80226409097211,0.34657447418233017,27.313492001776943,0.40178601186541707,48.20217662238035,0.24964768741200086,260.2630875187589,0.001991826540251849,0,18,0.001991826540251849,SPY
2023-05-12,2023-05-12,396.0754699707031,92.9419174194336,186.80999755859375,0.017080269283261,-0.0304016152245883,-0.0169691034225886,validation,0,R0: Calm / risk-on,-2.5094739394467123,-1.9338832983796612,2.408498910192726,-2.034431901755621,-0.8105616897759577,-1.4267028401170863,33.487405241059534,0.35917985835141203,27.922367137237494,0.40772846151859615,52.813247352823936,0.23126348754574294,265.27937349013024,0.0018281925842488732,0,19,0.0018281925842488732,SPY
2023-05-19,2023-05-19,402.8405456542969,90.1163330078125,183.63999938964844,0.0033443232525616,-9.913875429568007e-05,-0.0148115945858385,validation,0,R0: Calm / risk-on,-2.8396684051957366,-2.8398896111208387,1.5933935458099213,-0.3165930560407196,-0.43671797166911885,-2.315052938077094,34.13868693593279,0.376127203806788,29.52393996974761,0.4178225384372163,61.02437873306099,0.20386122783991417,260.0474432731669,0.0021890299160815447,0,20,0.0021890299160815447,SPY
2023-05-26,2023-05-26,404.1877746582031,90.1073989868164,180.9199981689453,0.0188085930495283,0.0115846356780633,0.0007185766312638,validation,0,R0: Calm / risk-on,-2.3413438844023853,-1.8081411736294117,1.0202904327502227,-0.2805391377777693,-1.4323871617397903,-1.1946243266077574,33.78876914855231,0.3070916089334725,16.039100192861554,0.46012793716586026,46.52282881300127,0.22976318527795736,236.71036195989996,0.0030172686227098876,0,21,0.0030172686227098876,SPY
2023-06-02,2023-06-02,411.78997802734375,91.15126037597656,181.0500030517578,0.0046269568817183,-0.0006865104627978,0.0054680487030536,validation,0,R0: Calm / risk-on,-2.4583878731689173,-3.563046767275692,2.618719075742702,-0.5030246501955473,-0.5356633114001248,1.5695351635759218,51.82287386479419,0.2960426872538477,32.104354705470215,0.46392127303245145,62.086517867361714,0.2343195300041948,225.08626776247618,0.005716509709506001,0,22,0.005716509709506001,GLD
2023-06-09,2023-06-09,413.6953125,91.08868408203124,182.0399932861328,0.0260350275244083,0.006671984733285,-0.0022521886312965,validation,0,R0: Calm / risk-on,-3.2595603169690883,-3.6868677598538655,1.614043850769467,-0.5353305575704412,-1.4085617240572552,0.264508276043921,51.78829143944928,0.3069438149354844,31.30476489423062,0.48946046935377774,70.90494032914074,0.19857459536802902,232.33253627991377,0.005021120342708928,0,23,0.005021120342708928,SPY
2023-06-16,2023-06-16,424.46588134765625,91.69642639160156,181.6300048828125,-0.0142220469227684,0.0071148332691839,-0.0188845886822683,validation,0,R0: Calm / risk-on,-2.9353680645596825,-3.7916775205793845,1.5078787524666706,-0.5379161094321665,-1.887683129305655,1.4256564191491372,59.00586933968863,0.280682365808269,32.68782616446674,0.5112096801815349,73.91734327174902,0.19984111587880146,213.73758029768334,0.00826683813139465,0,24,0.00826683813139465,TLT
2023-06-23,2023-06-23,418.4291076660156,92.3488311767578,178.1999969482422,0.0232451334084793,-0.0037741816038633,0.0003928581673269,validation,1,R1: Growth / trend,-2.5214631778770897,-3.251299441437455,1.1697191329565317,-1.0503050377896441,-2.3043048896801785,0.6333229969921441,49.043348477689904,0.3043355251327183,27.850201727820327,0.49321035476190683,68.68454719895738,0.1945484116095369,209.2872465375637,0.007905708495838028,1,1,0.007905708495838028,SPY
2023-06-30,2023-06-30,428.1555480957031,92.0002899169922,178.27000427246094,-0.0106706431545251,-0.0348911844448415,0.0020754760100976,validation,1,R1: Growth / trend,-3.17052646484237,-3.6755930111377886,1.021615896880204,-0.4054350810745681,-1.4050935035856882,0.3448575371306108,50.03581313887185,0.30734688193574744,28.4300840435721,0.5027942822445373,72.43058334775004,0.1845273408008816,228.00484919087927,0.005331495018833727,0,2,0.005331495018833727,GLD
2023-07-07,2023-07-07,423.58685302734375,88.79029083251953,178.63999938964844,0.0244671253667301,0.022305186639435,0.0156179651571051,validation,1,R1: Growth / trend,-3.9117473401430303,-2.6941731070301644,0.10945633526597812,0.9139458794133755,-2.192060282928092,-0.5510656597522948,62.02173454713243,0.24140650874573197,25.811454216756093,0.550812975370895,69.37900526943508,0.2041540659208647,246.3066295858037,0.0036264499625083945,0,3,0.0036264499625083945,SPY
2023-07-14,2023-07-14,433.9508056640625,90.7707748413086,181.42999267578125,0.0064547072019802,0.0043441033487099,0.0041338258847878,validation,1,R1: Growth / trend,-4.101450441348061,-3.472997174436119,2.3344662876292825,-1.2348007809624573,-2.3913693331355748,2.9329616569767687,90.14908425104315,0.20904405945883595,47.20925613223961,0.5559982567954884,86.11411289040701,0.229170545124897,247.59950867259374,0.005787138620778596,0,4,0.005787138620778596,SPY
2023-07-21,2023-07-21,436.7518310546875,91.16509246826172,182.17999267578125,0.0104826305923271,-0.018873495285162,-0.0017564610730836,validation,1,R1: Growth / trend,-4.589291669944899,-3.214652555415754,1.262243180408621,-0.7388864864302244,-3.3276985278150963,0.870245770356536,83.61374922429965,0.21937020198410162,41.87865781882823,0.5676673027796765,85.94366688871885,0.20803002911754936,250.1951551534039,0.004932466118672498,0,5,0.004932466118672498,SPY
2023-07-28,2023-07-28,441.33013916015625,89.44448852539062,181.86000061035156,-0.0221264645604682,-0.030196863302509,-0.0091828778364705,validation,1,R1: Growth / trend,-4.449881083589177,-3.2430068242686714,0.6563415210325982,0.5861909542679586,-2.818693687860363,0.3322606137772635,77.6215330335864,0.2183561404856067,35.43289411427581,0.5709116909865601,80.19329270928048,0.2059306932788326,245.18105120141013,0.004801475249000507,0,6,0.004801475249000507,GLD
2023-08-04,2023-08-04,431.5650634765625,86.74354553222656,180.19000244140625,-0.0025963255445452,-0.0120171685144221,-0.014373696114094,validation,1,R1: Growth / trend,-3.5706785964376713,0.5050319710931646,-1.934877142173101,-0.737032922474906,-3.265998028532477,-2.1620275964481133,66.95207758111259,0.22721755742293606,26.398492022325158,0.5723591329877477,72.71557146425533,0.19925964988492276,298.4737597691552,0.001163659704393482,0,7,0.001163659704393482,SPY
2023-08-11,2023-08-11,430.444580078125,85.70113372802734,177.60000610351562,-0.0205315804369686,-0.016776522856411,-0.0127815551489218,validation,1,R1: Growth / trend,-5.044351568274674,-2.0212946724052787,-0.2716771820920696,1.3483918670513086,-1.0425860134743714,0.1437139792191952,74.62548150459861,0.18935522542221098,24.076071579931394,0.5989631943648875,69.99407112601884,0.21042593992297282,294.8062742227749,0.0012556402899285568,0,8,0.0012556402899285568,GLD
2023-08-18,2023-08-18,421.60687255859375,84.26336669921875,175.3300018310547,0.0079494968373272,0.0154631670518936,0.0130610463823495,validation,1,R1: Growth / trend,-3.9469645131701236,0.11026055131673917,-1.598349258193673,0.8241293263891183,-2.7632223349369003,-1.0301343050988745,71.51191593389427,0.17979136827053163,18.888727892395888,0.5962235225005948,62.119117511558045,0.22268900041905304,288.02527167264697,0.0012961088098204401,0,9,0.0012961088098204401,TLT
2023-08-25,2023-08-25,424.95843505859375,85.56634521484375,177.6199951171875,0.0255018334599876,-0.000897876410834,0.0140187229006578,validation,1,R1: Growth / trend,-3.6049841256697257,-0.3290799166208478,-0.19958561231065908,0.49199762712835216,-0.5377081614359592,1.3558254214881815,59.111193201602696,0.1761114207123038,7.197643973270967,0.5746544914256048,44.0469319658591,0.24821581054957267,285.30683838742164,0.0010182773125188528,0,10,0.0010182773125188528,SPY
2023-09-01,2023-09-01,435.795654296875,85.48951721191406,180.11000061035156,-0.0125668130143152,-0.0050607383196603,-0.0112708831959229,validation,1,R1: Growth / trend,-3.804161888492145,-2.2707543926182647,0.8496602948829242,-0.03414639153919752,-0.40301298803333485,2.2884827870335913,64.42842644990017,0.20762441343868526,20.31322455202285,0.5672086737932198,61.277945737216925,0.22307374751401238,266.22010589784657,0.002093165254082457,0,11,0.002093165254082457,TLT
2023-09-08,2023-09-08,430.319091796875,85.05687713623047,178.0800018310547,-0.0013155378996895,-0.0149411920357535,0.0014599871078313,validation,1,R1: Growth / trend,-4.367297413438886,-1.9964661588703967,-0.6194877368660405,1.2672156739831577,-1.9592863187631941,0.29134792757891204,71.69321610156726,0.1924627730571815,21.77509134362887,0.600100250464559,68.90431162179053,0.20508761826069494,265.08793111342715,0.002349358217564679,0,12,0.002349358217564679,GLD
2023-09-15,2023-09-15,429.75299072265625,83.78602600097656,178.33999633789062,-0.0292080482619623,-0.0164584745112958,0.0015700279524868,validation,1,R1: Growth / trend,-3.9943077950721335,-1.5648873777316419,-0.6543702064259886,0.810870966892729,-3.0748427442913306,1.4064016724187631,80.87932303987962,0.16410870714501044,22.715360208823675,0.6174344980214597,69.07438404549598,0.21474677475163914,247.2223802660213,0.003710020081890791,0,13,0.003710020081890791,GLD
2023-09-22,2023-09-22,417.20074462890625,82.40703582763672,178.6199951171875,-0.0068306000936007,-0.0299679990889947,-0.0401410724719888,validation,1,R1: Growth / trend,-3.205611748873381,0.6708647037453335,-2.6248999316659747,0.7570820878928224,-3.7317173270472814,-0.29248964078969786,81.66825852615251,0.16266747913501772,22.603833539977895,0.6246963151347601,70.3611314235701,0.21046047180303631,271.0500789248011,0.0021757339271856646,0,14,0.0021757339271856646,SPY
2023-09-29,2023-09-29,414.35101318359375,79.93746185302734,171.4499969482422,0.0048189447005306,-0.0409458764409242,-0.0102070576328344,validation,1,R1: Growth / trend,-3.079077059042967,0.5997070307494159,-3.862300349163544,2.3493070533379754,-1.8242898614681122,-2.566546365595105,78.14824226237032,0.2107234702622471,31.970265257002783,0.6033730667834617,83.91131752182845,0.18479683445432582,308.5677295747354,0.0011066284999653483,0,15,0.0011066284999653483,SPY
2023-10-06,2023-10-06,416.3477478027344,76.66435241699219,169.6999969482422,0.0045630384721468,0.0332584303207925,0.0538008547259851,validation,1,R1: Growth / trend,-2.8148464700717675,1.0479322542158584,-4.581180024501358,3.7771539475745755,-1.4921896493592244,-2.303581697747516,96.08018850417443,0.1806495269647799,41.65666209852136,0.6241502966219764,92.92761534728066,0.19410091179731054,320.0333179660532,0.001099264615933078,0,16,0.001099264615933078,GLD
2023-10-13,2023-10-13,418.24755859375,79.2140884399414,178.8300018310547,-0.0238933783655994,-0.0498800462189734,0.0266174269311525,validation,1,R1: Growth / trend,-1.5452286993381066,1.8190706343472862,-2.255630587398302,-0.8173086688805689,-0.8644292531695787,1.3486443442932234,53.59128714133944,0.19716097194115406,6.387488556367257,0.5778873335633207,48.00375770502767,0.22392497144310905,284.38035940707783,0.0010267230524162068,0,17,0.0010267230524162068,GLD
2023-10-20,2023-10-20,408.2542114257813,75.26288604736328,183.58999633789065,-0.0249531420783614,0.013575260138084,0.013944101583194,validation,1,R1: Growth / trend,-1.798183412937373,1.5766761402661391,-4.344206237298615,2.6656296010689804,-1.2176662473488817,-0.8509411938624297,77.7304309346936,0.1831178567598093,24.660156206338897,0.6134714069210505,73.40099851535169,0.20209938218400803,294.53521649767237,0.0013113541351321147,0,18,0.0013113541351321147,GLD
2023-10-27,2023-10-27,398.0669860839844,76.28459930419922,186.1499938964844,0.0584639867695595,0.0422052701455928,-0.0073059395914236,validation,1,R1: Growth / trend,-1.1172822084938057,2.719103616101125,-2.875859889927801,0.6126795780956757,0.01865202931345933,1.9842846843476014,68.20363159222475,0.16032867497138667,11.002615593963611,0.5901240612330104,48.91909721439692,0.2487753921222211,302.43917146736754,0.000771871673381671,0,19,0.000771871673381671,SPY
2023-11-03,2023-11-03,421.3395690917969,79.50421142578125,184.7899932861328,0.0136189195561062,0.0041085232040301,-0.0285729691603008,validation,1,R1: Growth / trend,-1.2865951111323362,-3.266431173506993,1.3047067511512676,1.1294489118421205,2.9406057475907414,5.701062247158603,90.48168556159459,0.2368432711136095,55.11859773567474,0.5300713520373195,92.0907368833955,0.2283187148727928,261.92810300410974,0.004766661976278242,0,20,0.004766661976278242,SPY
2023-11-10,2023-11-10,427.0777587890625,79.83085632324219,179.50999450683594,0.0231044603002155,0.0232981223461545,0.023174217533336,validation,1,R1: Growth / trend,-0.9826154953952295,-2.4566769487409417,-0.9768276610198867,2.151597452013455,0.1368802020870954,1.6665748581485271,45.354957979863784,0.2686469889110152,15.71294599012076,0.5277793683554317,59.1879366994799,0.19602977826693993,202.1801543585038,0.007543864466613207,0,21,0.007543864466613207,TLT
2023-11-17,2023-11-17,436.9451599121094,81.69076538085938,183.6699981689453,0.0100045265273991,-0.0026657334778319,0.0100724458101968,validation,1,R1: Growth / trend,-1.437054190534166,-3.0997782750692817,0.8941428723664604,-0.2882226679384499,-0.6174062348817138,3.7635075794274484,59.33449378376881,0.25671225009375986,27.810882789506348,0.52642084876246,68.86663514955917,0.20660367475474367,200.65237162617257,0.010263226389036558,0,22,0.010263226389036558,GLD
2023-11-24,2023-11-24,441.3165893554687,81.4729995727539,185.52000427246097,0.0083462058319092,0.0388022881535043,0.034982697741013,validation,1,R1: Growth / trend,-2.4742149316725124,-5.246050265987066,1.5963858310361543,1.4051039215272418,0.31641322027623386,4.03666651974515,87.37137703260422,0.25804648455403584,55.44874034400672,0.5339889770088447,99.87912115900043,0.19406604184530524,215.606989654014,0.013898496591814113,0,23,0.013898496591814113,TLT
2023-12-01,2023-12-01,444.9999084472656,84.63433837890625,192.0099945068359,0.0023960075593085,0.0166685116420954,-0.0331753309693505,validation,1,R1: Growth / trend,-1.8280997730505846,-1.6063583417696556,0.20887339892236934,-4.556873882224146,-1.271827608423322,3.281647327305152,62.38539583775585,0.3068136261982612,38.6079585545032,0.527378576669341,90.33820693213464,0.162299331251768,258.64655781130534,0.003508465880629756,0,24,0.003508465880629756,TLT
2023-12-08,2023-12-08,446.0661315917969,86.0450668334961,185.63999938964844,0.0239739558087515,0.0521416774227643,0.0073260106379176,validation,1,R1: Growth / trend,-2.5539553977123504,-2.6936585083065383,-0.10908519210834569,-1.4802805763321287,-0.7717304356040268,0.9989752684677582,39.00660965297584,0.31839670564402817,17.81391392421463,0.5159927963295577,68.6547768661417,0.16204559715043268,236.1939854352878,0.003564900875981403,0,25,0.003564900875981403,TLT
2023-12-15,2023-12-15,456.7601013183594,90.53160095214844,187.0,0.0092047131327579,-0.006757452580692,0.0174866538634275,validation,1,R1: Growth / trend,-1.8513771819859781,-2.399709527934916,1.118555283596656,-3.8804318147349752,-1.0762409205005046,3.257586680198539,59.33023670126278,0.3148515670039924,38.622056691999035,0.5046464916880632,84.93088237282542,0.17571938099842763,243.12776489877785,0.004782560309516767,0,26,0.004782560309516767,GLD
2023-12-22,2023-12-22,460.9644470214844,89.91983795166016,190.27000427246097,0.0035046944752898,0.0040616926578738,0.00473008817089,validation,1,R1: Growth / trend,-2.0054044447521813,-2.54510068986123,0.777220285354383,-2.4073361472064896,-1.6707910845543648,2.370359394300457,50.82449668487552,0.2949200247668943,26.408101514202173,0.5143678156514025,71.4279983537296,0.18444144795121667,219.8593632775441,0.006270711630486538,0,27,0.006270711630486538,GLD
2023-12-29,2023-12-29,462.5799865722656,90.28506469726562,191.1699981689453,-0.0155477492444329,-0.0261933485011294,-0.0095202808121664,validation,1,R1: Growth / trend,-2.4978849274079984,-3.128504076411133,0.7941895914570105,-2.3305877063124525,-0.9312553609501025,1.952173090362816,47.97348191141423,0.3217516285211335,28.057049491377896,0.5064875871643102,76.74071424105429,0.16707257513227616,233.5972521925056,0.0046882091822802174,0,28,0.0046882091822802174,GLD
2024-01-05,2024-01-05,455.3879089355469,87.92019653320312,189.3500061035156,0.018721094566058,0.0023883457267328,0.0019012442500518,test,1,R1: Growth / trend,-2.4075049383054776,-1.717615020320264,-1.3106883448638378,-0.5034686703499667,-1.7193899523149034,-1.2183207138285326,36.22253580691564,0.31881604136802105,15.217329669594456,0.5144702478161048,65.50371437092187,0.16362125752513074,239.708429036081,0.003092453290743329,0,29,0.003092453290743329,SPY
2024-01-12,2024-01-12,463.9132690429687,88.13018035888672,189.7100067138672,0.0120626174636599,-0.0251761713018483,-0.0093828157455641,test,1,R1: Growth / trend,-2.940179043910172,-2.6088831554920526,0.4031497608781352,-1.2969307150287195,-0.8590108817284836,1.8625171080641274,49.901757571977484,0.2723519775237174,19.815622076064212,0.5404991413920712,67.18284119024473,0.18371979100924124,241.93744604995948,0.003429090074970014,0,30,0.003429090074970014,SPY
2024-01-19,2024-01-19,469.50927734375,85.9113998413086,187.92999267578125,0.0103227324490018,-0.0032945019967445,-0.0048954302389215,test,1,R1: Growth / trend,-2.8342288679050216,-2.472930140599971,-1.3744940221630826,1.0279692526906892,-1.012393721419203,0.004619159082203617,47.304038753462905,0.27148274386119653,15.734975496458066,0.5572863563313118,68.50557862892317,0.16748644141937208,235.3373571744897,0.0037444583881194936,0,31,0.0037444583881194936,SPY
2024-01-26,2024-01-26,474.35589599609375,85.62836456298828,187.0099945068359,0.0142386359381496,0.0277147526689802,0.0085557250976613,test,1,R1: Growth / trend,-3.824541334605664,-3.303797921530144,-0.687301043601467,0.2099552432434617,-1.6829733217465321,1.1809032344669195,64.83988028728416,0.24445662979557756,26.15688652844009,0.5900942690760462,83.20179012494941,0.16089176410480674,239.64639916828042,0.004557337023569515,0,32,0.004557337023569515,TLT
2024-02-02,2024-02-02,481.1100769042969,88.00153350830078,188.61000061035156,0.0138563775549849,-0.0231080796741126,-0.005354936130468,test,1,R1: Growth / trend,-0.6774357874648863,-1.1530990189123487,-0.2902556694980531,-1.5074648320220905,0.283829526844966,0.6207800339743847,19.068687445868115,0.3544981418989228,7.839720918461486,0.45783655576562904,47.63744607940337,0.18491069189008974,232.28969936298546,0.0027546104453585376,0,33,0.0027546104453585376,SPY
2024-02-09,2024-02-09,487.7765197753906,85.96798706054688,187.6000061035156,-0.0033717978853265,-0.0116143988691511,-0.0067164697474992,test,1,R1: Growth / trend,-2.851206544528547,-3.5635919744343596,0.05936867936152421,0.9550578352056955,1.7867266576713554,0.20453377332134243,41.56502860676657,0.34230678242649676,25.824339401312123,0.48994781928177616,73.42567002854776,0.16565117634792087,265.28146486537037,0.0020942219438063363,0,34,0.0020942219438063363,SPY
2024-02-16,2024-02-16,486.1318359375,84.96952056884766,186.33999633789065,0.0166964352077847,0.0119665533070698,0.0122356918756321,test,1,R1: Growth / trend,-2.1235846077144704,-1.4368194389603706,-1.9571229467257594,0.5099561263251895,0.01711066821512275,-0.9841286789420028,32.03175264193767,0.31808717326017194,10.53807340578795,0.5190379142685452,61.93347855035496,0.1609556336972117,256.3561790588809,0.0019192787740712125,0,35,0.0019192787740712125,SPY
2024-02-23,2024-02-23,494.2485046386719,85.98631286621094,188.6199951171875,0.0098453061291274,0.0095538773342342,0.0226381316032164,test,1,R1: Growth / trend,-2.070934948412246,-1.5878825558099985,-0.5646892255435572,-0.14479927980790164,1.246189027248593,1.085164024867776,32.70648543767966,0.29614982180995897,8.359398782856221,0.5156978015901749,52.99179647305089,0.1865579810445577,262.0348125129251,0.0015943955553085693,0,36,0.0015943955553085693,GLD
2024-03-01,2024-03-01,499.1145324707031,86.80781555175781,192.88999938964844,-0.0022033649067852,0.0133375824414572,0.0453108275225238,test,1,R1: Growth / trend,-1.353509877269361,-2.6157918791197368,-0.06828554932916546,-1.631469092128203,-1.2342072271738884,1.8794615231947303,38.20068286272039,0.3226633567703349,18.753372467848788,0.5025234441706776,67.02237437125041,0.16733826250288905,203.47101891289597,0.007474936556098394,0,37,0.007474936556098394,GLD
2024-03-08,2024-03-08,498.0148010253906,87.96562194824219,201.6300048828125,-0.0005978326177745,-0.0291445754187181,-0.0095223831892541,test,1,R1: Growth / trend,-0.23974859823728256,-0.25780624803076435,1.062753149938724,-2.787631602487041,-2.5681398536801927,3.206900846449596,58.48221337408742,0.24207336659564527,27.403129076158137,0.4914003542222699,55.54411655296329,0.2588306978700882,209.86128847535622,0.007695581311996714,0,38,0.007695581311996714,SPY
2024-03-15,2024-03-15,497.7170715332031,85.40190124511719,199.7100067138672,0.0223210921594956,0.0111902144383881,0.0032046435738464,test,1,R1: Growth / trend,-2.0019341904285928,-1.8136913360031228,-0.16574530700618367,0.3833032238278691,-0.8936033578874785,1.5346520570779312,43.28141930004959,0.24605228728262554,9.056239956636334,0.5365899269655375,49.61750926915019,0.21298046180000343,220.14257470850075,0.004377323951833565,0,39,0.004377323951833565,SPY
2024-03-22,2024-03-22,508.82666015625,86.3575668334961,200.3500061035156,0.0035685942593493,0.0068100183946386,0.0268030693965288,test,1,R1: Growth / trend,-2.5877778510793776,-2.834655665095519,1.0149764479013248,-1.5321463507907551,-0.19546163098671762,2.8556450534766005,53.971256145944004,0.275889318938098,25.469775006406138,0.5281061200731066,69.82936328735667,0.19223783180976212,242.45104560713148,0.003766729179033225,0,40,0.003766729179033225,GLD
2024-03-29,2024-03-28,510.6424560546875,86.94566345214844,205.72000122070312,-0.0088706375025907,-0.0309413483966767,0.0457903855388335,test,1,R1: Growth / trend,-2.0612696137826845,-1.55710328451142,0.8713720395060083,-3.304391496043693,-1.2681079547484742,2.3145805091865297,49.97392314891819,0.29082234602113277,25.326995170643304,0.5098919208377469,67.27266718459202,0.19610038919840986,248.12658923502042,0.003185343942710472,0,41,0.003185343942710472,GLD
2024-04-05,2024-04-05,506.11273193359375,84.25544738769531,215.13999938964844,-0.014621055501763,-0.0120362782552317,0.0081342381935705,test,1,R1: Growth / trend,-0.5367574164520837,1.1174528565886632,-1.7080124789507387,-0.8749404015837441,-1.5925456583676758,0.44566845406921396,38.44530587305742,0.2500164161008729,6.035476759518708,0.523146142065458,43.196886804526045,0.22436629041107106,241.10564203159618,0.0024711514225981956,0,42,0.0024711514225981956,GLD
2024-04-12,2024-04-12,498.71282958984375,83.24132537841797,216.88999938964844,-0.0307134663442056,-0.0126258786518477,0.0190880142067353,test,1,R1: Growth / trend,1.324997643231753,2.8210893538799318,-3.056626659472949,0.062349047670363866,-0.7677154934208117,0.3782983245080969,49.92569526919247,0.2475297858343301,18.343342124369688,0.5082707686147027,50.928515156321055,0.24193896832994544,256.0587480475742,0.0022604772210218053,0,43,0.0022604772210218053,GLD
2024-04-19,2024-04-19,483.3956298828125,82.1903305053711,221.02999877929688,0.0264560880025315,-0.0102075114563452,-0.0199520593877071,test,1,R1: Growth / trend,1.9252592699402116,4.736653533821144,-3.580071752323983,1.4152096153938294,-1.5721527135381672,1.5955309453465332,94.67421376163253,0.15239180840219566,39.985723635263206,0.5297066902137121,62.71742421788866,0.3155977276014773,278.6816107095283,0.002303773782615026,0,44,0.002303773782615026,SPY
2024-04-26,2024-04-26,496.1843872070313,81.35137176513672,216.6199951171875,0.0059615092468956,0.0216993765384552,-0.0168958936654962,test,1,R1: Growth / trend,-1.475042771257026,-0.5262466542391377,-0.8273561333566162,3.3027809249753632,2.9571890621588217,3.1829312692992247,75.01568643925303,0.18236219613508017,26.32091106489977,0.5529786692405471,58.88862194495603,0.2633248442298174,290.87783047001636,0.0013342903945553217,0,45,0.0013342903945553217,TLT
2024-05-03,2024-05-03,499.1423950195313,83.11664581298828,212.9600067138672,0.0186782774018274,0.0031165939143209,0.0270003748061751,test,1,R1: Growth / trend,-1.3219909236870726,0.6726205690670408,-1.3493289467222225,-0.020422800515250472,0.6990582966186426,2.3167467381950497,46.553585952467245,0.21127009401344984,4.082189258443114,0.5559542892714334,42.535960005298094,0.23151939659564236,271.52126587021144,0.001256220119474459,0,46,0.001256220119474459,GLD
2024-05-10,2024-05-10,508.4655151367187,83.37568664550781,218.7100067138672,0.0165309057499258,0.0140924165312221,0.0226326953330402,test,1,R1: Growth / trend,-3.3900680630790085,-1.6374398991462427,0.302789048675361,-0.6010355058919331,-0.13477326035018627,2.516026997241524,58.480983423738174,0.2128052172906302,15.092675224942258,0.5718143067312687,58.30091460714583,0.2136799757522487,270.47412873865665,0.0017005002258523828,0,47,0.0017005002258523828,GLD
2024-05-17,2024-05-17,516.8709106445312,84.55065155029297,223.66000366210935,-1.8775654895386573e-05,-0.0001096350434385,-0.034606122536138,test,1,R1: Growth / trend,-2.9997049725355867,-2.33551977384678,0.8843587624324554,-2.248188460093653,-0.1898364027545306,2.860710243213826,57.12454388167833,0.2663023352441478,25.977478594376624,0.5414221465334378,71.96719501241014,0.1899002810721276,264.2926616540748,0.0023752371502867675,0,48,0.0023752371502867675,SPY
2024-05-24,2024-05-24,516.8612060546875,84.5413818359375,215.9199981689453,-0.0039098968925589,-0.0101771427292535,-0.0028714112747555,test,1,R1: Growth / trend,-2.7987799358861025,-2.229184187308843,-0.5585488682276598,-0.3145916288114162,-0.3677176975196785,1.6325993056665467,46.43916290256753,0.2600476394036022,12.839432763750231,0.5590877692282742,63.07522383688753,0.17801639987712958,244.59307123868183,0.0028481914909940106,0,49,0.0028481914909940106,GLD
2024-05-31,2024-05-31,514.84033203125,83.68099212646484,215.3000030517578,0.0125907749766926,0.0150652315527521,-0.0171853083873516,test,1,R1: Growth / trend,-1.773091329283262,-0.5650246374877451,-2.1594077427268044,-0.27745252039866203,-0.862316168454436,0.0864960623491316,36.18831571619293,0.27669294291737956,6.141663563911326,0.548620358904975,56.94886206344135,0.17242434474158047,247.1739607522874,0.002262353436064987,0,50,0.002262353436064987,TLT
2024-06-07,2024-06-07,521.3225708007812,84.94166564941406,211.6000061035156,0.016423049801618,0.034644622154774,0.0195179088133061,test,1,R1: Growth / trend,-1.4728445490320068,-2.093996637108837,-0.6561246280947888,-0.6813426233148029,0.28032508243984233,-0.35820635253393573,20.276737307230864,0.37255381622908046,10.697101757603985,0.46341220012026463,57.03538492529165,0.16125323079084228,235.26379991856788,0.0027807528598123602,0,51,0.0027807528598123602,TLT
2024-06-14,2024-06-14,529.88427734375,87.88443756103516,215.72999572753903,0.0064235677564474,-0.0074996599152943,-0.0044036386550619,test,1,R1: Growth / trend,-0.280138835011134,-1.8920420399216504,1.051783933117983,-3.777519735883992,-1.84061391356955,1.9723134964380478,40.67926935283647,0.3673992761149348,32.67681946339009,0.44087195622404346,71.2350031888952,0.18315877737714956,205.64798344680162,0.008569990283872198,0,52,0.008569990283872198,SPY
2024-06-21,2024-06-21,533.2880249023438,87.22533416748047,214.77999877929688,-0.0005326532828849,-0.0232014050102691,0.0010708433226847,test,1,R1: Growth / trend,0.042410384402593815,-2.5865866457958875,-0.06556362159483203,-1.8096842553447756,-0.48804178851997393,-0.10918290348564774,13.927623768721528,0.4475261899811347,19.163643484921796,0.39720492578101774,62.55104919947532,0.14782599423387585,193.74601578308977,0.007442890003971723,0,53,0.007442890003971723,GLD
2024-06-28,2024-06-28,533.0039672851562,85.20158386230469,215.0099945068359,0.019146689062089,0.0117063360943705,0.0275335952755308,test,1,R1: Growth / trend,-0.44886951931632757,-2.847392254873208,-0.9653571053654626,-0.4793261302398009,0.04293926762023659,-0.6517158274186181,15.459315435809792,0.4357774649425028,16.95704334355272,0.42115953156283586,66.25954073842064,0.13698102872942752,202.97381430452018,0.00608197476523385,0,54,0.00608197476523385,GLD
2024-07-05,2024-07-05,543.209228515625,86.19898223876953,220.92999267578125,0.0096459077252206,0.0149093582709498,0.0098674150492981,test,1,R1: Growth / trend,-0.3367395616957548,-3.4026557284122734,0.449441102694532,-1.6518611331961792,-0.4501209460081952,0.6414845651530532,21.29390885721471,0.4338038516891435,23.954798535502395,0.4082885930904277,68.4460179022987,0.1481776086487549,187.98340571969925,0.009729946571673719,0,55,0.009729946571673719,TLT
2024-07-12,2024-07-12,548.448974609375,87.4841537475586,223.11000061035156,-0.0196431297956284,-0.0108580280521296,-0.0061853116356833,test,1,R1: Growth / trend,0.6287344070922078,-2.9797156055368914,1.1900395116372298,-2.6003870458549105,-1.0927707127138455,1.7754718239781653,29.274849222972033,0.4216792833810711,32.258657372862444,0.39396826134918406,69.60858709698607,0.16824053908434528,172.58109362531815,0.016111916185399675,0,56,0.016111916185399675,GLD
2024-07-19,2024-07-19,537.6757202148438,86.53424835205078,221.72999572753903,-0.008288078967643,0.0007533800490679,-0.0049609473951292,test,1,R1: Growth / trend,2.6797789949210986,1.0512761716187278,-2.356108003117431,-0.5413039757086952,-3.947558530658381,-1.6329654547053867,48.363933865054115,0.35603317999707496,41.177281353826075,0.41936613998907285,72.39091225839712,0.20595566287255487,177.8324029528461,0.01864501714129724,0,57,0.01864501714129724,TLT
2024-07-26,2024-07-26,533.2194213867188,86.59944152832031,220.6300048828125,-0.0211957807608215,0.0604108340920195,0.0213479189178273,test,0,R0: Calm / risk-on,4.183869818411274,0.4485737365817095,-1.4810159335295574,0.13963329989366502,-1.1890839404021796,1.4307532511495866,38.85976874385912,0.3544160891988903,33.97240625095296,0.3961573653484274,59.051922286878096,0.22373682083609953,154.05924840957127,0.025689724616582896,1,1,0.025689724616582896,TLT
2024-08-02,2024-08-02,521.9174194335938,91.83098602294922,225.33999633789065,0.0001686333738544,-0.0205533665141551,-0.00346143069128,test,0,R0: Calm / risk-on,11.855871319881373,6.9383649732789205,-3.3081237972758686,-7.505658544412216,-5.788421770749616,-1.3086959847549058,273.17308844391243,0.5600390545613732,317.96135996724365,0.20188064857418858,323.88136935390355,0.17641018005448378,370.0164770039664,0.06167011680995455,0,2,0.06167011680995455,SPY
2024-08-09,2024-08-09,522.0054321289062,89.94355010986328,224.55999755859375,0.0400008792712618,0.0122583770524606,0.0330869612368589,test,0,R0: Calm / risk-on,8.156481089942718,0.23892097550135238,0.24489865180702192,2.8138569475122868,2.704587211348813,2.29522138373819,87.06764297985347,0.41587594040354386,108.3979795095216,0.25581555019798174,104.46478310786429,0.2797956591672037,181.38048881892644,0.048512850231270624,0,3,0.048512850231270624,SPY
2024-08-16,2024-08-16,542.8861083984375,91.04611206054688,231.9900054931641,0.0141077002952112,0.0097497015987468,0.0001293106538495,test,0,R0: Calm / risk-on,4.787836497461864,-4.752355785759519,3.2728065099446075,-0.9651838640153245,4.911811571652377,4.851274858062026,89.40478974140571,0.57001230149876,127.24389886988241,0.240720916772961,145.92292538282317,0.15729262182299034,215.85694818832795,0.03197415990528856,0,4,0.03197415990528856,SPY
2024-08-23,2024-08-23,550.5449829101562,91.93378448486328,232.02000427246097,0.0027572776398208,-0.0193109595106036,-0.0031463277859046,test,0,R0: Calm / risk-on,4.4650127168411995,-3.4340309203448767,0.9996828161813971,-3.658675212577119,0.2288508814279666,1.0619066799730632,25.416203833234825,0.6321339225904925,70.53812692688983,0.22614365735010664,104.97349594924616,0.10320238642235366,148.2334741745107,0.038520033637047195,0,5,0.038520033637047195,SPY
2024-08-30,2024-08-30,552.06298828125,90.15845489501952,231.2899932861328,-0.0413712548369264,0.0351746840571778,-0.0028535104089169,test,0,R0: Calm / risk-on,2.725713657487074,-4.932544612467092,-0.07936397678253292,-0.9623106059556128,0.29785453870038514,-0.8253410060567493,14.128118198419575,0.6250888276059589,54.22159539765144,0.25076516133151994,100.14948823335014,0.08807820551706702,139.34079939862198,0.03606780554545414,0,6,0.03606780554545414,TLT
2024-09-06,2024-09-06,529.2234497070312,93.32975006103516,230.6300048828125,0.0400659824004645,0.0085373750185668,0.0349043386486467,test,0,R0: Calm / risk-on,9.132203861638894,3.887626824635554,-2.744613862322951,-4.823465378786546,-6.560727682766465,-3.9227368944300043,169.42571701719802,0.5647996249927989,214.5371966858196,0.20210312978147943,227.65183025007005,0.14990641994397125,253.50097697643324,0.08319082528175052,0,7,0.08319082528175052,SPY
2024-09-13,2024-09-13,550.4273071289062,94.12654113769533,238.67999267578125,0.0142043851096245,-0.0152375460734937,0.0147897358237354,test,0,R0: Calm / risk-on,3.03967282433975,-6.288987917469139,3.2829987080672716,-2.2002574781383855,2.409852020112475,2.8105589040010037,57.62731891634405,0.6183909780267651,101.57126161100575,0.22724435011489408,133.20731244239755,0.11053355950849492,173.80991213452543,0.04383111234984603,0,8,0.04383111234984603,GLD
2024-09-20,2024-09-20,558.2457885742188,92.6922836303711,242.2100067138672,0.0056664449740819,-0.0031348145577673,0.0116014924268317,test,0,R0: Calm / risk-on,2.8687999786650473,-5.253145883566078,0.226565397281562,-2.154383646073177,-0.00865175218003117,-0.542648130475063,17.367666883707198,0.6520285947170159,63.12347507573885,0.2299166701832796,111.38474620270262,0.07657480068413143,138.2954744549102,0.04147993441557304,0,9,0.04147993441557304,GLD
2024-09-27,2024-09-27,561.4090576171875,92.4017105102539,245.02000427246097,0.002642494786438,-0.0275056049002925,-8.164342548422354e-05,test,0,R0: Calm / risk-on,3.1503412536863276,-6.193399642369906,-2.9991809207575812,-3.9671499556199947,-1.2111101896660295,-0.0056904211520510395,45.65950160208078,0.6772607188704425,96.03655186431311,0.21495043454556356,180.88225043684065,0.031109772786851782,141.28348163300785,0.07667907379714216,0,10,0.07667907379714216,SPY
2024-10-04,2024-10-04,562.892578125,89.86014556884766,245.0,0.0115186536479747,-0.0193616161588717,0.0019183723294005,test,0,R0: Calm / risk-on,1.489952440722035,-5.5571671913353295,-4.4856810381029355,-1.2572229955872043,-1.1121851506268066,-2.89438537984366,41.496607528935925,0.6629272132561274,81.02499935283431,0.269390402854526,168.62434445033983,0.03661818058127845,175.8447206257993,0.031064203308068236,0,11,0.031064203308068236,SPY
2024-10-11,2024-10-11,569.3763427734375,88.12030792236328,245.47000122070312,0.0086442192888969,0.0018144423795281,0.0236281542466081,test,0,R0: Calm / risk-on,1.4148363704454572,-4.475060060083681,-4.471537469822757,-0.6139371371188362,-1.4841798961204673,-1.8418501648741712,38.25854285079099,0.5720369460565922,60.80873450456801,0.34223016870748935,142.00565685400127,0.05382410974613839,164.95619539141813,0.031908775489780085,0,12,0.031908775489780085,GLD
2024-10-18,2024-10-18,574.2981567382812,88.28019714355469,251.27000427246097,-0.0094939039573715,-0.0184297690220656,0.0081585665495309,test,0,R0: Calm / risk-on,0.9837288190359441,-5.955288740322047,-2.832793454182533,-1.1917576374368886,0.5871136904911073,0.7243453991891896,36.114637441709334,0.5788152476812239,59.63361618858856,0.3387265549974853,140.5392492769917,0.05362777147253838,167.78259976196424,0.0288304258487523,0,13,0.0288304258487523,GLD
2024-10-25,2024-10-25,568.8458251953125,86.65321350097656,253.32000732421875,-0.0138159243001855,-0.0107813918352217,-0.003355463757064,test,0,R0: Calm / risk-on,2.6845338467371724,-2.5990085612333327,-6.003313798242216,-0.2832036732221578,-1.5752048397838383,-2.2937458680028153,49.686202745027245,0.5607822196604738,69.79781758096283,0.35466235883185165,149.64379447489904,0.057522740496075586,182.79105406965562,0.027032681011598916,0,14,0.027032681011598916,GLD
2024-11-01,2024-11-01,560.9866943359375,85.7189712524414,252.47000122070312,0.0475447944480844,0.0181637308008992,-0.0178634866916066,test,0,R0: Calm / risk-on,4.125564665545875,-0.4184954258634017,-7.718865825659523,0.8347124881505967,-0.1714112168465216,-2.2767213019430006,77.04819268933578,0.5400496655649402,92.60498372007619,0.37889495086597347,169.2946885062665,0.06603446012014876,234.29274187650213,0.015020923448937532,0,15,0.015020923448937532,SPY
2024-11-08,2024-11-08,587.65869140625,87.27594757080078,247.9600067138672,-0.0207959950977337,-0.0260566236106282,-0.0458542106312205,test,0,R0: Calm / risk-on,0.6937169470676947,-7.08477929053298,-4.250339199923093,0.28532072745548553,6.27355865945234,2.6673015785090644,97.91892303303742,0.6203065958748085,124.71072418495089,0.33692653779140547,223.37949694645877,0.035590312010887366,293.6679467914003,0.007176554322898637,0,16,0.007176554322898637,SPY
2024-11-15,2024-11-15,575.437744140625,85.0018310546875,236.58999633789065,0.0166623320476555,0.0034412315911163,0.0560040585193499,test,0,R0: Calm / risk-on,2.040465077066818,-1.9508121524985405,-9.299490047882303,1.1574441984304749,-1.4286071609133195,-4.135746820683304,108.4643879021736,0.5458161141710303,122.20666839825545,0.39910187632142796,222.09554586754948,0.041002368454978684,269.0158456535799,0.0140796410525632,0,17,0.0140796410525632,GLD
2024-11-22,2024-11-22,585.02587890625,85.29434204101562,249.83999633789065,0.011821830297638,0.0396061611671154,-0.0170108872170018,test,0,R0: Calm / risk-on,-0.5427511204035276,-4.962129017005699,-4.581226718475764,-0.5513164263220129,0.9966854427477875,0.6502132940766565,48.05562287264704,0.4919060445192801,52.55980730512659,0.44393452184117854,145.06702942772705,0.05396054031433436,218.1964084519395,0.01019889332520691,0,18,0.01019889332520691,TLT
2024-11-29,2024-11-29,591.9419555664062,88.67252349853516,245.58999633789065,0.0087297080738355,0.0079554415428371,-0.0107496210310467,test,0,R0: Calm / risk-on,0.2676376209716711,-5.40105681160218,-3.5137577097594503,-3.64334722501368,2.2256001403387717,1.115816931635081,42.78590333387158,0.6269712738789546,71.33960951343647,0.3271482704586313,164.82434804815432,0.0388893517733568,240.15326967295732,0.006991103889057281,0,19,0.006991103889057281,SPY
2024-12-06,2024-12-06,597.1094360351562,89.3779525756836,242.9499969482422,-0.0059230049224979,-0.0449197081301349,0.0055155231723509,test,0,R0: Calm / risk-on,-1.0531761786152491,-6.03277236388506,-4.810415850221201,-3.410704133299137,0.9229591105936458,-0.17317873942447937,56.91023399876741,0.6104179108463066,80.98256588518402,0.352745771769079,189.56460033988202,0.029728920182659258,252.37890465725883,0.007107397201955193,0,20,0.007107397201955193,GLD
2024-12-13,2024-12-13,593.57275390625,85.36312103271484,244.2899932861328,-0.0183219785182583,-0.0166023533533564,-0.0089647027827788,test,0,R0: Calm / risk-on,-0.9025027586925192,-4.7762458964661585,-7.05865585721795,-0.7344267078979996,0.10220547287579723,-2.0487052824387484,70.38927792074918,0.547623375061548,82.85881391750408,0.412203428894032,193.71288777204225,0.03298754120880882,260.6121019269554,0.007185654835611048,0,21,0.007185654835611048,GLD
2024-12-20,2024-12-20,582.6973266601562,83.94589233398438,242.1000061035156,0.0065294404589211,-0.0137020451595007,-0.0028914175521824,test,0,R0: Calm / risk-on,3.8197663644754463,0.8925576018281252,-10.308683819007879,0.6600715703461524,-2.25441726041058,-1.397732951005139,140.13293096971,0.4183315178802016,132.10888319843616,0.5022367040528264,225.33350612139347,0.06005760934751177,274.99570084272307,0.019374168719460093,0,22,0.019374168719460093,SPY
2024-12-27,2024-12-27,586.5020141601562,82.79566192626953,241.3999938964844,-0.0051427536116506,0.0021817710024139,0.0086578775870884,test,0,R0: Calm / risk-on,-0.03441859897655397,-4.543295178737951,-6.472472037810829,3.678140897321515,2.9466349839414048,2.907177492468932,113.71865926697265,0.34715215356031226,91.53406973839111,0.5754511714874354,187.14300958559969,0.06517458183635869,260.6169927811072,0.01222209311589379,0,23,0.01222209311589379,GLD
2025-01-03,2025-01-03,583.4857788085938,82.97630310058594,243.4900054931641,-0.019359756464314,-0.0209647596008411,0.0193847842384462,test,0,R0: Calm / risk-on,-0.037370336926013215,-0.9758995483455561,-8.526828161041724,0.6652729573170053,-1.1565016369671768,0.6773627748720139,101.73700337674488,0.30607835642580683,70.55203949351154,0.622828706279832,170.37578022906126,0.06408232224626016,267.5060751942156,0.007010615048101007,0,24,0.007010615048101007,GLD
2025-01-10,2025-01-10,572.1896362304688,81.23672485351562,248.2100067138672,0.0294407693854399,0.0202433164973994,0.0042705673821432,test,0,R0: Calm / risk-on,-0.24825813254812468,1.4598421554943215,-9.088887679038967,1.9718746852413085,-2.1217551529892655,-0.40519500009986587,132.70962304294926,0.22161214625308798,83.37448765028631,0.6818717253335147,170.84592615871435,0.09295714985498135,314.0634636557212,0.0035589785584159302,0,25,0.0035589785584159302,SPY
2025-01-17,2025-01-17,589.0353393554688,82.8812255859375,249.27000427246097,0.0173866189743703,0.0003442750194044,0.0255946945668195,test,1,R1: Growth / trend,-1.7420362738791648,-3.1762614036476067,-5.53968354199668,-0.08626441906706761,1.133533133678029,4.2954691051137095,94.48817558000935,0.27165141919324803,56.10543920023365,0.6512697188520785,152.7881915440117,0.07197913719022606,268.98890191353837,0.005099724764447521,1,1,0.005099724764447521,GLD
2025-01-24,2025-01-24,599.2766723632812,82.90975952148438,255.6499938964844,-0.0101154457751343,0.0061911368097682,0.0113827644497721,test,1,R1: Growth / trend,-2.857014304997107,-4.3708398506471955,-4.871135214868178,-1.3750939596987222,0.6629283549973383,4.0450783131019366,95.92511782702144,0.29943078385664096,62.91231785289635,0.6352089186147934,166.20928389843044,0.06038415746329582,275.7765606129068,0.004976140065269761,0,2,0.004976140065269761,GLD
2025-01-31,2025-01-31,593.2147216796875,83.42306518554688,258.55999755859375,-0.0017446855357883,0.0208352919786933,0.0206528325661841,test,1,R1: Growth / trend,-0.8606397087855636,-0.8465517307506519,-6.3349004471721715,-2.0553325816067014,-1.5671458426991354,1.557299267502871,75.46763420942088,0.30879122492313005,45.54327187249072,0.6105607521605351,136.92280400042918,0.07614533982209595,261.0590401912926,0.00450268309423893,0,3,0.00450268309423893,TLT
2025-02-07,2025-02-07,592.1797485351562,85.16120910644531,263.8999938964844,0.0148641457522376,-0.0013440838540617,0.0090565164975904,test,1,R1: Growth / trend,-1.347378281901417,-0.6155940072093488,-4.195215985382027,-1.8510539615117267,0.06245791568145859,2.646350729031169,58.557159290253814,0.27769355629254916,24.128438503858472,0.6084076947413621,98.54197935070158,0.11167765637299068,270.50922421604577,0.002221092593098011,0,4,0.002221092593098011,SPY
2025-02-14,2025-02-14,600.9819946289062,85.04674530029297,266.2900085449219,-0.0160078379207044,0.0051598390167544,0.0167110351371009,test,1,R1: Growth / trend,-2.581014466788388,-3.17864869968581,-3.4282839215021252,-1.727452222885813,2.019740684274413,1.7074037129603763,51.58113993060192,0.37502097646811994,35.3787082468947,0.5424481671875251,118.87223030106625,0.08096453838812881,292.05390842234,0.0015663179562260593,0,5,0.0015663179562260593,GLD
2025-02-21,2025-02-21,591.361572265625,85.4855728149414,270.739990234375,-0.0096010184058653,0.0314694685698451,-0.0275910522647078,test,1,R1: Growth / trend,0.44707245162075115,1.9130710020925261,-5.367951189860338,-2.695235887845448,-1.9075254947936489,0.7289220206384367,69.09307458299261,0.29842248738667587,40.405205851212244,0.5736697239606994,107.17694598391893,0.1253255246734319,277.59162028076355,0.002582263979192919,0,6,0.002582263979192919,TLT
2025-02-28,2025-02-28,585.6838989257812,88.1757583618164,263.2699890136719,-0.0307313217335211,-0.0220315637472287,0.0194478134554856,test,1,R1: Growth / trend,1.784645672861898,2.406340860187265,-4.659686459975717,-2.5863761939191585,-0.573994159504246,0.8860325513104433,56.73117894707289,0.33716518724219974,38.20499642362152,0.5142046562070104,93.39972820464979,0.14623574603230516,273.9032075990767,0.002394410518484844,0,7,0.002394410518484844,GLD
2025-03-07,2025-03-07,567.68505859375,86.23310852050781,268.3900146484375,-0.0227635837707795,0.0006657674161658,0.0255224680952093,test,1,R1: Growth / trend,4.082892657720501,2.8171678792387103,-5.4357913981979005,0.2098441885200386,-2.173405058875566,1.6428736270978153,91.36027473265773,0.2775822524984849,63.44993964745356,0.5242390430251894,109.55360822593325,0.1833967098101706,220.09403377438252,0.014781994666155101,0,8,0.014781994666155101,GLD
2025-03-14,2025-03-14,554.7625122070312,86.29051971435547,275.239990234375,0.0050932812893151,0.0058778432453121,0.0118078771810468,test,1,R1: Growth / trend,4.220731394034059,3.0808983216204235,-3.95538976209993,0.7265674903448087,-0.8184939649499632,3.821608633754564,96.79583847391204,0.22048711827005293,58.972517878069866,0.5219121572376588,92.0124539248444,0.24587184266973358,225.57689574559936,0.011728881822554622,0,9,0.011728881822554622,GLD
2025-03-21,2025-03-21,557.5880737304688,86.79772186279297,278.489990234375,-0.0147523026322631,-0.0061742583625149,0.020000745159749,test,1,R1: Growth / trend,2.4938592976706255,0.6511742051341458,-2.3360936179807426,0.46533076231480086,0.09630089462437741,3.9563927739486635,60.259139100600244,0.25411422737031514,29.22546333598493,0.5153095318359724,66.59257187518507,0.2199721139637361,199.6961698258645,0.010604126829976447,0,10,0.010604126829976447,GLD
2025-03-28,2025-03-28,549.3623657226562,86.26181030273438,284.05999755859375,-0.0906669697524196,0.0337664821003973,-0.0152784495359836,test,1,R1: Growth / trend,3.2581314965314543,3.2238537214395353,-2.621127558142133,0.2114360208537165,-2.627261128917275,2.5749438043055393,82.02421117182801,0.19961235651978027,42.013040687446974,0.496646794714741,65.2390454972116,0.29258733795177605,208.64725978552121,0.011153510813702555,0,11,0.011153510813702555,TLT
2025-04-04,2025-04-04,499.5533447265625,89.17456817626953,279.7200012207031,0.0567209575155149,-0.0641895490434912,0.0651007842685877,test,1,R1: Growth / trend,12.506293390339927,11.540467125461065,-6.0432322578373405,-3.346506369127348,-8.245633332012913,-1.24128238255487,428.4594041769483,0.26366589150211117,422.17524600015395,0.3042480436760755,413.22025351720174,0.3731008027893751,494.1888734192959,0.058985262032438264,0,12,0.058985262032438264,GLD
2025-04-11,2025-04-11,527.8884887695312,83.45049285888672,297.92999267578125,-0.0141026775003829,0.0073655906556422,0.027489687653968,test,1,R1: Growth / trend,8.98854151953304,2.2052169212904835,-2.6427009954843665,8.926881077007758,5.491210474302369,2.736361116832294,230.7499280037722,0.2694655523758732,223.2440773947815,0.31971587932252077,215.07853472794667,0.38508090417533253,333.83873712428573,0.025737664126273485,0,13,0.025737664126273485,GLD
2025-04-18,2025-04-17,520.44384765625,84.06515502929688,306.1199951171875,0.0460288740924073,0.0155376532818904,-0.0045406512251094,test,1,R1: Growth / trend,6.636908569551947,0.4283241879182833,-0.21860030861175306,4.846623545239341,3.9795444132196423,5.26097333039781,135.87401105180385,0.26209144163975095,122.51739665653298,0.35530370997427674,122.74978729232444,0.35342765502000983,232.23889345647132,0.029177193365962417,0,14,0.029177193365962417,SPY
2025-04-25,2025-04-25,544.3992919921875,85.37133026123047,304.7300109863281,0.0292749386228146,-0.0094182277399104,-0.0221507556087177,test,1,R1: Growth / trend,5.522983428341876,0.11359886219608772,-0.6284718515804029,3.254316944440025,3.6800255616833493,3.111950446958225,77.47688486264427,0.3493635488452321,76.73607742225073,0.35530960556621993,87.17498527887712,0.2801090127859455,215.03097943460102,0.015217832802602447,0,15,0.015217832802602447,SPY
2025-05-02,2025-05-02,560.3365478515625,84.5672836303711,297.9800109863281,-0.0042698948233407,-0.0077511616999129,0.029733488908318,test,1,R1: Growth / trend,3.260446574483568,-2.5790559450629043,-0.5166609013516543,3.9838510285198874,1.3307522550915136,0.35673434224834094,44.22231592834264,0.3988939748444245,48.78398693922936,0.359522006133578,72.23143505072575,0.21073781174569164,156.58179076338604,0.03084620727630589,0,16,0.03084620727630589,GLD
2025-05-09,2025-05-09,557.9439697265625,83.91178894042969,306.8399963378906,0.0529113083247843,-0.0086156403708655,-0.0410637669596389,test,1,R1: Growth / trend,2.0991208311114176,-2.5517163716465854,0.5370873029634036,1.9761816860019994,-0.8589017084437325,0.23569029052887497,28.5082905043245,0.37154181292377253,28.414494525585233,0.3723365661204176,50.77852160419,0.22370297793562763,135.56715835748918,0.032418643020182165,0,17,0.032418643020182165,SPY
2025-05-16,2025-05-16,587.4655151367188,83.18883514404297,294.239990234375,-0.0253954401204774,-0.0202782956689946,0.0527121067169373,test,1,R1: Growth / trend,-0.6754142544786664,-6.354272981840511,0.08701946634709873,3.852501099477757,1.0417569910969395,-0.5667496037561391,63.49321118149184,0.44014868570212345,67.92780319949988,0.39785488803056474,114.86827589424925,0.13655504560876564,188.62874424853382,0.025441380658546245,0,18,0.025441380658546245,GLD
2025-05-23,2025-05-23,572.5465698242188,81.50190734863281,309.75,0.0177515240757977,0.020461463659938,-0.0198547018449858,test,1,R1: Growth / trend,0.8172016409395089,-1.8751771186051338,-1.8443827320563946,0.6878720438498511,-3.865546855588159,-1.1102179286902683,43.27777598834626,0.34871341440834097,31.926113934143174,0.4516261441429866,75.5023185213559,0.1673583287900116,147.71123317589797,0.032302112658660745,0,19,0.032302112658660745,TLT
2025-05-30,2025-05-30,582.7101440429688,83.1695556640625,303.6000061035156,0.0165423656948799,-0.0070965581770814,0.0052041717407835,test,1,R1: Growth / trend,0.49918833464436574,-3.486013396498613,-0.3476440195952248,0.8537053470229661,-1.603645098064253,1.406849013502451,36.96827154867151,0.34728111493374914,25.592959057855563,0.4500135379077956,68.32763714522198,0.16998855456605652,140.66113128026083,0.03271679259239881,0,20,0.03271679259239881,SPY
2025-06-06,2025-06-06,592.3495483398438,82.57933807373047,305.17999267578125,-0.0035717468886059,0.0114823400458932,0.0364047976137928,test,1,R1: Growth / trend,-0.08148299186543317,-5.631070661226804,-0.6797125408032652,2.225009563267255,-0.575587661195735,0.8546141813728099,50.6483195715081,0.4007437650612349,47.619447385984714,0.4293719361209563,101.407364056321,0.1260868694207528,147.82268604211245,0.0437974293970559,0,21,0.0437974293970559,GLD
2025-06-13,2025-06-13,590.2338256835938,83.52754211425781,316.2900085449219,-0.0016132749958093,0.0018531945478867,-0.019475808579753,test,1,R1: Growth / trend,1.0974659515460288,-1.8527284267193267,-1.2268531164992353,-1.182723749570049,-3.460430680661548,1.4288072784873105,42.98481705766399,0.33430720138084413,28.383523936071963,0.46623746121959353,73.95905865407492,0.16508003926762987,142.83573446249022,0.0343752981319325,0,22,0.0343752981319325,TLT
2025-06-20,2025-06-20,589.2816162109375,83.68233489990234,310.1300048828125,0.0347141677861455,0.010405882857599,-0.0287298988225153,test,1,R1: Growth / trend,1.0462238533341979,-3.1831949110214923,-1.6156179310902374,0.4900209855288289,-2.0300386215076665,1.0896120250087322,35.98701180290672,0.3704994448875138,27.456691607742773,0.44997082126801674,78.5256588965177,0.14057922469856915,134.86510866861013,0.038950509145900196,0,23,0.038950509145900196,SPY
2025-06-27,2025-06-27,609.738037109375,84.5531234741211,301.2200012207031,0.016961950152293,-0.0010933407275421,0.0196534539663479,test,1,R1: Growth / trend,-0.7113887035341852,-4.902917478018413,0.3459079307937021,-0.23489102249089094,-1.1793846530002168,1.4234010202143499,41.26762606535546,0.39384347057973057,36.32184842305235,0.44081452875608595,86.7910282053504,0.13961331345868072,161.03080271509683,0.02572868720550272,0,24,0.02572868720550272,GLD
2025-07-04,2025-07-03,620.0803833007812,84.46067810058594,307.1400146484375,-0.002750556947425,-0.0135679463218683,0.0065116881702609,test,1,R1: Growth / trend,-3.0249255397982298,-4.0117441396238425,0.6555599046104832,0.4225098204402169,-0.9603636256948654,1.1313392313000432,54.73427129257614,0.28959784819182927,28.708758320521632,0.5239442186794242,75.66859132523169,0.17975317088583417,220.03187831015123,0.006704762242912299,0,25,0.006704762242912299,GLD
2025-07-11,2025-07-11,618.3748168945312,83.3147201538086,309.1400146484375,0.0063500269902057,-0.0064111304645956,-0.0024260851538514,test,1,R1: Growth / trend,-3.1132181881160665,-2.718713723097652,-0.7211848129682679,-0.08412327740160885,-1.9092222015177618,-0.15413637755189646,48.52442314314246,0.2845003643220253,20.021289141288207,0.5446098516888437,72.03933748134412,0.16650693290383284,231.70345010292132,0.004382851085298176,0,26,0.004382851085298176,SPY
2025-07-18,2025-07-18,622.301513671875,82.78057861328125,308.3900146484375,0.0151694013253316,0.0139606437328068,-0.0032102879630578,test,1,R1: Growth / trend,-3.8918315109606714,-3.3228772857890254,-0.4202429107460297,0.004246612668480476,-3.0512316083225555,1.2027665182119458,75.59097536181548,0.22677593302631885,33.1241556843013,0.5966954665665434,88.40146499599538,0.16937654805200164,227.31983707982496,0.007152052355136093,0,27,0.007152052355136093,SPY
2025-07-25,2025-07-25,631.741455078125,83.93624877929688,307.3999938964844,-0.0241407814847119,0.0199665651428888,0.0055627569584597,test,1,R1: Growth / trend,-3.6186657189525517,-3.1597883009787235,0.028535895017616567,-1.1862295600483796,-1.694104158428821,1.7176942892279659,61.78057031897086,0.26022187724203955,27.35475653811872,0.5700906787422139,81.67709069483477,0.16538372048900243,241.84382275922056,0.004303723526744229,0,28,0.004303723526744229,TLT
2025-08-01,2025-08-01,616.49072265625,85.61216735839844,309.1099853515625,0.0248665819718938,-0.0060350093099248,0.0127462800560296,test,1,R1: Growth / trend,0.3379149358504072,0.8621143420628239,-1.484439862919705,-4.793355675743485,-4.624036003525462,0.6840623448376026,69.61353701840056,0.3216015545572656,50.8149117307366,0.49352243050848843,95.82997661241046,0.17698621374520912,232.36813574617952,0.007889801189036833,0,29,0.007889801189036833,SPY
2025-08-08,2025-08-08,631.8207397460938,85.09549713134766,313.04998779296875,0.0098246180766905,-0.0101959567090088,-0.0179523888718506,test,1,R1: Growth / trend,-2.4819203304819055,-3.8181630420562267,0.8827980425134483,-1.3845546851878785,0.028562907768068357,2.987569953130579,56.17418843056329,0.3075160795534003,33.08175747798038,0.5204013245830623,83.10173258000287,0.16651510790681012,232.26615310999833,0.005567487956727187,0,30,0.005567487956727187,SPY
2025-08-15,2025-08-15,638.0281372070312,84.22786712646484,307.42999267578125,0.0029063123926611,0.0075232463293422,0.0102462153060205,test,1,R1: Growth / trend,-2.2611533317197425,-3.1878914728829106,-0.9370042629346147,-1.1318328412278003,-1.3329923887805428,1.0514796042869108,41.980270223705475,0.3271376597384897,21.01772505358675,0.5273859615684178,79.4969574396558,0.1391714340345578,215.32713822945033,0.006304944658534742,0,31,0.006304944658534742,GLD
2025-08-22,2025-08-22,639.8824462890625,84.86153411865234,310.5799865722656,-0.0004030014210449,-0.005169572050489,0.0241162376063479,test,1,R1: Growth / trend,-1.506860551490918,-2.3604130094231834,-0.7222808089110879,-2.880488990412597,-0.9442199591935492,1.8437504905874067,38.530636528759445,0.35088382464858603,22.564816670517626,0.5048066386132622,79.03853290465582,0.13944041124409287,226.2970346167965,0.004869125494058889,0,32,0.004869125494058889,GLD
2025-08-29,2025-08-29,639.6245727539062,84.42283630371094,318.07000732421875,0.0033950694152806,0.0265208798180285,0.0408085646865756,test,1,R1: Growth / trend,-1.7259000220371674,-3.083785874878048,-0.9197581841314888,-3.3559369824526577,-2.0116713108690267,1.540506850544142,46.84000553983765,0.3713975951552109,33.640589828770636,0.5016845269181124,96.7806387068008,0.11905272099315008,216.05117170147793,0.007865156933526586,0,33,0.007865156933526586,GLD
2025-09-05,2025-09-05,641.796142578125,86.66180419921875,331.04998779296875,0.0157128907253012,0.0156954841545018,0.0132005008183191,test,1,R1: Growth / trend,0.4107010062248877,-2.5122182226709717,-1.0368618344911278,-6.218375057367813,-0.48866103189867915,2.192317468886526,47.69878026526255,0.5134425561358871,59.60111437297448,0.3915013228560464,124.783127849813,0.08868275599954294,240.35823983218572,0.006373365008523703,0,34,0.006373365008523703,SPY
2025-09-12,2025-09-12,651.880615234375,88.02200317382812,335.4200134277344,0.0123668450243306,-0.0103391458254241,0.0112097641688782,test,1,R1: Growth / trend,-0.7957715116409002,-4.148382798745917,0.32140697651637334,-5.155154618869725,-0.3354775039690173,2.642311786806374,52.26046030950469,0.4837199329159052,59.576932166875835,0.4094554875161746,122.18791234703093,0.09834443384961143,229.7656542108795,0.008480145718308843,0,35,0.008480145718308843,SPY
2025-09-19,2025-09-19,659.9423217773438,87.11193084716797,339.17999267578125,-0.0028325562231473,-0.0013477918730488,0.0222890433452549,test,1,R1: Growth / trend,-0.2963616963950719,-5.36850242356557,-1.488821696945305,-4.186529854088945,0.1618311788193897,2.1970471968177683,47.30475711451532,0.5441471011641691,63.04944833660883,0.3801389757893834,142.79159379551984,0.06180080783417448,208.24405275772293,0.01391311521227305,0,36,0.01391311521227305,GLD
2025-09-26,2025-09-26,658.072998046875,86.99452209472656,346.739990234375,0.0111661541395238,0.0088986266751303,0.0314357291372557,test,1,R1: Growth / trend,-0.8566962438310994,-3.7879276724487774,-1.8266593688396706,-3.8924060122111843,-0.22755693523759296,1.3458839975569377,36.180286942478844,0.4838183077745429,41.36345230900745,0.4299336076659241,115.43646589731287,0.0795320317697837,223.93211185400773,0.006716052789749263,0,37,0.006716052789749263,GLD
2025-10-03,2025-10-03,665.421142578125,87.7686538696289,357.6400146484375,-0.0241927820470251,0.0138735935016762,0.0320992618234703,test,1,R1: Growth / trend,-0.650222791750486,-3.9465648147114307,-1.0128812986798736,-4.983723561214128,-1.6849748190518379,2.345207045570369,54.65873601561765,0.46228041067495274,57.03950838543547,0.4378755963509972,128.2699487854132,0.08642016896687438,210.01241043444588,0.013423824007175733,0,38,0.013423824007175733,GLD
2025-10-10,2025-10-10,649.32275390625,88.98632049560547,369.1199951171875,0.0174114706353449,0.006400159813231,0.0538307200369332,test,0,R0: Calm / risk-on,5.026915748262269,1.8341609497834246,-3.2383278263459143,-6.153323874843573,-3.2620880471555145,0.37734027479786775,82.88499704219551,0.5226959313787801,101.44801633901764,0.34244544029617563,148.51307085808844,0.11720384539838617,231.60392190666957,0.01765478292665807,1,1,0.01765478292665807,GLD
2025-10-17,2025-10-17,660.62841796875,89.55584716796875,388.989990234375,0.0193560707689102,0.0029607444507977,-0.0294866230716944,test,0,R0: Calm / risk-on,3.5954136046890866,-2.630804894399291,-0.3215702975459882,-5.013518610722717,0.10379818318978923,2.6090668492856173,39.310460119828605,0.5817473217907445,68.75545088060771,0.29744949645895385,117.71595859441136,0.09750134020944809,180.5456052083074,0.023301841540853473,0,2,0.023301841540853473,SPY
2025-10-24,2025-10-24,673.4155883789062,89.82099914550781,377.5199890136719,0.0071022648739387,-0.0129006003388425,-0.0248993276383676,test,0,R0: Calm / risk-on,1.636661537942465,-5.226211056759531,-0.3471605458180497,-3.4313941633679175,2.911292393835827,1.311225077120294,28.294393928418337,0.663387209295721,68.81796491730489,0.2635344040852079,131.19176195219035,0.06363954082182752,214.9627062615311,0.00943884579724362,0,3,0.00943884579724362,SPY
2025-10-31,2025-10-31,678.1983642578125,88.6622543334961,368.1199951171875,-0.0162596716477065,-0.0043905334924571,0.0005161426815345,test,0,R0: Calm / risk-on,2.344951266329842,-4.871274407236133,-4.055194455695444,-2.9591843926778134,1.5745799065664792,-0.7584564964085146,28.598363320820972,0.7025041898411143,74.08065557122204,0.24926358332757276,160.20591238002567,0.035039485948215286,203.0837916496136,0.013192740883097657,0,4,0.013192740883097657,GLD
2025-11-07,2025-11-07,667.1710815429688,88.27297973632812,368.30999755859375,0.0014308936722773,-0.0078150469710069,0.0207705301164609,test,0,R0: Calm / risk-on,2.749624791163155,-2.752951632949623,-3.654157831146279,-2.737063095776552,-0.516702235699636,-1.3998310976672403,20.564865987580482,0.6260696500431315,53.38735201969732,0.29640493366550075,122.38611533451041,0.0615501953688581,181.59349484634458,0.01597522092250964,0,5,0.01597522092250964,GLD
2025-11-14,2025-11-14,668.125732421875,87.58312225341797,375.9599914550781,-0.0191984303396534,0.0070890385153961,-0.0044951656554342,test,0,R0: Calm / risk-on,3.359309716832388,-3.0893590909993094,-3.6226981022731954,-1.769205883387846,0.6902661956420034,-1.2547236106179058,18.135156949042884,0.6487238129661068,55.90957490228496,0.2743654861091096,122.56505133289079,0.06009763237158231,178.48023031644948,0.016813068553201256,0,6,0.016813068553201256,TLT
2025-11-21,2025-11-21,655.2987670898438,88.2040023803711,374.2699890136719,0.0369633625376812,0.0079329128130385,0.0363641656254822,test,0,R0: Calm / risk-on,4.30599241237273,-0.5359113021171893,-4.1285258329846535,-3.0851793420120446,-1.7428684459770314,-0.7474234808901651,39.32306439068065,0.5661095687787764,63.514825802876835,0.3262521927670366,122.5256237986623,0.08505812463730039,180.74319721614617,0.022580113816886727,0,7,0.022580113816886727,SPY
2025-11-28,2025-11-28,679.5208129882812,88.90371704101562,387.8800048828125,0.003365588310136,-0.0191236637961662,-0.00371249464597,test,0,R0: Calm / risk-on,1.1493414142146934,-6.588551613802901,-0.0033351061609394744,-2.360745152721501,2.967456134983928,3.671080418076686,60.43852214787503,0.5871244286661198,86.87736802393484,0.32147782342029196,153.8292097471252,0.06994340031847397,205.70355686108445,0.021454347595114123,0,8,0.021454347595114123,SPY
2025-12-05,2025-12-05,681.8078002929688,87.20355224609375,386.44000244140625,-0.0057314918914496,-0.0094136944153007,0.0232895143958722,test,0,R0: Calm / risk-on,-0.11312742520247854,-6.45352728683852,-3.521945672262226,-1.6154795907507653,0.6696972691678739,-0.6070915223034836,41.309814614621715,0.6181692449188029,69.47736205000224,0.3254055343936493,161.3912667932406,0.040091512004925244,200.80685018732618,0.016333708682622693,0,9,0.016333708682622693,GLD
2025-12-12,2025-12-12,677.9000244140625,86.38264465332031,395.44000244140625,0.0012337582474888,0.00630567198706,0.0090531725423912,test,0,R0: Calm / risk-on,0.6293793379810373,-5.376916683144172,-5.143674424895414,-3.3655074426464937,-0.5642781623267237,-0.27583137137215963,51.326778729793844,0.6172263863610502,78.52255220611312,0.3321823137711821,181.67073522323082,0.03168509040423253,204.33662600688118,0.018906209463535127,0,10,0.018906209463535127,GLD
2025-12-19,2025-12-19,678.7363891601562,86.9273452758789,399.0199890136719,0.0142816586824037,0.0021701388507953,0.0444088058458043,test,0,R0: Calm / risk-on,0.39091473287070366,-6.2549634012947894,-3.5976797719034552,-2.7472988266815674,-1.2367521255408693,2.0002773333688935,61.86037815020519,0.5233283444601781,75.35361541489856,0.38483595709769,170.8861232775887,0.04366179806904406,166.56923371906512,0.048173900373087865,0,11,0.048173900373087865,GLD
2025-12-26,2025-12-26,688.4298706054688,87.1159896850586,416.739990234375,-0.0103431660037227,-0.008092066999887,-0.0442961844019246,test,0,R0: Calm / risk-on,-0.7621222806715393,-7.299766096606387,-2.1617655539420073,-2.789312880625749,0.34614508115380205,2.6220886370849947,68.18361196003144,0.5390270018509737,82.74103816556429,0.38688607243930956,175.6539747335691,0.046593617776300014,198.80996832393842,0.02749330793341667,0,12,0.02749330793341667,TLT
2026-01-02,2026-01-02,681.309326171875,86.41104125976562,398.2799987792969,0.0159550146686624,0.0103412764253225,0.0406498003691564,test,0,R0: Calm / risk-on,-0.7893341940744031,-5.115943282891262,-5.331634855843042,-2.9455749882033535,-0.24093247559916556,-1.2055310790144707,52.3678323999344,0.5890932003679398,72.90567262385657,0.3689673258312135,177.80618686848197,0.033816545424684014,240.41309420596352,0.008122928376162662,0,13,0.008122928376162662,GLD
2026-01-09,2026-01-09,692.1796264648438,87.30464172363281,414.4700012207031,-0.0034722813138657,-0.0014784333814492,0.0164547670618677,test,0,R0: Calm / risk-on,-1.490822465260767,-4.75997934076202,-4.211348370977982,-4.108460270522687,0.6415718911870155,0.6399400920788169,52.95353943645097,0.5406678332577046,64.74173367579776,0.4133340416451832,165.58375476822778,0.041552407517728755,263.69165762660685,0.004445717579383412,0,14,0.004445717579383412,GLD
2026-01-16,2026-01-16,689.7761840820312,87.17556762695312,421.2900085449219,-0.0035133148038901,0.0014806223830057,0.087137104394831,test,0,R0: Calm / risk-on,-1.8680610257245722,-5.076510433033332,-4.787751646925959,-3.0316838340484207,-0.685029155122643,-0.016464948943133828,60.10798271818513,0.5035785561761453,65.31648570242295,0.4472348535966632,169.427912576476,0.04173342225584308,245.04571803246074,0.0074531679713483534,0,15,0.0074531679713483534,GLD
2026-01-23,2026-01-23,687.352783203125,87.30464172363281,458.0,0.0039754606543944,-0.0090982465210325,-0.0284934231287525,test,0,R0: Calm / risk-on,-0.8025793267143609,-3.7967464424885513,-4.589359357650304,-3.242955519304254,0.5618239217988453,2.077913123301398,55.18662036174304,0.4594277416270179,53.178427017477006,0.4809343127466197,149.4422151901657,0.053663208768269396,245.80189519676964,0.005974736858093145,0,16,0.005974736858093145,SPY
2026-01-30,2026-01-30,690.0853271484375,86.51032257080078,444.9500122070313,-0.001950937693641,0.0085486645699064,0.023620584244768,test,0,R0: Calm / risk-on,-0.28478292705713604,-3.791005499648437,-5.83821567000103,-2.8354931858290833,1.1409649731014624,-1.3784953688491681,45.0475014908698,0.5931263615609801,66.16979443688679,0.3665799441570234,167.1919006824793,0.036701346799755466,269.20624658636905,0.0035923474822409643,0,17,0.0035923474822409643,GLD
2026-02-06,2026-02-06,688.739013671875,87.24987030029297,455.4599914550781,-0.0128435082371082,0.0249029054264093,0.0157203789497184,test,0,R0: Calm / risk-on,-0.19542553313442546,-1.142689092413609,-4.099764898600313,-2.956776378864678,0.7896743265311646,0.4824115997254791,32.48467028762546,0.4396408305508186,29.36113707196171,0.47206462036915303,104.06394083248797,0.08608176306851276,264.7687243670356,0.0022127860115155034,0,18,0.0022127860115155034,TLT
2026-02-13,2026-02-13,679.8931884765625,89.42264556884766,462.6199951171875,0.0112651792695637,-0.0034551381069816,0.0129696080224117,test,0,R0: Calm / risk-on,1.5423539581128627,0.07122848160788164,-2.5375940508883246,-5.538560398809111,-0.10871906300570527,1.9311465736311608,45.350803562192645,0.46072272670435716,48.77448087539488,0.42615408351095885,108.38559792326983,0.1095947161325166,259.20847889107245,0.003528473652167487,0,19,0.003528473652167487,GLD
2026-02-20,2026-02-20,687.5523071289062,89.11367797851562,468.6199951171875,-0.0049896771880904,0.0157699608606209,0.0322862981530034,test,0,R0: Calm / risk-on,0.23771175568673653,-1.8610857048060694,-2.0915403378748265,-3.7491646962040655,2.075911739712733,1.1026798183773743,23.292783115903983,0.5033440647103292,33.30445418540208,0.4006932781971241,97.01958327645588,0.09384928769137184,263.5344866876719,0.0021133694011748624,0,20,0.0021133694011748624,GLD
2026-02-27,2026-02-27,684.1216430664062,90.5189971923828,483.75,-0.0198399468125016,-0.0227465854878405,-0.0211679384689922,test,0,R0: Calm / risk-on,0.8597224086920157,0.08974409477846734,-1.117965866024582,-5.821234839693681,-0.0842408733129435,1.9227127582032169,43.38155172204601,0.4383829335127426,44.870474859040854,0.4237625921059732,94.98342840777867,0.13530628231477063,269.344729396106,0.0025481920665133993,0,21,0.0025481920665133993,SPY
2026-03-06,2026-03-06,670.5487060546875,88.45999908447266,473.510009765625,-0.0150063670381302,-0.0217047048249667,-0.0267576464413196,test,0,R0: Calm / risk-on,2.100689149532186,1.9027755237724202,-5.288568624201072,-0.8848616156334865,-1.680068363996869,-3.0763009055740307,55.47525853719725,0.42552246964303647,54.026318439305655,0.4398027473790847,107.17321692547706,0.13104975497311241,264.65910841918185,0.0036250280047661647,0,22,0.0036250280047661647,SPY
2026-03-13,2026-03-13,660.4862060546875,86.54000091552734,460.8399963378906,-0.018041555783047,-0.0082042879242131,-0.1029858341989052,test,0,R0: Calm / risk-on,1.5622796783080517,0.806701754566272,-5.315488000926638,2.6882696995392763,0.2207559361482343,-1.3748255382068795,60.37467192222341,0.33182721557796757,41.57886579355175,0.5091817946897227,93.88088042650546,0.1546714674650436,250.94727864350185,0.0043195222672661035,0,23,0.0043195222672661035,TLT
