week_end,week_last_trade_date,spy_weekly_close,tlt_weekly_close,gld_weekly_close,next_return_spy,next_return_tlt,next_return_gld,spy_ret_20d,spy_vol_20d,spy_drawdown_60d,tlt_ret_20d,gld_ret_20d,vix_level,vix_change_5d,tnx_level,dgs10_level,nfci_level,cpi_yoy,unrate_level,pc1,pc2,pc3,pc4,pc5,pc6,regime,regime_name
2014-03-28,2014-03-28,151.3328094482422,78.87637329101562,124.55999755859376,0.0049053479585636,-0.0057689309186917,0.0081085593772216,0.0001004310772914,0.0062421988087181,-0.0103650886054174,0.0097672482348329,-0.0242696120362649,14.40999984741211,-0.5900001525878906,2.711999893188477,2.73,-0.78049,0.0112047463477249,6.7,-0.979522681097189,-1.1666483958266451,0.1059424936327411,-0.5151613989532409,0.005594423759615734,-0.024203586124527426,0,R0: Calm / risk-on
2014-04-04,2014-04-04,152.0751495361328,78.42134094238281,125.56999969482422,-0.0262337532811506,0.0209292058385566,0.0108306172943919,-0.0055258242973772,0.0062936773847435,-0.0131305053707286,0.0265506679235269,-0.0276464375794163,13.960000038146973,-0.4499998092651367,2.7260000705718994,2.74,-0.77771,0.016126949139408,6.7,-0.9795226810971961,-1.1666483958266505,0.1059424936327391,-0.51516139895324,0.005594423759617513,-0.024203586124522572,0,R0: Calm / risk-on
2014-04-11,2014-04-11,148.0856475830078,80.06263732910156,126.93000030517578,0.0268856863735698,-0.0061410505271122,-0.017174823130343,-0.0128018640366628,0.0085017929129484,-0.0390197962135268,0.0227298546269944,-0.0474650154533113,17.030000686645508,3.070000648498535,2.61899995803833,2.63,-0.7758,0.016126949139408,6.7,-0.9795226810972079,-1.166648395826673,0.10594249363273678,-0.5151613989532379,0.005594423759624242,-0.02420358612452071,0,R0: Calm / risk-on
2014-05-02,2014-05-02,153.4295654296875,81.69205474853516,125.05999755859376,-0.0005322640316016,-0.0130422101582426,-0.0076763081977743,-0.0030261986438163,0.0082723678858137,-0.0043412210434258,0.0475214714764484,0.0091574212847622,12.90999984741211,-1.1500005722045898,2.5910000801086426,2.6,-0.77076,0.0201512530360616,6.2,-0.979522681097196,-1.1666483958266525,0.10594249363273975,-0.5151613989532423,0.005594423759618186,-0.024203586124527044,0,R0: Calm / risk-on
2014-05-09,2014-05-09,153.347900390625,80.6266098022461,124.0999984741211,0.000479014126439,0.0206758377806886,0.0032232194262462,0.0258690407028216,0.0053223015924243,-0.0048711743992129,0.015089682282475,-0.0231781604206138,12.920000076293944,0.0100002288818341,2.622999906539917,2.62,-0.77207,0.0201512530360616,6.2,-0.9795226810971912,-1.1666483958266505,0.10594249363273633,-0.5151613989532414,0.005594423759614168,-0.024203586124527984,0,R0: Calm / risk-on
2014-05-16,2014-05-16,153.42135620117188,82.29363250732422,124.5,0.0122311907896686,-0.007398396739002,8.033844361832188e-05,0.0088666755699048,0.0049923389862322,-0.0100545027082008,0.0336444248026908,-0.0020060187268657,12.4399995803833,-0.4800004959106427,2.5179998874664307,2.52,-0.775,0.0201512530360616,6.2,-0.9795226810971933,-1.166648395826653,0.10594249363274388,-0.5151613989532446,0.00559442375961432,-0.02420358612452304,0,R0: Calm / risk-on
2014-05-23,2014-05-23,155.29788208007812,81.6847915649414,124.51000213623048,0.0122401131425653,0.0124225371871471,-0.0327684664770195,0.0215602447797216,0.0050777781213838,0.0,0.0146539635104216,-0.0073617853481992,11.359999656677246,-1.079999923706055,2.5360000133514404,2.54,-0.77921,0.0201512530360616,6.2,-0.9795226810971908,-1.1666483958266542,0.10594249363273847,-0.5151613989532399,0.005594423759616934,-0.024203586124526902,0,R0: Calm / risk-on
2014-05-30,2014-05-30,157.19874572753906,82.69952392578125,120.43000030517578,0.0140130576284993,-0.0194716738415984,0.0014946467219103,0.0228349432924353,0.0052007476984066,0.0,0.0183981423282353,-0.0275987110947649,11.399999618530272,-0.6300001144409197,2.4570000171661377,2.48,-0.78541,0.0201512530360616,6.2,-0.9795226810971941,-1.1666483958266525,0.10594249363273775,-0.5151613989532383,0.005594423759618192,-0.02420358612453136,0,R0: Calm / risk-on
2014-06-06,2014-06-06,159.40158081054688,81.08922576904297,120.61000061035156,-0.0063977151482279,0.0050185693652562,0.0194842754516941,0.0402078769787366,0.0046570056030553,0.0,0.0024907441366558,-0.0290893750267073,10.729999542236328,-0.6700000762939435,2.5969998836517334,2.6,-0.79121,0.0216694768707981,6.3,-0.9795226810971922,-1.1666483958266534,0.10594249363274043,-0.5151613989532403,0.005594423759617225,-0.024203586124529688,0,R0: Calm / risk-on
2014-06-13,2014-06-13,158.38177490234375,81.49617767333984,122.95999908447266,0.0141600322475352,-0.0031208963751374,0.0287898580179346,0.0352827246019036,0.0040154918932022,-0.0075150815576867,-0.0125522029325525,-0.0146129237333484,12.18000030517578,1.4500007629394511,2.6040000915527344,2.6,-0.79459,0.0216694768707981,6.3,-0.9795226810971928,-1.166648395826652,0.10594249363273843,-0.5151613989532371,0.005594423759619286,-0.02420358612452891,0,R0: Calm / risk-on
2014-06-20,2014-06-20,160.6244659423828,81.24183654785156,126.5,-0.0006124435185436,0.0128802754934249,0.0012648510838686,0.0377250153679489,0.0034257536505254,0.0,-9.935150146795558e-05,0.0145720764979029,10.850000381469728,-1.3299999237060511,2.624000072479248,2.63,-0.79482,0.0216694768707981,6.3,-0.9795226810971918,-1.1666483958266525,0.10594249363273436,-0.515161398953238,0.0055944237596164004,-0.0242035861245266,0,R0: Calm / risk-on
2014-06-27,2014-06-27,160.52609252929688,82.28825378417969,126.66000366210938,0.0121539075446772,-0.0200861586365485,0.0039475760740845,0.0209455985021218,0.003628318103818,-0.0006124435185436,-0.0049854722471042,0.0504376861947556,11.260000228881836,0.4099998474121076,2.5320000648498535,2.54,-0.79151,0.0216694768707981,6.3,-0.9795226810971915,-1.1666483958266523,0.1059424936327396,-0.5151613989532408,0.005594423759617893,-0.024203586124528578,0,R0: Calm / risk-on
2014-07-18,2014-07-18,162.07542419433594,83.4329605102539,126.12999725341795,5.074481430833444e-05,0.0100415838913285,-0.0026956025156132,0.0110209169771186,0.0051143253757019,-0.0024722720485345,0.0341551816425895,-0.0064014537877828,12.0600004196167,-0.0199995040893572,2.4839999675750732,2.5,-0.76327,0.0205898169459441,6.1,0.45472580578499333,0.9425340104734736,2.772616331233495,-2.0044103300526226,-3.2093817422055544,0.7302123133421041,0,R0: Calm / risk-on
2014-07-25,2014-07-25,162.08364868164062,84.27075958251953,125.79000091552734,-0.0264013095451706,-0.0069821865609612,-0.011209187151976,0.0115982924932535,0.0050476782255905,-0.0046815688910623,0.022306539649302,-0.007445008453834,12.6899995803833,0.6299991607666016,2.4690001010894775,2.48,-0.75124,0.0205898169459441,6.1,0.3555024815896982,0.3633466671342062,3.2253501487747718,-1.9094617711045105,-2.5042772684023134,0.8137002601832022,0,R0: Calm / risk-on
2014-08-01,2014-08-01,157.80442810058594,83.68236541748047,124.37999725341795,0.0038445654562893,0.0083800622058884,0.0145522208390187,-0.0291806719968849,0.0064910280856657,-0.030959278886783,0.0370905223680452,-0.0221047912482669,17.030000686645508,4.340001106262207,2.505000114440918,2.52,-0.74071,0.0197423787033059,6.2,4.361189702986105,4.623130074838144,-1.1177757470107703,-2.3139693241533665,0.2258633321339194,2.334694738816698,1,R1: Growth / trend
2014-08-08,2014-08-08,158.41111755371094,84.38362884521484,126.19000244140624,0.0128333399636337,0.0189574796631313,-0.0056264289621701,-0.0172889447965881,0.0074175033117058,-0.0272337384046534,0.019571894096291,-0.0203167856191718,15.770000457763672,-1.260000228881836,2.4149999618530273,2.44,-0.73223,0.0197423787033059,6.2,3.2414325266943314,1.7147057038634423,1.711192736858579,-1.0218258766250752,-1.4511896255724144,-2.4682116881905696,1,R1: Growth / trend
2014-08-15,2014-08-15,160.44406127929688,85.98332977294922,125.4800033569336,0.0177298570347381,-0.0035674334541229,-0.0182499271139907,-0.0101164543642156,0.0067153614851665,-0.0147498982644471,0.0301099963698088,-0.0051666892480831,13.149999618530272,-2.6200008392334,2.3450000286102295,2.34,-0.72727,0.0197423787033059,6.2,2.2663099798203943,0.0058738002103867325,3.359463274635176,-1.5768448845105287,-1.287423590411373,-0.1759637832355454,1,R1: Growth / trend
2014-08-22,2014-08-22,163.28871154785156,85.67658996582031,123.19000244140624,0.0076309498790285,0.015005607400736,0.0054387381740981,0.0074073186508045,0.0069758333248921,-0.0015538429342272,0.0165446822753594,-0.0208859583369011,11.470000267028809,-1.679999351501463,2.4030001163482666,2.4,-0.72673,0.0197423787033059,6.2,-0.3569142712011049,-1.7100390346711458,0.8572235571498269,1.1982867847885452,-1.9716278582666906,-0.15586415439912277,1,R1: Growth / trend
2014-08-29,2014-08-29,164.53475952148438,86.96221923828125,123.86000061035156,0.0019927756319002,-0.0256702045004558,-0.0145325613021785,0.0417653824738485,0.0048598351107409,0.0,0.0384454953723377,-0.0041894731558905,12.09000015258789,0.619999885559082,2.3429999351501465,2.35,-0.72645,0.0197423787033059,6.2,-0.020728170030441095,-4.370401376108307,2.434433139349425,-2.4164041176541002,-1.3418712285573569,-0.9729815496340344,1,R1: Growth / trend
2014-09-05,2014-09-05,164.86264038085938,84.7298812866211,122.05999755859376,-0.0098455838239804,-0.0203052212306906,-0.0301491100998037,0.0514218170877849,0.0036289651676295,0.0,0.0019333056344426,-0.0331967542465792,12.09000015258789,0.0399999618530273,2.4609999656677246,2.46,-0.72403,0.017150983482969,6.1,-0.9285778540021601,-1.7003137831458786,-2.6181356966583578,3.398420788066929,-2.069948142516867,4.076880802141085,1,R1: Growth / trend
2014-09-12,2014-09-12,163.23947143554688,83.0094223022461,118.37999725341795,0.0125952719286914,0.0107594420733201,-0.0108971189851085,0.0170680866849287,0.0036586198771486,-0.0098455838239804,-0.0243513419175776,-0.0648394173960223,13.3100004196167,1.2200002670288086,2.614000082015991,2.62,-0.71819,0.017150983482969,6.1,-0.5138344366100673,0.1352385993639249,-6.137874641315396,2.925300717884212,-0.22117756242732634,5.1055220082607535,1,R1: Growth / trend
2014-09-19,2014-09-19,165.29551696777344,83.90255737304688,117.08999633789062,-0.0139506777883147,0.0122168435165217,-0.0002562027520291,0.0106599619697821,0.0035444836097164,-0.000901538028488,-0.0153657202854291,-0.0482654084630087,12.109999656677246,-1.2000007629394531,2.586999893188477,2.59,-0.70752,0.017150983482969,6.1,0.3387291074242381,-0.6422195756806827,-1.7383312590671025,1.1919303164503556,0.0027032530967075596,2.935755046185457,1,R1: Growth / trend
2014-09-26,2014-09-26,162.98953247070312,84.92758178710938,117.05999755859376,-0.0069734335847106,0.0171839195488745,-0.02092941226157,-0.0065916054869429,0.0060457314117788,-0.0148396387502534,-0.0230023297130829,-0.0575949625979868,14.850000381469728,2.7400007247924822,2.5350000858306885,2.54,-0.69242,0.017150983482969,6.1,2.6860078518597823,1.2610262671161672,-0.4740449862350859,0.5688709033317367,0.2518783395943472,1.5766652259958782,1,R1: Growth / trend
2014-10-03,2014-10-03,161.85293579101562,86.38697052001953,114.61000061035156,-0.0304296310598259,0.0199655336042943,0.026001184117173,-0.0184245254844705,0.0071272729391838,-0.021709589099718,0.0193685311405581,-0.0629776412805861,14.550000190734863,-0.300000190734865,2.447000026702881,2.45,-0.67508,0.016840509711232,5.9,3.797737762634233,1.8457337573760721,2.0856921850940484,-0.4841127971261643,-2.584239464319219,2.440773373032239,2,R2: Stress / risk-off
2014-10-10,2014-10-10,156.9278106689453,88.11173248291016,117.58999633789062,-0.0108634214799258,0.0084965937687488,0.0119057876475821,-0.0394323776238711,0.009959607682698,-0.0514786053727792,0.0596515733454134,-0.0066957993688861,21.239999771118164,6.689999580383301,2.306999921798706,2.31,-0.65879,0.016840509711232,5.9,8.450110869150267,4.814396897303666,4.119857632354922,-2.542772132380022,1.8383611037893606,2.299766110514821,2,R2: Stress / risk-off
2014-10-17,2014-10-17,155.22303771972656,88.86038208007812,118.98999786376952,0.0422343258626498,-0.011150836757073,-0.0053785982110963,-0.0628718482281593,0.010608682944051,-0.0617827930653418,0.0574103030838409,0.0160965994294255,21.989999771118164,0.75,2.1989998817443848,2.22,-0.64695,0.016840509711232,5.9,7.289531354508379,3.1218335383587954,3.9132655230912268,-1.1325858650819203,-1.2942498197583516,1.053569971293487,2,R2: Stress / risk-off
2014-10-24,2014-10-24,161.77877807617188,87.86951446533203,118.3499984741211,0.0266257410868211,-0.0039255956704183,-0.0480776923140892,-0.0074561462091071,0.0116382660992164,-0.0221578218177183,0.0340540095154831,0.0109597200600073,16.110000610351562,-5.879999160766602,2.2730000019073486,2.29,-0.63895,0.016840509711232,5.9,2.4584742151480263,-0.5330090826424099,1.7029792016458303,2.4188775418584845,-5.712911755592202,-0.0867356458579516,1,R1: Growth / trend
2014-10-31,2014-10-31,166.0862579345703,87.52457427978516,112.66000366210938,0.0083308305685017,0.0066409397263131,0.0027516203489883,0.0258191603396717,0.0115416811882899,0.0,0.0130827425732482,-0.0171605998616528,14.029999732971191,-2.080000877380371,2.3350000381469727,2.35,-0.64019,0.016840509711232,5.9,1.2703314000301285,-3.1868645208192765,-1.0588157237927023,0.28333071811805055,-5.512382026697221,2.287505829905717,1,R1: Growth / trend
2014-11-07,2014-11-07,167.4698944091797,88.10581970214844,112.97000122070312,0.0044260265339275,-0.0021709865584316,0.0132778612356525,0.0650177052909719,0.0084128124132516,0.0,-6.710773916240945e-05,-0.0400816591479013,13.119999885559082,-0.9099998474121094,2.312000036239624,2.32,-0.64533,0.0160954170215132,5.7,-0.22352859831800054,-1.7688241691200155,2.4259415738238963,1.105769891912322,-3.4578814740464003,4.680308563990787,1,R1: Growth / trend
2014-11-14,2014-11-14,168.21112060546875,87.91454315185547,114.47000122070312,0.0119464246902452,0.0051049475685218,0.0080370241909188,0.0803568250758019,0.0064283505224932,0.0,-0.0107011551893419,-0.038726647419695,13.3100004196167,0.1900005340576172,2.319999933242798,2.32,-0.65246,0.0160954170215132,5.7,-0.2986693934685837,-2.4041969099310934,2.419254402445594,0.5591993550908121,-3.308057802937747,5.2142885269759125,1,R1: Growth / trend
2014-11-21,2014-11-21,170.22064208984375,88.36334228515625,115.38999938964844,0.002516498469824,0.0198997406311192,-0.0284253297222143,0.0508656555947711,0.0041349646281891,0.0,0.0056042797176319,-0.0253286331499478,12.899999618530272,-0.4100008010864275,2.315000057220459,2.31,-0.65744,0.0160954170215132,5.7,-1.0872156877496522,-1.7639019097758668,3.1806120857013624,1.3242292193367644,-1.0794379677708685,3.659671969164002,1,R1: Growth / trend
2014-11-28,2014-11-28,170.6490020751953,90.12174987792967,112.11000061035156,0.0038608136357591,-0.0091887889697281,0.0206939584532479,0.0384720753664252,0.0034378324177861,-0.0021187788531487,0.0266458476730616,-0.0271024225232944,13.329999923706056,-0.25,2.194000005722046,2.18,-0.65678,0.0160954170215132,5.7,0.5189734941680229,-3.709873633488905,4.4200067501003275,-2.1321427560646047,-2.1208221006756087,2.3755940067821175,1,R1: Growth / trend
2014-12-05,2014-12-05,171.30784606933594,89.29364013671875,114.43000030517578,-0.0341828428699069,0.0430257582603264,0.0260421510878805,0.0235933229466046,0.0030981444606551,0.0,0.0248141884735095,0.0405744487656678,11.890000343322754,-1.4399995803833026,2.306999921798706,2.31,-0.65022,0.0123152498932079,5.8,-1.1043844347657223,-0.337656099834337,4.294432487446446,3.378631370107915,-1.6374270286213177,4.529100372964312,1,R1: Growth / trend
2014-12-12,2014-12-12,165.45205688476562,93.13556671142578,117.41000366210938,0.0336993245268451,-0.0034040646440519,-0.0224853669763998,-0.0162935323562329,0.0064090971274153,-0.0341828428699069,0.0625569508073967,0.0501240367722135,21.079999923706055,9.1899995803833,2.1029999256134033,2.1,-0.63716,0.0123152498932079,5.8,4.708962322938048,3.1092802169191436,8.895655145829217,-2.584005490409922,3.594446300777482,3.677145663200811,2,R2: Stress / risk-off
2014-12-19,2014-12-19,171.02767944335938,92.81852722167967,114.7699966430664,0.009296897792473,-0.0095069748173377,0.0005228299184749,0.0100662240365251,0.0098767221072317,-0.001635457058185,0.0552024656595847,-0.0007839043066732,16.489999771118164,-4.590000152587891,2.1760001182556152,2.17,-0.61715,0.0123152498932079,5.8,2.1905149806207214,1.9245727187356207,4.5710555338559855,3.044147939401406,-4.6136679553130255,2.771372311928191,2,R2: Stress / risk-off
2014-12-26,2014-12-26,172.61770629882812,91.93610382080078,114.83000183105467,-0.014440706061184,0.0233903880326455,-0.0065313941308078,0.009349504938814,0.0098515580213007,0.0,0.0278005702638101,-0.0028697078102758,14.5,-2.309999465942383,2.25,2.25,-0.59408,0.0123152498932079,5.8,0.15831905502123128,0.3351339078804116,3.620370391797229,3.448496762267733,-4.641249732831639,2.432703365812957,2,R2: Stress / risk-off
2015-01-02,2015-01-02,170.12498474121094,94.0865249633789,114.08000183105467,-0.0057439423835248,0.0294531940968083,0.0278751775432577,-0.0063993390729814,0.0099136031631891,-0.0157628913676718,0.0547649392627766,-0.0195310228522457,17.790000915527344,3.4200010299682617,2.122999906539917,2.12,-0.57208,0.0065312139196231,5.6,3.1890723745048737,1.4174168683645088,5.813005280783957,0.030580437287479143,-1.2994272141234957,4.388807862373256,2,R2: Stress / risk-off
2015-01-09,2015-01-09,169.14779663085938,96.85767364501952,117.26000213623048,-0.0128273826438146,0.0161745315934704,0.0448575337797194,0.01085492082498,0.0114757057434526,-0.021416292611383,0.0567589905012939,-0.0059518664317733,17.549999237060547,-0.2400016784667968,1.9709999561309817,1.98,-0.54958,0.0065312139196231,5.6,5.295071610878257,2.3527775416040484,7.470660012452498,-0.2528130870837381,-2.085382937734058,3.241128415657006,2,R2: Stress / risk-off
2015-01-16,2015-01-16,166.9780731201172,98.42430114746094,122.5199966430664,0.0165650879665908,0.0118631047844801,0.013956960175643,0.0047109463709958,0.0104817475935397,-0.0339689602750595,0.0540446688630203,0.0697102147840941,20.950000762939453,3.4000015258789062,1.815000057220459,1.83,-0.53123,0.0065312139196231,5.6,5.44574520685587,2.1615090601352667,7.837330880315242,0.5032609212467951,-1.6258515238413442,3.4256280685453624,2,R2: Stress / risk-off
2015-01-23,2015-01-23,169.74407958984375,99.5919189453125,124.2300033569336,-0.0269306569697388,0.0260444691900663,-0.0062787280657983,-0.0134717986304804,0.0095142361649383,-0.0179665711235589,0.0891198888020294,0.0970504495423727,16.65999984741211,-5.729999542236332,1.8170000314712524,1.81,-0.51663,0.0065312139196231,5.6,3.250154719747342,-0.5085308208902263,7.715018877782194,0.8668118084530982,-4.347019857196738,1.2809686453224305,1,R1: Growth / trend
2015-01-30,2015-01-30,165.17276000976562,102.18573760986328,123.4499969482422,0.0305840442496565,-0.0510218655965507,-0.038963124159577,-0.0300769098483526,0.0106037083546264,-0.0444133765294466,0.0936337806254572,0.0833287405000268,20.969999313354492,4.309999465942383,1.6749999523162842,1.68,-0.50822,0.0065312139196231,5.6,7.503261291046154,0.7081979478912701,6.568275739393946,-4.0739761403948656,-2.7846791850577186,3.6010430340437414,1,R1: Growth / trend
2015-02-06,2015-02-06,170.2244110107422,96.97203063964844,118.63999938964844,0.020578662612821,-0.0211513984150514,-0.0055630144648536,-0.0017011601795553,0.009672034250827,-0.0151876729528435,0.0120729940457069,0.0230208557160247,17.290000915527344,-3.679998397827149,1.937999963760376,1.95,-0.50482,-0.0022993097820542,5.7,2.0955919908443725,0.12989945767828912,-1.023973035530595,5.622048599859578,-5.553446983742754,7.1825081234139025,1,R1: Growth / trend
2015-02-13,2015-02-13,173.72740173339844,94.92093658447266,117.9800033569336,0.0069596155567319,-0.0128714621262411,-0.0228852729345006,0.0526536751441934,0.0092460209311097,0.0,-0.0490748968920756,-0.0247794280036465,14.6899995803833,-2.600001335144043,2.0209999084472656,2.02,-0.50625,-0.0022993097820542,5.7,0.068367781511767,-1.611816867876613,-0.6915379038257331,5.644552771240802,-3.317602436707571,4.685443105356718,1,R1: Growth / trend
2015-02-20,2015-02-20,174.9364776611328,93.69916534423828,115.27999877929688,-0.0027455731917198,0.0236285349062566,0.0076336302232034,0.0246333124274574,0.0084411374042724,0.0,-0.0471694489603139,-0.0827881322798473,14.300000190734863,-1.0399999618530271,2.132999897003174,2.13,-0.51091,-0.0022993097820542,5.7,0.4382664161993277,-1.0129387212915535,-2.3075075835852483,5.140152597458319,-3.0093572214840023,6.01047863832964,1,R1: Growth / trend
2015-02-27,2015-02-27,174.4561767578125,95.91313934326172,116.16000366210938,-0.0150001399438125,-0.0446940932473837,-0.0370179314410649,0.0420272395261043,0.0067058100562783,-0.0054294804740084,-0.0457664277395203,-0.0388365399256134,13.34000015258789,-0.9600000381469728,2.002000093460083,2.0,-0.5177,-0.0022993097820542,5.7,0.7996610776197951,-3.180760431770747,0.6387657707495525,0.37621946936074796,-1.962035139544993,3.395262384088301,1,R1: Growth / trend
2015-03-06,2015-03-06,171.8393096923828,91.62638854980467,111.86000061035156,-0.0080485463023616,0.0260724413875705,-0.008760981151317,0.006673099600749,0.0055415314429244,-0.0211801539910229,-0.0745638525755158,-0.0850501627664512,15.199999809265137,1.859999656677246,2.240000009536743,2.24,-0.52482,-0.000870314629352,5.5,1.6104997242376564,0.6455023171093514,-4.832553133526263,6.094027850147336,-0.15178886555085797,9.583176864361807,1,R1: Growth / trend
2015-03-13,2015-03-13,170.4562530517578,94.01531219482422,110.87999725341795,0.0268144693309591,0.0378004142735706,0.0242604843798672,-0.0149005790815058,0.006609836845756,-0.0290582308432966,-0.019908236776644,-0.0566271616174959,16.0,0.8000001907348633,2.111999988555908,2.13,-0.52988,-0.000870314629352,5.5,2.9196482539480297,0.44962994493407826,-0.14776495236036583,2.6151618425715695,2.3776825153437815,3.985820538060608,1,R1: Growth / trend
2015-03-20,2015-03-20,175.02694702148438,97.56912994384766,113.56999969482422,-0.0221947199466878,-0.0034218808169569,0.0131196431079805,0.0005170218142019,0.0079851458275894,-0.0030229425520971,0.0404718703702709,-0.0149445568857999,13.020000457763672,-2.979999542236328,1.9299999475479128,1.93,-0.53365,-0.000870314629352,5.5,0.76758163156858,-2.127128223365242,3.110777068571928,2.9282598221162344,0.060286350417863066,2.0461323814011916,1,R1: Growth / trend
2015-03-27,2015-03-27,171.14227294921875,97.23526000976562,115.05999755859376,0.0034023776789902,-0.0004299786109179,0.0019120565389467,-0.019178357915271,0.0086926605502062,-0.0251505691354262,0.0136904196050857,-0.0095148723863108,15.06999969482422,2.0499992370605487,1.9479999542236328,1.95,-0.53689,-0.000870314629352,5.5,1.7059506524840244,-0.4176750999477398,1.2036139589570543,2.6129309177870006,0.4945188331937311,4.396762675826738,1,R1: Growth / trend
2015-04-03,2015-04-02,171.7245635986328,97.19345092773438,115.27999877929688,0.0174384699818492,-0.0084913347159272,0.0059854480283891,-0.0148319604770748,0.0092253781026531,-0.0218337631914763,0.0366440150639052,0.0024318127389888,14.670000076293944,-1.1300001144409195,1.9040000438690183,1.85,-0.5387,-0.0002203128442387,5.4,2.2531406529616467,-1.4525998162229508,1.5132182704271062,3.885423700321008,-0.4886342189554648,2.793292612307024,1,R1: Growth / trend
2015-04-10,2015-04-10,174.71917724609375,96.36814880371094,115.97000122070312,-0.0099504855552593,0.0141186490621689,-0.0031905039466014,0.0185497405612412,0.0075150438632629,-0.0047760406336323,0.0216446818351252,0.0463270446001409,12.579999923706056,-2.090000152587887,1.950999975204468,1.96,-0.54033,-0.0002203128442387,5.4,-0.22052023049011268,-2.733727706093116,1.055350016665113,4.159842416003074,-0.9528059780803619,2.66364900183276,1,R1: Growth / trend
2015-04-17,2015-04-17,172.9806365966797,97.7287368774414,115.5999984741211,0.0177925046965723,-0.0181058575193521,-0.0220587842216464,-0.0029720816141495,0.0068111430238572,-0.0146790022655555,0.0068951006484442,0.029051124300945,13.890000343322754,1.3100004196166974,1.850000023841858,1.87,-0.54237,-0.0002203128442387,5.4,1.3674278736706933,-0.7141565498511908,2.0617359815940204,2.500164241550177,1.6007397841422615,3.677012787776613,1,R1: Growth / trend
2015-04-24,2015-04-24,176.0583953857422,95.9592742919922,113.0500030517578,-0.0043937670147319,-0.0373086256538821,0.0002653585005489,0.0306074589411901,0.0057055023144337,0.0,-0.0008490878141349,-0.0212671581453876,12.289999961853027,-1.6000003814697266,1.9170000553131104,1.93,-0.54373,-0.0002203128442387,5.4,-0.2478507897953849,-3.481543532998365,0.18244406601156565,5.442444971733404,-1.1184371072999826,4.135258128612505,1,R1: Growth / trend
2015-05-01,2015-05-01,175.2848358154297,92.37916564941406,113.08000183105467,0.0042709154246101,-0.0120163636216481,0.0078705286101616,0.0205204651787528,0.0058563795514493,-0.0043937670147319,-0.05080185867125,-0.0192683920842893,12.699999809265137,0.4099998474121094,2.117000102996826,2.12,-0.54571,-0.0010403098939391,5.4,0.22522496316357657,-1.905412776917189,-2.227039161712623,5.859462251080419,-0.2478800452975935,6.507960769703198,1,R1: Growth / trend
2015-05-08,2015-05-08,176.03346252441406,91.26910400390624,113.97000122070312,0.0038746489520373,-0.007509180106637,0.0312362684957756,0.0074941213855598,0.0068904385192072,-0.000141616997437,-0.0543634109227113,-0.0173962809162522,12.859999656677246,0.1599998474121093,2.1500000953674316,2.16,-0.54665,-0.0010403098939391,5.4,0.07000586973902705,-1.303860114881786,-0.7144009210482987,4.870227400573833,0.6169813755765536,5.272180867812926,1,R1: Growth / trend
2015-05-15,2015-05-15,176.7155303955078,90.58374786376952,117.52999877929688,0.0025894488400151,-0.0097875910480195,-0.0164213419996712,0.0213616057326276,0.0066671652575074,0.0,-0.0759208360971851,0.0165576667198192,12.380000114440918,-0.4799995422363281,2.1410000324249268,2.14,-0.54658,-0.0010403098939391,5.4,0.3665934938221832,-1.9213066998222978,0.4744902027123959,4.510077945831685,0.36200120625152604,4.3663004271118435,1,R1: Growth / trend
2015-05-22,2015-05-22,177.17312622070312,89.69715118408203,115.5999984741211,-0.0086861688412016,0.0191867079307821,-0.0129757787179884,0.0063116368012353,0.0063657755311825,-0.0023886890820704,-0.0674848661477667,0.0223057173198924,12.130000114440918,-0.25,2.2149999141693115,2.21,-0.547,-0.0010403098939391,5.4,-0.3657719878059179,-2.961093839893576,-1.007156268682681,4.789850035370587,0.14908669321785178,3.316512752621858,1,R1: Growth / trend
2015-05-29,2015-05-29,175.63417053222656,91.41814422607422,114.0999984741211,-0.006488241333178,-0.0395767644751755,-0.0163014954883934,0.0127739792896712,0.0067439463644482,-0.0110541093665961,-0.0240103223237957,0.0055367479340228,13.84000015258789,1.7300004959106443,2.0950000286102295,2.12,-0.54759,-0.0010403098939391,5.4,2.3127518517292134,-2.415539597716982,-0.033785051020802905,1.213140675527323,1.8590780275709067,3.015194866834994,1,R1: Growth / trend
2015-06-05,2015-06-05,174.49461364746094,87.80010986328125,112.23999786376952,0.0011437886635328,0.0029757208291594,0.0088204339986328,0.0042998376847335,0.0059315775849079,-0.0174706289704803,-0.0360525161921023,-0.0104583096803592,14.210000038146973,0.369999885559082,2.4019999504089355,2.41,-0.54741,0.0003503321824429,5.6,1.0589769466467096,-0.76823515121885,-4.166411828511932,5.52192240232692,0.3446639467935973,4.423697600520258,1,R1: Growth / trend
2015-06-12,2015-06-12,174.69419860839844,88.0613784790039,113.2300033569336,0.0086922084742984,0.0095810387822061,0.0166916835963577,-0.0104215761750027,0.0056334627753741,-0.0163468230143087,-0.0083884568799383,-0.0342900387479947,13.779999732971191,-0.4300003051757812,2.384999990463257,2.39,-0.54676,0.0003503321824429,5.6,1.5590582296489546,-0.4014252838005013,-1.3801982223431697,3.433081949260634,1.6820091215412525,1.7727586836191438,1,R1: Growth / trend
2015-06-19,2015-06-19,176.21267700195312,88.90509796142578,115.12000274658205,-0.0046961130295315,-0.0323314169976767,-0.0222377095805297,-0.0078272577475367,0.0063367613111913,-0.0077967045335431,-0.0084543577800467,-0.0049391347062602,13.960000038146973,0.1800003051757812,2.2669999599456787,2.26,-0.54565,0.0003503321824429,5.6,0.8458336191403532,-1.8872093694144263,0.5156295416057038,2.830880821049531,2.048471573030561,0.8913450167240569,1,R1: Growth / trend
2015-06-26,2015-06-26,175.38516235351562,86.03067016601562,112.55999755859376,-0.0119628934712435,0.0088988216965057,-0.0071072800258976,-0.001418772113964,0.0056336422143143,-0.0124562033573273,-0.0607401107535837,-0.0135888523785454,14.020000457763672,0.0600004196166992,2.4760000705718994,2.49,-0.54296,0.0003503321824429,5.6,-0.21978095402748282,-1.4607676707786632,-3.99904836979261,5.0048501203538835,0.5897996015452569,3.354720808496103,1,R1: Growth / trend
2015-07-17,2015-07-17,177.60867309570312,88.83139038085938,108.6500015258789,-0.0210850531136289,0.0224900861507741,-0.0303727842191682,0.003441811237926,0.0083472064119469,0.0,0.0119326611201564,-0.0595791493774396,11.949999809265137,-4.880000114440918,2.3489999771118164,2.34,-0.53012,0.0017957180975505,5.3,-1.009796619917389,-3.1628687265465905,0.5823018301945656,3.0597291007554563,-0.8270636918696959,-0.7011230879723046,1,R1: Growth / trend
2015-07-24,2015-07-24,173.86378479003906,90.82921600341795,105.3499984741211,0.0120196550268787,0.0093908804471203,-0.0039866936405175,-0.0089030258844706,0.0084958514258154,-0.0215912470985207,0.0429729986561207,-0.0651316419850024,13.739999771118164,1.7899999618530271,2.2709999084472656,2.27,-0.52468,0.0017957180975505,5.3,2.0133622920467587,-0.46862760376620943,0.8596332998216629,1.0545918447966458,1.4296217243006473,2.664135446800117,1,R1: Growth / trend
2015-07-31,2015-07-31,175.9535675048828,91.68218231201172,104.93000030517578,-0.0121142529289647,0.0169880636270367,-0.0026684339891597,0.0152706807960578,0.0075324430436425,-0.0098311114133664,0.054764733224913,-0.0630602699849576,12.119999885559082,-1.619999885559082,2.2049999237060547,2.2,-0.51498,0.0017957180975505,5.3,0.9048177383696642,-3.490204862818703,0.37495945654458385,-0.33758218621716346,-0.9141974689960308,1.3567204018508014,1,R1: Growth / trend
2015-08-07,2015-08-07,173.822021484375,93.23968505859376,104.6500015258789,0.0070690684363916,-0.0030557775757231,0.0210224263369758,0.00226264422936,0.0060403418362094,-0.0218262677720967,0.0711792322428027,-0.0633134181459523,13.390000343322754,1.270000457763672,2.174999952316284,2.18,-0.50031,0.0022568611104094,5.2,0.7061756606562887,-0.9530622231547047,1.9720845194245507,1.7820041570183935,1.924432711729668,2.1393236786747227,1,R1: Growth / trend
2015-08-14,2015-08-14,175.05078125,92.95476531982422,106.8499984741211,-0.05534308891951,0.0196838137170549,0.040056142633764,-0.0145065539627245,0.006216095282026,-0.0149114907162969,0.0453728976012952,-0.0167057532618364,12.829999923706056,-0.5600004196166974,2.196000099182129,2.2,-0.48146,0.0022568611104094,5.2,0.44063135166479267,-1.3187644997061638,1.7625757281593195,1.949449808654832,-0.45020997552712994,0.5963795398542542,1,R1: Growth / trend
2015-08-21,2015-08-21,165.36293029785156,94.7844696044922,111.12999725341795,0.0073293670658309,-0.0319623393882123,-0.0218662860184766,-0.0501295106622606,0.0101079452032683,-0.0694293316791725,0.0426245770980538,0.0534125367162203,28.030000686645508,15.200000762939451,2.053999900817871,2.05,-0.45998,0.0022568611104094,5.2,8.12193418098131,5.57265822111081,3.429081960443394,-1.5731296515525537,6.448020195287486,3.3173721021978992,2,R2: Stress / risk-off
2015-08-28,2015-08-28,166.57493591308594,91.75493621826172,108.6999969482422,-0.0335709977094631,0.0047914177546042,-0.0111315466278147,-0.0547748655208478,0.0173078431520405,-0.0626088376703535,0.0007932299705505,0.0352983019739201,26.049999237060547,-1.980001449584961,2.186000108718872,2.19,-0.43751,0.0022568611104094,5.2,7.073340221231838,4.821001056417,-0.6619506607557811,2.082242715650834,-1.8790607858907515,-0.631032387888322,2,R2: Stress / risk-off
2015-09-04,2015-09-04,160.98284912109375,92.19457244873048,107.48999786376952,0.0215481794988745,-0.0105151989878955,-0.0123731903255384,-0.0767340785869026,0.019222662918319,-0.0940779942337931,-0.0112721747325112,0.0267763366384203,27.799999237060547,1.75,2.128000020980835,2.13,-0.41722,0.0024130379853448,5.1,7.743865317288446,5.925541692877876,0.5507610161943052,0.43903503164305224,1.386422496584721,-0.27279965409023477,2,R2: Stress / risk-off
2015-09-11,2015-09-11,164.4517364501953,91.22512817382812,106.16000366210938,-0.0013914161426356,0.0058495984798938,0.0287301744268109,-0.058823408729007,0.0201931239133581,-0.0745570242415624,-0.0164398522009328,-0.0065721477212352,23.200000762939453,-2.409999847412106,2.183000087738037,2.2,-0.40416,0.0024130379853448,5.1,5.657895335102736,3.9129849251335687,-0.8445498803237803,2.619404954194321,-1.6153594442887722,-1.38079865118702,2,R2: Stress / risk-off
2015-09-18,2015-09-18,164.22291564941406,91.75875854492188,109.20999908447266,-0.0133029339894874,-0.0045867615908332,0.005493988454821,-0.0374825379392404,0.0202723321318943,-0.0758447005371214,-0.0294317241303484,-0.0111997833416761,22.280000686645508,-0.9200000762939452,2.130000114440918,2.13,-0.39839,0.0024130379853448,5.1,5.387695143079923,3.7780501324400495,1.1373483295058537,1.101072061937239,0.24734478710986837,-0.5873862993743106,2,R2: Stress / risk-off
2015-09-25,2015-09-25,162.03826904296875,91.33788299560548,109.80999755859376,0.0111485271212712,0.0269759725302016,-0.0074674411534041,-0.0275624463256788,0.0127984451457488,-0.088138677481911,-0.0016094841833688,0.0191234493098963,23.6200008392334,1.3400001525878906,2.1679999828338623,2.17,-0.39854,0.0024130379853448,5.1,4.182868419522734,2.9368630232031787,0.27062136566905237,0.5858765627669235,0.0444882947493728,0.32523184662639143,2,R2: Stress / risk-off
2015-10-02,2015-10-02,163.84475708007812,93.80181121826172,108.98999786376952,0.0324616096698278,-0.0183045811840152,0.0172493340642359,0.002368759602621,0.0126210960502195,-0.0779727667969799,0.0263714020649701,0.0106075020957101,20.940000534057617,-2.6800003051757812,1.9889999628067017,1.99,-0.40432,8.842961634170088e-05,5.0,5.592896600539533,2.1399829344184207,2.1427784611053426,0.8075577729429102,-0.494816196318772,-1.5135773953922778,2,R2: Stress / risk-off
2015-10-09,2015-10-09,169.16342163085938,92.08480834960938,110.87000274658205,0.0096359522848663,0.0134939112192971,0.0146116630022128,0.0282481078691461,0.0111862930958254,-0.0480422786477922,0.0093795949607069,0.0434109440371722,17.079999923706055,-3.8600006103515625,2.0989999771118164,2.12,-0.41412,8.842961634170088e-05,5.0,0.7907476090052927,-1.6098757899189964,1.0586091021750816,3.044389072122498,-1.8849489928868477,-1.2800435688913354,1,R1: Growth / trend
2015-10-16,2015-10-16,170.79347229003906,93.327392578125,112.48999786376952,0.0208587935393533,-0.0058907307419644,-0.0088007634684859,0.0392303155256699,0.0106080370994587,-0.030799848607949,0.0169507181680264,0.0295916839878761,15.050000190734863,-2.0299997329711914,2.0230000019073486,2.04,-0.4299,8.842961634170088e-05,5.0,0.31662165962694405,-2.1749411069267124,2.742083432043497,1.6246491315604283,-0.773103896673221,-1.3433894457467428,1,R1: Growth / trend
2015-10-23,2015-10-23,174.35601806640625,92.77762603759766,111.5,0.0020239623418907,-0.003409056614138,-0.0197309143340107,0.0732667536883461,0.0106961346706569,-0.0095026785634567,0.0156398816906077,0.0152730135235563,14.460000038146973,-0.5900001525878906,2.0829999446868896,2.09,-0.44445,8.842961634170088e-05,5.0,-0.5689106335692111,-3.5181301368818088,0.6027366356062421,1.6555616819915469,-1.4443841023202841,-1.0889644808294818,1,R1: Growth / trend
2015-10-30,2015-10-30,174.7089080810547,92.46134185791016,109.3000030517578,0.0101475817362568,-0.028674258048849,-0.047575520882413,0.064201830230801,0.0078739025989974,-0.0074979492851254,-0.0143935338862901,0.0028403078024467,15.06999969482422,0.6099996566772479,2.1510000228881836,2.16,-0.45745,8.842961634170088e-05,5.0,0.5627536355972085,-4.84477748906245,-1.9377584395490626,-2.406255669581465,-1.4147801058288756,0.19655966164712493,1,R1: Growth / trend
2015-11-06,2015-11-06,176.48178100585938,89.8100814819336,104.0999984741211,-0.0357072638469433,0.0057140978527363,-0.0051873287554521,0.0423524076964077,0.0071857266303952,-0.0045499633136883,-0.0250127473592499,-0.0630064075941511,14.329999923706056,-0.7399997711181641,2.3329999446868896,2.34,-0.46673,0.001276165606705,5.0,-2.6909885205801807,-1.8888485518778197,-3.3725552407093935,2.988557862482814,0.16744259056098612,1.33420305605824,0,R0: Calm / risk-on
2015-11-13,2015-11-13,170.1800994873047,90.3232650756836,103.55999755859376,0.0334253181878867,0.0064340703333456,-0.004538443721353,-0.0035977771600409,0.0079048170798754,-0.0400947604200959,-0.0327185922535927,-0.0827131785057938,20.079999923706055,5.749999999999998,2.2799999713897705,2.28,-0.47033,0.001276165606705,5.0,0.9860457021335253,0.598355532504711,-1.7477234315872463,-0.4121163237928494,4.0320055147943945,0.7624533066312127,0,R0: Calm / risk-on
2015-11-20,2015-11-20,175.86842346191406,90.90441131591795,103.08999633789062,0.0011942862016431,0.0043164834847571,-0.0178484470196294,0.0086368318005965,0.008059410931195,-0.008009622356918,-0.0203969826564454,-0.0784222333153007,15.470000267028809,-4.609999656677246,2.26200008392334,2.26,-0.46683,0.001276165606705,5.0,-1.4230308614978757,-1.8935881540930515,-0.71854139984034,1.4537742633106137,-0.8612650827238095,-1.9461351813058556,0,R0: Calm / risk-on
2015-11-27,2015-11-27,176.07846069335938,91.29679870605467,101.25,0.0002864081026889,-0.0011092676243102,0.0273579915364583,0.0034896883364865,0.0076214473080572,-0.006824901936736,-0.0051535582026851,-0.0803389712083748,15.119999885559082,-1.869999885559082,2.2249999046325684,2.22,-0.45751,0.001276165606705,5.0,-1.9971986312449184,-2.1543340432766995,-0.4105872592278216,1.118688060180308,-0.18560060818191004,-1.2828184430636667,0,R0: Calm / risk-on
2015-12-04,2015-12-04,176.12889099121094,91.19552612304688,104.0199966430664,-0.0369238510331521,0.0263720616605789,-0.0087482797739111,-0.0025253150464647,0.0094947837554294,-0.0065404485412619,0.0005444384857503,-0.0154539255783512,14.8100004196167,-0.3099994659423828,2.2750000953674316,2.28,-0.44366,0.0043631821691851,5.1,0.9811186128881317,1.402623811899613,0.30053052962677845,1.27022020804146,-1.0154193863499608,0.731708900561834,0,R0: Calm / risk-on
2015-12-11,2015-12-11,169.6255340576172,93.6005401611328,103.11000061035156,-0.0033169377017875,-0.0042824620305317,-0.0103772639752733,-0.0145558817938578,0.0100761088598371,-0.0432228010267864,0.0413389194665554,-0.0071511501797428,24.38999938964844,9.579998970031742,2.138999938964844,2.13,-0.42512,0.0043631821691851,5.1,3.632396033434844,2.963719499831959,2.1448772198489894,-1.1694679045880134,3.396158769610499,1.7537197680166645,2,R2: Stress / risk-off
2015-12-18,2015-12-18,169.06289672851562,93.19969940185548,102.04000091552734,0.0282972309915081,-0.009287835472395,0.0098981000310511,-0.0358280341901383,0.010700379153113,-0.0463963713902713,0.0218690065548515,-0.0147862290626868,20.700000762939453,-3.689998626708988,2.1989998817443848,2.19,-0.40302,0.0043631821691851,5.1,1.9940326665445975,4.836681193662952,2.5522094034478338,5.109187222446609,1.2911262463566793,-0.14028384307277544,2,R2: Stress / risk-off
2016-01-15,2016-01-15,158.74266052246094,95.30501556396484,104.08000183105467,0.0144297625411178,-0.0032603738494769,0.0088393365945427,-0.0963175722063266,0.0129395642964943,-0.104607929837698,0.0391133558493027,0.0128609984206678,27.020000457763672,0.0100002288818359,2.0329999923706055,2.03,-0.32805,0.0063872475153647,5.0,6.127394820249033,7.834444041948037,4.792442688454893,2.5454588462419396,2.2054655785148434,-0.7877799280187077,2,R2: Stress / risk-off
2016-01-22,2016-01-22,161.0332794189453,94.9942855834961,105.0,0.0167957915670826,0.0156372642365234,0.0185713995070686,-0.0659085344396058,0.0132418977360716,-0.0916876348840561,0.0265658646822196,0.0230249503351397,22.34000015258789,-1.6100006103515625,2.0480000972747803,2.07,-0.31443,0.0063872475153647,5.0,3.43094645468039,5.671533070622524,4.134191800592871,3.9645055372700537,-0.0992721550969347,-2.206573969302441,2,R2: Stress / risk-off
2016-01-29,2016-01-29,163.7379608154297,96.479736328125,106.9499969482422,-0.0297849233197626,0.0130728862217566,0.0502104057953438,-0.0611224465242735,0.0148355319938465,-0.076431809721765,0.0587211860981302,0.053091114681284,20.200000762939453,-2.1399993896484375,1.930999994277954,1.94,-0.3042,0.0063872475153647,5.0,3.2217623338520847,4.352045732085233,5.9218348547110455,3.496217398261226,-0.02127363064433881,-2.9625675111215863,2,R2: Stress / risk-off
2016-02-05,2016-02-05,158.8610382080078,97.74100494384766,112.31999969482422,-0.0070228775644342,0.021597427670001,0.053774937072099,-0.0319395727984097,0.0145159296788356,-0.1025792690469181,0.0488959139238724,0.0564987350364727,23.3799991607666,3.1799983978271484,1.8480000495910645,1.86,-0.29754,0.0123750250269438,4.8,3.470587073680956,6.928632308377501,6.635557398045559,2.3882720865170186,2.0445915494922056,0.537024788059215,2,R2: Stress / risk-off
2016-02-12,2016-02-12,157.74537658691406,99.85195922851562,118.36000061035156,0.0287729707126165,-0.0037260666349018,-0.0065900538634221,-0.0280022937403087,0.0139495672653553,-0.1088817449641867,0.0620728818153814,0.1388077211365697,25.399999618530273,2.020000457763672,1.7480000257492063,1.74,-0.29389,0.0123750250269438,4.8,4.308030898051206,5.48717195348087,7.515272830061222,2.4233513197632695,-1.5667949180147653,-1.5846398721002937,2,R2: Stress / risk-off
2016-02-19,2016-02-19,162.2841796875,99.47990417480467,117.58000183105467,0.0160939032609415,-0.0045804787626072,-0.0039972887683606,0.0280458045179951,0.0137392549663686,-0.0832416255105633,0.0423168477540987,0.1085028271037825,20.530000686645508,-7.609998703002933,1.7480000257492063,1.76,-0.29404,0.0123750250269438,4.8,1.069829818927719,2.5693572887925566,6.124750334894079,5.134545935319968,-5.08132166626875,-2.0691142345064004,2,R2: Stress / risk-off
2016-02-26,2016-02-26,164.89596557617188,99.02423858642578,117.11000061035156,0.027371920661239,-0.0120085782713327,0.029288705382114,0.0311320206136829,0.0128593712690744,-0.0684874049178724,0.0344722646831881,0.0945931591836996,19.809999465942383,-0.720001220703125,1.7619999647140503,1.76,-0.3026,0.0123750250269438,4.8,0.3788366584904891,2.3946826549230065,5.822739244117207,4.381849698509897,-2.992883660683083,-0.39216669983297664,0,R0: Calm / risk-on
2016-03-04,2016-03-04,169.40948486328125,97.83509826660156,120.54000091552734,0.0116250331008915,-0.0096424189386904,-0.0093744586430678,0.045055170974209,0.0121125476032284,-0.0336065367577289,0.0021282133116402,0.0863328538558269,16.860000610351562,-2.9499988555908203,1.8830000162124632,1.88,-0.31547,0.0084727757901266,4.9,-0.8376367419473447,1.1942425987460763,4.819286473207152,5.336219336195512,-3.49385723291374,0.33772934665745186,0,R0: Calm / risk-on
2016-03-11,2016-03-11,171.37887573242188,96.89173126220705,119.41000366210938,0.0131886377279017,0.0133480128376894,0.0032660529075267,0.1033021976952985,0.0103416358137272,-0.0223721807590523,-0.046835268141916,0.002935432994093,16.5,-0.3600006103515625,1.9769999980926511,1.98,-0.33111,0.0084727757901266,4.9,-1.7873602912026767,1.264537145739498,3.200098101041987,5.233035962317918,-2.153844112145562,1.2060474505094576,0,R0: Calm / risk-on
2016-03-18,2016-03-18,173.63912963867188,98.18504333496094,119.8000030517578,-0.0061649718522965,0.0037194690313622,-0.0289649510209442,0.0676301839415462,0.0087470720960901,-0.0094786016183648,-0.013101760111435,0.0187047426081699,14.020000457763672,-2.479999542236328,1.871000051498413,1.88,-0.34669,0.0084727757901266,4.9,-3.9336528330922627,-0.10116451106840486,5.281458591084072,4.009615641818172,-0.29540432061160066,-0.062568360548896,0,R0: Calm / risk-on
2016-04-08,2016-04-08,173.7410430908203,100.6373519897461,118.43000030517578,0.0160390216552481,-0.0009845543907736,-0.0043063593254771,0.0296977034480997,0.0068410496366521,-0.0116952176341116,0.0277734757738384,-0.0255921914703542,15.359999656677246,2.2599992752075178,1.7200000286102295,1.72,-0.3771,0.0089161609655219,5.0,-1.6559242875639884,0.43758056776076637,5.6480011709136555,3.309102935236115,0.9789167281810583,0.08623297539744688,0,R0: Calm / risk-on
2016-04-15,2016-04-15,176.52767944335938,100.53826904296876,117.91999816894533,0.005727242599524,-0.0266904400689891,-0.0002543994213255,0.0204202067244135,0.0063753473680793,-0.0011056213311266,0.0257786907925023,-0.018568053956782,13.619999885559082,-1.739999771118164,1.7519999742507937,1.76,-0.38075,0.0089161609655219,5.0,-3.0533696803477857,-0.33925442256074334,5.1985307922373325,3.8695396258131556,-0.5178616314270404,-0.6306689422628544,0,R0: Calm / risk-on
2016-04-22,2016-04-22,177.5386962890625,97.8548583984375,117.88999938964844,-0.0126332425053131,0.0079463391327887,0.0488591243197193,0.0283934682039776,0.0064073165675504,-0.0053785680489002,-0.007081120372451,0.013320985557888,13.220000267028809,-0.3999996185302734,1.888000011444092,1.89,-0.38346,0.0089161609655219,5.0,-3.7159218532980405,0.22706169302859455,2.987830141313497,4.504946229785421,-0.3356886552038887,1.2877293360358244,0,R0: Calm / risk-on
2016-04-29,2016-04-29,175.29580688476562,98.6324462890625,123.6500015258789,-0.0029564284561548,0.0103000846537797,-0.003801061179969,-0.0028552052016779,0.0064296454514427,-0.0179438617997204,-0.0099977731692811,0.055879538545603,15.699999809265137,2.479999542236328,1.819000005722046,1.83,-0.38521,0.0089161609655219,5.0,-1.7922804322377004,1.7213399005331498,5.134816485411142,2.0775357502435687,1.980136573760695,1.5944113924851326,0,R0: Calm / risk-on
2016-05-06,2016-05-06,174.77755737304688,99.64836883544922,123.18000030517578,-0.0046665762196681,0.0140284390814839,-0.0119337653601333,0.0059481321046199,0.0055556359767857,-0.0208472405122372,-0.0098758033103163,0.0393246314261266,14.720000267028809,-0.979999542236328,1.7790000438690186,1.79,-0.38512,0.0117262575035348,5.1,-2.444071796727083,1.3286858154546877,4.71697495662234,3.351619964751353,1.3713577524301759,-1.1678929703552279,0,R0: Calm / risk-on
2016-05-13,2016-05-13,173.96194458007812,101.04627990722656,121.70999908447266,0.0035653732160196,-0.0161025790794526,-0.0164325036155156,-0.0146411221351787,0.0060793063095122,-0.0254165314950852,0.0050401872796328,0.0316347454511758,15.039999961853027,0.3199996948242187,1.7050000429153442,1.71,-0.38356,0.0117262575035348,5.1,-0.8392742191827816,1.2977549722371968,5.422214594476575,2.487033625920352,1.8069539626940998,-1.365453211850793,0,R0: Calm / risk-on
2016-05-20,2016-05-20,174.58218383789062,99.41917419433594,119.70999908447266,0.0231152292486822,-0.0023047992221667,-0.0341658705970294,-0.0167929940932088,0.0066727195845464,-0.0219417776997024,0.0158596502983071,0.0153201624886625,15.199999809265137,0.1599998474121093,1.8489999771118164,1.85,-0.38166,0.0117262575035348,5.1,-1.951137006992925,0.8671077442258797,2.8847845174057545,4.245000669907882,0.14291937129046492,-1.0391634145431747,0,R0: Calm / risk-on
2016-05-27,2016-05-27,178.61769104003906,99.19003295898438,115.62000274658205,0.0001903315502136,0.028139526726947,0.028195765692734,0.0187728455247129,0.0070805130951366,0.0,0.0056372576934061,-0.0671460308981515,13.119999885559082,-2.0799999237060547,1.85099995136261,1.85,-0.3786,0.0117262575035348,5.1,-3.7944256409619053,-0.4369585362348895,2.768232015735048,4.868127062993553,-0.5556476099670621,-2.0970942270364863,0,R0: Calm / risk-on
2016-06-03,2016-06-03,178.6516876220703,101.98119354248048,118.87999725341795,-0.0009985380228093,0.0116337553440857,0.0240578791758789,0.025576007596132,0.0064605810193195,-0.0029869218703976,0.0188568044726304,-0.0264800903160725,13.470000267028809,0.0399999618530291,1.7039999961853027,1.71,-0.37403,0.0107847646212462,4.8,-3.5026121123862106,1.0967846825111482,6.776214811693016,1.688526109739678,0.9078494832197052,1.2491288885501646,0,R0: Calm / risk-on
2016-06-10,2016-06-10,178.47329711914062,103.16761779785156,121.73999786376952,-0.0117866774004298,0.0061578629688576,0.0181534345593281,0.0168500325342355,0.0060164511532041,-0.0108301527161389,0.0304234080017242,0.0047755891338605,17.030000686645508,3.560000419616699,1.6390000581741333,1.64,-0.3678,0.0107847646212462,4.8,-2.6060331781039823,1.5298154049435606,6.654858662261552,1.3938883706076015,1.7361110246842457,2.0701994820525207,0,R0: Calm / risk-on
2016-06-17,2016-06-17,176.36968994140625,103.80290985107422,123.9499969482422,-0.0158823362486897,0.0012540373837202,0.0165389520147694,0.0164844747229775,0.0051497613897462,-0.0224891786003063,0.0439173148666958,0.033470388728307,19.40999984741211,2.3799991607666016,1.618000030517578,1.62,-0.36083,0.0107847646212462,4.8,-1.7857252821128018,1.6218937778570792,6.84446953738887,1.305105984524868,1.717548387358234,2.3003315153891926,0,R0: Calm / risk-on
2016-06-24,2016-06-24,173.5685272216797,103.9330825805664,126.0,0.0328674661342469,0.0371818632068772,0.0191270131913443,-0.0243851149530454,0.0097094692337163,-0.0380143341525091,0.0452478290301541,0.0777041586276523,25.760000228881836,6.350000381469727,1.5789999961853027,1.57,-0.35299,0.0107847646212462,4.8,4.179129328984518,6.134827914548644,7.353308989479758,-0.2341298059424059,1.51521859896194,4.651356499218699,0,R0: Calm / risk-on
2016-07-01,2016-07-01,179.27328491210938,107.7975082397461,128.41000366210938,0.0130051833140492,0.0215545286068212,0.016431746360694,0.0034733419719544,0.0123442517165177,-0.0063963028586356,0.0554661242983908,0.0771137404964327,14.770000457763672,-10.989999771118164,1.4559999704360962,1.46,-0.34785,0.0107928653479594,4.9,-0.8464176319209571,0.6783085315635479,7.790348021694425,1.0900601132363497,-3.5939112781849256,-2.245143698997849,0,R0: Calm / risk-on
2016-07-08,2016-07-08,181.60476684570312,110.12103271484376,130.52000427246094,0.0149539769695798,-0.0362814075643644,-0.0281949725261139,0.0078710691722838,0.0128939269329435,0.0,0.070059371741596,0.0736719746416744,13.199999809265137,-2.4300003051757812,1.366000056266785,1.37,-0.34471,0.0107928653479594,4.9,-0.898498136866242,-0.6316190664929496,7.356388883583527,-0.14243627687090069,-2.6379127079364424,-1.0807043706441493,0,R0: Calm / risk-on
2016-07-15,2016-07-15,184.3204803466797,106.1256866455078,126.83999633789062,0.0065327348269943,0.0029635288185438,-0.0038631179274415,0.0403628142548856,0.0125922489295455,-0.0013420294216368,0.0158814722043042,0.035795485206934,12.670000076293944,-0.5299997329711932,1.593999981880188,1.6,-0.34579,0.0107928653479594,4.9,-2.6046413255086946,-0.7773846106571944,0.7113185041451765,2.9887922570661654,-4.641750704282372,3.207135674024808,0,R0: Calm / risk-on
2016-07-22,2016-07-22,185.52459716796875,106.44019317626952,126.3499984741211,-0.000552204458759,0.0198833387127495,0.0208151743979374,0.0300454988173437,0.012302467244039,0.0,0.0503295459535873,0.0506478271095954,12.020000457763672,-0.6499996185302717,1.5700000524520874,1.57,-0.34989,0.0107928653479594,4.9,-2.3886267880594416,-1.6817884192113934,2.332914486921289,0.720939227679927,-3.338396974386468,0.3711546443627306,0,R0: Calm / risk-on
2016-07-29,2016-07-29,185.42214965820312,108.55657958984376,128.97999572753906,0.0048820646378577,-0.0233675842281897,-0.0110869338126047,0.0358222324935359,0.0046852457832372,-0.000552204458759,0.0208063997869606,0.0196521849132418,11.869999885559082,-0.1500005722045898,1.4579999446868896,1.46,-0.35415,0.0107928653479594,4.9,-1.9023069607755898,-2.4526353480103404,3.314762803925083,-1.730973349278308,-1.3819276652778958,1.2263871607361814,0,R0: Calm / risk-on
2016-08-05,2016-08-05,186.327392578125,106.0198745727539,127.5500030517578,0.0012830894251418,0.0150722098363751,-0.001176021342924,0.0256725865984967,0.0036645537870133,0.0,-0.0379534858102835,-0.0230180359454742,11.390000343322754,-0.4799995422363281,1.5820000171661377,1.59,-0.35846,0.0086836334305182,4.8,-2.3332595268580563,-2.031498760875802,-0.8753959416541577,1.5851777770071085,-2.3406658086780827,3.1030638798798535,0,R0: Calm / risk-on
2016-08-12,2016-08-12,186.56646728515625,107.61782836914062,127.4000015258789,0.0003665711934912,-0.009779745526697,0.0044740948822392,0.0121115849892325,0.0033421051284099,-0.0008692981826781,0.01396221039695,0.0044053343168691,11.550000190734863,0.1599998474121093,1.5149999856948853,1.51,-0.36073,0.0086836334305182,4.8,-2.1256927325237034,-2.270357824119597,2.462610490599508,-0.8196929033250762,-0.37124947940178826,1.7308307618797532,0,R0: Calm / risk-on
2016-08-19,2016-08-19,186.6348571777344,106.56535339355467,127.97000122070312,-0.0057199961214269,-0.0025236734892,-0.0150035019975814,0.0059666000183509,0.0032740384224635,-0.0025101773092039,0.0011751828410586,0.0127400492308841,11.34000015258789,-0.2100000381469726,1.5779999494552612,1.58,-0.361,0.0086836334305182,4.8,-2.928661917295602,-2.067216271299067,-0.008344954795078461,0.42919903471542015,-0.4802684977548327,2.1854177131397075,0,R0: Calm / risk-on
2016-08-26,2016-08-26,185.5673065185547,106.29641723632812,126.0500030517578,0.0049704230759457,0.0037744884544637,0.0041253203528515,0.0007825390470926,0.0034574003690674,-0.0082158152261582,-0.0210399274239076,-0.0229786426126217,13.649999618530272,2.309999465942381,1.6349999904632568,1.62,-0.35868,0.0086836334305182,4.8,-1.193372026582691,-0.4089980127195943,-0.40823663427460954,-0.559518400316469,0.6739782980490802,4.39481131955913,0,R0: Calm / risk-on
2016-09-02,2016-09-02,186.4896545410156,106.6976318359375,126.56999969482422,-0.0233091137416412,-0.0224341354838932,0.0014221403619323,0.000870464343785,0.0029407271005274,-0.0032862282278003,0.00637239095286,-0.0077129561205581,11.979999542236328,-1.6700000762939435,1.5959999561309814,1.6,-0.35357,0.0105531585956568,4.9,-2.4467817588036875,-2.048401313635287,0.1567974189204972,0.8551891488965377,0.7767746617083244,0.2561533640940359,0,R0: Calm / risk-on
2016-09-09,2016-09-09,182.1427459716797,104.30396270751952,126.75,0.0054756227890524,-0.0056814520373253,-0.0133333525949209,-0.0248665465968794,0.0060973183351577,-0.0265187429018987,-0.0228893733150738,-0.0072321530188764,17.5,4.020000457763672,1.6720000505447388,1.67,-0.34654,0.0105531585956568,4.9,-0.008047580194664524,0.8014856878621851,-2.605917172207019,0.6477745980420271,2.4359509822146297,3.6458176571645633,0,R0: Calm / risk-on
2016-09-16,2016-09-16,183.1400909423828,103.71136474609376,125.05999755859376,0.0122791782120528,0.0153623866897909,0.0207100912989515,-0.0203658115058426,0.0079432784285219,-0.0211883267458169,-0.0323950731507836,-0.0318711562967313,15.369999885559082,-2.130000114440918,1.7009999752044678,1.7,-0.34064,0.0105531585956568,4.9,-1.707416099864666,-0.6621123066463134,-2.322348447860206,1.3436547161282124,0.4381233193862642,0.30555053449001135,0,R0: Calm / risk-on
2016-09-23,2016-09-23,185.3889007568359,105.30461883544922,127.6500015258789,0.0014354326508416,0.0050424246007259,-0.0157461975104087,-0.0028472190773053,0.0085252530038831,-0.0091693237738911,-0.0152114617714985,0.0111864892825515,12.289999961853027,-3.0799999237060547,1.6150000095367432,1.62,-0.33625,0.0105531585956568,4.9,-2.723534911328784,-1.4480655146164925,0.017647075110660656,0.9205887743229266,0.269531400787458,-1.7487988450950904,0,R0: Calm / risk-on
2016-09-30,2016-09-30,185.6550140380859,105.83560943603516,125.63999938964844,-0.0058257165416831,-0.0243548824852211,-0.0469595793898501,1.2246227247829467e-05,0.0092078821855054,-0.0077470530697806,-0.0163016399701245,0.0027896122477786,13.289999961853027,1.0,1.6080000400543213,1.6,-0.33503,0.0105531585956568,4.9,-1.0347393421687914,-1.4982881961584273,-1.6837446258552429,-1.2529746788573288,-0.9406900912449592,0.7362703341059373,0,R0: Calm / risk-on
2016-10-07,2016-10-07,184.5734405517578,103.25799560546876,119.73999786376952,-0.0089283374413711,-0.017398105780956,-0.0031735197945325,0.013256737864573,0.0074139299826193,-0.0135276374762458,-0.0100786865246591,-0.0568939348146619,13.479999542236328,0.1899995803833007,1.7359999418258667,1.73,-0.33819,0.0154864462016521,5.0,-2.806094028521712,0.20721465932077968,-3.430615158321939,1.0791071538268873,-1.34684746207387,2.7986825074780524,0,R0: Calm / risk-on
2016-10-14,2016-10-14,182.92550659179688,101.46150207519533,119.36000061035156,0.0040352993600545,0.0130710663142927,0.0123156938102062,-0.0011723820900399,0.0061889282753533,-0.0223351956054445,-0.0219322651340432,-0.0466494610482863,16.1200008392334,2.6400012969970703,1.7940000295639038,1.8,-0.34536,0.0154864462016521,5.0,-2.7381721850371283,0.9972139794763972,-3.823008448599385,0.7546161267521487,0.15954627469619045,2.1097031550443694,0,R0: Calm / risk-on
2016-10-21,2016-10-21,183.6636657714844,102.78771209716795,120.83000183105467,-0.0067295682445399,-0.021453853976566,0.0062070676871184,-0.0093496033326227,0.0055753240812927,-0.0183900254459232,-0.0241914680146497,-0.0549075414479166,13.34000015258789,-2.780000686645508,1.7400000095367432,1.74,-0.35451,0.0154864462016521,5.0,-3.7255996398043583,-0.3058848790543093,-1.0481733647250675,0.09113713676375258,0.5814621973873938,-1.2966199869298338,0,R0: Calm / risk-on
2016-10-28,2016-10-28,182.4276885986328,100.58251953125,121.58000183105467,-0.0187729061431644,0.01181654230969,0.0231123335768532,-0.0175363206267869,0.0043569791920779,-0.0249958367592061,-0.0509085554631551,-0.0328481724314371,16.190000534057617,2.8500003814697266,1.8450000286102295,1.86,-0.36577,0.0154864462016521,5.0,-2.7581970777072344,0.5538910418683896,-3.290064433291101,0.2897967404704461,1.2452010768075874,1.9256829684435588,0,R0: Calm / risk-on
2016-11-04,2016-11-04,179.00299072265625,101.77105712890624,124.38999938964844,0.0377365712113231,-0.0736303516157025,-0.0586060049143629,-0.0306449224010585,0.0044544184684444,-0.04329949840492,-0.0145049155396083,0.0380990786584852,22.510000228881836,6.319999694824219,1.7829999923706057,1.79,-0.37881,0.0168592496624364,4.9,-1.8718280876724087,1.8598121262348122,-0.6197268574721204,-1.9734101919732054,4.126454253315656,-0.9558464566851402,0,R0: Calm / risk-on
2016-11-25,2016-11-25,190.1354217529297,93.33514404296876,112.61000061035156,-0.0083062649294202,-0.0080926142572308,-0.00417370764724,0.0384230258185239,0.0066324848037491,0.0,-0.0770022200546019,-0.0719426773343176,12.34000015258789,-1.0100002288818375,2.371999979019165,2.36,-0.41782,0.0168592496624364,4.9,-6.954652300097517,0.27153658134116265,-6.772405654530845,1.8966936939388295,-2.0637179423658707,-1.131048233336703,0,R0: Calm / risk-on
2016-12-02,2016-12-02,188.5561065673828,92.57981872558594,112.13999938964844,0.031090586526266,-0.017558437337397,-0.0155162999218827,0.0508909127768128,0.0060979881210104,-0.0083062649294202,-0.0857330448556236,-0.1029499378154538,14.119999885559082,1.7799997329711914,2.390000104904175,2.4,-0.42912,0.0168433347197889,4.7,-6.634213530428255,2.2994950123233058,-6.0921050424116965,-0.13381761667321257,-0.7822192067376482,2.595144254994031,0,R0: Calm / risk-on
2016-12-09,2016-12-09,194.41842651367188,90.95426177978516,110.4000015258789,-0.0006341529341424,-0.0030642809492081,-0.0212862177684866,0.0432605744571285,0.004499394197653,0.0,-0.041524699369391,-0.0812960886266628,11.75,-2.369999885559082,2.4639999866485596,2.47,-0.43903,0.0168433347197889,4.7,-7.859699185730991,0.9950275642306272,-6.459658601773056,0.31937802308949426,-1.5112784391845795,1.4570562575018442,0,R0: Calm / risk-on
2016-12-16,2016-12-16,194.29513549804688,90.67555236816406,108.0500030517578,0.0029776195159065,0.0104067084077057,-0.0011106223340366,0.0331284903070051,0.0049318331880259,-0.0061188510300608,-0.0320491047814977,-0.0724605085666931,12.199999809265137,0.4499998092651367,2.5969998836517334,2.6,-0.44787,0.0168433347197889,4.7,-8.68798923931045,4.313661987957401,-4.097085693772208,2.6632077490795014,2.4500055736462625,2.4349226673428603,0,R0: Calm / risk-on
2016-12-23,2016-12-23,194.87367248535156,91.6191864013672,107.93000030517578,-0.0096584975571285,0.0091489427257382,0.0155656471826695,0.0246149508748702,0.0048105850176485,-0.0031594511243963,-0.018556006496414,-0.0424476554641925,11.4399995803833,-0.7600002288818359,2.5429999828338623,2.55,-0.45478,0.0168433347197889,4.7,-9.603110021683865,2.7349073168491462,-2.4688239537687124,2.297047771691412,1.2674969058720273,-1.2525184177285615,0,R0: Calm / risk-on
2016-12-30,2016-12-30,192.99148559570312,92.45740509033205,109.61000061035156,0.0164629040891404,0.0145219195290007,0.0195237604026281,0.0237511853308565,0.0050522266941923,-0.012787433130558,0.0059783530960498,-0.0174546623734455,14.039999961853027,2.609999656677248,2.446000099182129,2.45,-0.46061,0.0168433347197889,4.7,-7.028967651098397,3.81997378767069,-0.8298419194826531,-0.17700991578009095,3.67687705302073,-0.07482276675014707,0,R0: Calm / risk-on
2017-01-06,2017-01-06,196.1686859130859,93.80006408691406,111.75,-0.0007041787364777,0.0037231094527807,0.0220134146261534,0.0174302028733163,0.004528283365655,0.0,0.0064273461522765,-0.0007156439199737,11.31999969482422,-2.0500001907348615,2.4179999828338623,2.42,-0.46699,0.0205079891151198,4.7,-8.96386161966086,3.886934483129729,0.07574497636561842,0.19244039136316865,1.125937631463461,-0.48991195601155646,0,R0: Calm / risk-on
2017-01-13,2017-01-13,196.03054809570312,94.1492919921875,114.20999908447266,-0.0013653709666446,-0.0112934526256011,0.0073549073988159,0.0110429526628264,0.0037881486883784,-0.0007041787364777,0.0403295373671226,0.048251802513463,11.229999542236328,-0.0900001525878924,2.380000114440918,2.4,-0.47269,0.0205079891151198,4.7,-9.527457839951543,3.5726069391985193,0.8511097261313032,-0.8446344325504065,1.771517529359874,-0.0948780805684263,0,R0: Calm / risk-on
2017-01-20,2017-01-20,195.7628936767578,93.08602142333984,115.0500030517578,0.0098350545854533,-0.0025843844723504,-0.0135593667675651,0.0015006362461061,0.0038588171928725,-0.0020685882379203,0.0205326602133047,0.0651819447197086,11.539999961853027,0.0,2.4670000076293945,2.48,-0.47847,0.0205079891151198,4.7,-8.83110704881352,4.184395235125448,-1.158947166887772,-0.46813117413411093,1.392919744880805,1.8197548412835205,0,R0: Calm / risk-on
2017-01-27,2017-01-27,197.688232421875,92.84545135498048,113.48999786376952,0.00161612313225,-0.0031164953454305,0.023261956466132,0.0201604984233141,0.003975428619819,-0.0026137736757763,0.0092379503271169,0.0416520498771641,10.579999923706056,-0.9600000381469708,2.4809999465942383,2.49,-0.48328,0.0205079891151198,4.7,-9.487791639220939,3.461073376916658,-0.9063526246784186,0.13291821795987613,0.7752913353017863,-0.9112824583930744,0,R0: Calm / risk-on
2017-02-03,2017-02-03,198.0077209472656,92.55609893798828,116.12999725341795,0.0094618527423984,0.0147898287707395,0.012658238659003,0.0129024600813227,0.0039162759036531,-0.0010018747236262,-0.022574387908898,0.0310461333063839,10.970000267028809,0.3900003433227521,2.490999937057495,2.49,-0.48694,0.0251039334825711,4.7,-8.966911584712793,4.148994880679228,-0.4153293202534303,-0.4955760855672992,2.005210636901834,-0.018083070459553065,0,R0: Calm / risk-on
2017-02-10,2017-02-10,199.88124084472656,93.92498779296876,117.5999984741211,0.0154637416306391,-0.0036430211317808,0.0006802876878633,0.0217456122695905,0.0039305759230211,0.0,-0.0071551110399854,0.0318803274283981,10.850000381469728,-0.1199998855590802,2.4089999198913574,2.41,-0.48929,0.0251039334825711,4.7,-8.788562809939965,3.7409738330412616,2.158812679835068,-1.1489490038822454,1.1625864195012965,-1.2822086907941843,0,R0: Calm / risk-on
2017-02-17,2017-02-17,202.97215270996097,93.58281707763672,117.68000030517578,0.007018727959583,0.0140457996099327,0.0171651651752891,0.0361645900810489,0.0038227486895432,0.0,0.0053227612194035,0.0226022358795841,11.489999771118164,0.6399993896484357,2.424999952316284,2.42,-0.49054,0.0251039334825711,4.7,-9.594756700331006,3.4242913018896,1.0304772253682224,-0.4550215373344719,1.2653551410056139,-0.8684627927629688,0,R0: Calm / risk-on
2017-02-24,2017-02-24,204.39675903320312,94.8972625732422,119.6999969482422,0.0070962706002517,-0.0199178767256879,-0.018295696473231,0.0318006724584788,0.0033054132901529,0.0,0.0254596166041078,0.0553025075219188,11.470000267028809,-0.2899999618530273,2.316999912261963,2.31,-0.48993,0.0251039334825711,4.7,-8.79564405812528,3.10873176174646,2.8583021919093965,-1.6348870391646424,2.8544473214984842,-0.9631703749313086,0,R0: Calm / risk-on
2017-03-03,2017-03-03,205.8472137451172,93.00711059570312,117.51000213623048,-0.003061954487201,-0.0175954019760099,-0.0237426675585699,0.045697338718758,0.0043240179314964,-0.0056718498189219,0.0044402961798007,0.0143135575010946,10.960000038146973,-0.5100002288818359,2.492000102996826,2.49,-0.48778,0.0281036168132942,4.6,-8.453047580845986,3.7686935471334984,-0.6605078404279117,0.638041199717408,0.47817714641443343,-0.2895936164437531,0,R0: Calm / risk-on
2017-03-10,2017-03-10,205.2169189453125,91.37061309814452,114.72000122070312,0.0015615175919632,0.011855416721046,0.0197872787562063,0.030282314755155,0.0043640318072533,-0.0087164373601191,-0.0281521961131509,-0.0221551208470585,11.65999984741211,0.6999998092651367,2.5820000171661377,2.58,-0.48583,0.0281036168132942,4.6,-8.960867555816272,4.489300475477171,-1.7452716000121078,0.35018946091232467,2.122560080103719,-0.06632849574039931,0,R0: Calm / risk-on
2017-03-17,2017-03-17,205.5373687744141,92.45384979248048,116.98999786376952,-0.0133738457859658,0.0188797577444206,0.0159842959289526,0.0141341349869077,0.0046178162185597,-0.007168530638433,-0.0062182325017834,-0.0092739335594924,11.279999732971191,-0.3800001144409179,2.500999927520752,2.5,-0.48325,0.0281036168132942,4.6,-7.786504358492847,4.647634093575595,0.9650047999839136,0.5865619847334713,2.3002138618511148,-1.5870158549345004,0,R0: Calm / risk-on
2017-03-24,2017-03-24,202.78854370117188,94.19935607910156,118.86000061035156,0.0080392326532454,-0.0014057781962724,-0.0011778511604368,-0.0078992227059126,0.0053647511749939,-0.0204465056011285,-0.0073815139371562,-0.007042251995314,12.960000038146973,1.6800003051757812,2.4000000953674316,2.4,-0.4809,0.0281036168132942,4.6,-5.367771191527103,5.816971017187491,2.1734146299225667,-1.1488455294936604,3.3654711211537114,-1.3997251832621571,0,R0: Calm / risk-on
2017-03-31,2017-03-31,204.41880798339844,94.06693267822266,118.72000122070312,-0.0022904738903519,0.0021169482302705,0.0062331355808686,-0.0069633430885892,0.0044383958732161,-0.0125716471633564,0.0113306304023656,0.0102443351762858,12.369999885559082,-0.5900001525878906,2.3959999084472656,2.4,-0.4794,0.0281036168132942,4.6,-6.488759333777479,3.7342453869379786,2.0793432334615374,-0.005283250967681146,1.1777832284093719,-2.0037918622029793,0,R0: Calm / risk-on
2017-04-07,2017-04-07,203.9505920410156,94.2660675048828,119.45999908447266,-0.0114374373508633,0.0228646152097966,0.0262849440290726,-0.0061897922655818,0.0043581876171818,-0.014833326024122,0.0311973822562648,0.0404871921482501,12.869999885559082,0.5,2.372999906539917,2.38,-0.48076,0.0244119623655914,4.4,-5.801729131791238,4.723927466409807,2.472194454247074,-0.9263944154418045,1.6881816721800267,-0.4290144958302898,0,R0: Calm / risk-on
2017-04-28,2017-04-28,206.4478759765625,95.54679870605467,120.7699966430664,0.0068046251790865,-0.0065938383089084,-0.0311335150397372,0.0075466412235258,0.0046595374597742,-0.0027703999784777,0.0185136650084481,0.0192281082206266,10.81999969482422,-3.8100004196166974,2.2820000648498535,2.29,-0.49757,0.0244119623655914,4.4,-7.190582026809653,2.408081860614048,1.6974695708560592,1.1803678332546172,-1.4020146818944015,-2.276574935457427,0,R0: Calm / risk-on
2017-05-05,2017-05-05,207.85267639160156,94.91677856445312,117.01000213623048,-0.0030037807687115,0.0008247774362886,-0.0015383326372923,0.0179318769413798,0.004579367740335,0.0,0.002828221359415,-0.0183755383917757,10.56999969482422,-0.25,2.3519999980926514,2.36,-0.50771,0.0217622347191539,4.4,-7.538294753768937,1.988016542848324,0.5491323554202373,1.8511391862806066,0.32584914516431424,-0.7983753067920095,0,R0: Calm / risk-on
2017-05-12,2017-05-12,207.22833251953125,94.99506378173828,116.83000183105467,-0.0028034191508142,0.0191124657693444,0.0219977715873072,0.0274468202481706,0.0041254384996199,-0.0037104514215058,-0.0149034965087976,-0.0482071086542473,10.399999618530272,-0.1700000762939488,2.3350000381469727,2.33,-0.51786,0.0217622347191539,4.4,-7.227728661966192,1.6468486496946177,1.3977090216542192,1.1604050219290054,1.529653424015006,-0.7268399316875809,0,R0: Calm / risk-on
2017-05-19,2017-05-19,206.6473846435547,96.81065368652344,119.4000015258789,0.0142669452787718,-0.0018597754966716,0.0095477334596294,0.0157330605384479,0.0055843790639218,-0.0082811643000512,0.0034620840054379,-0.0240795718004081,12.039999961853027,1.6400003433227557,2.244999885559082,2.23,-0.52786,0.0217622347191539,4.4,-3.6908533023501375,3.647537321295685,3.48266341712211,-0.2335797110446442,2.3349020131551734,-0.8270935315375276,0,R0: Calm / risk-on
2017-05-26,2017-05-26,209.5956115722656,96.63060760498048,120.54000091552734,0.0101776652369989,0.0194867707067514,0.008876718821116,0.0151320511122091,0.0050940562282812,-0.0002070034417597,0.0112793736815626,-0.001906226841081,9.8100004196167,-2.229999542236328,2.25,2.25,-0.53671,0.0217622347191539,4.4,-6.887389670602107,0.4664100056934592,3.2274837918745236,1.6698523779072552,0.00691858157061172,-2.48284448098928,0,R0: Calm / risk-on
2017-06-02,2017-06-02,211.7288055419922,98.5136260986328,121.61000061035156,-0.0031128162948327,-0.0097119988277912,-0.0087986159810374,0.0224058286691826,0.0053540519994268,0.0,0.038101236485002,0.0404417498822696,9.75,-0.239999771118164,2.1589999198913574,2.15,-0.54575,0.0185634316676197,4.4,-5.645400144251222,1.014107282992552,5.045787747833934,-0.037692912119494985,2.1641223484507557,-1.7918270209474925,0,R0: Calm / risk-on
2017-06-09,2017-06-09,211.0697326660156,97.5568618774414,120.54000091552734,0.0016980096244643,0.0156747808883306,-0.0099552394933003,0.0166950513929838,0.0053747369152783,-0.0031128162948327,0.0341349441073253,0.0340903826443587,10.699999809265137,0.9499998092651368,2.1989998817443848,2.21,-0.55294,0.0185634316676197,4.4,-4.389575381299046,2.2323720194453003,2.822248572816514,0.9586969177069765,1.8591911721580763,0.4917501489812777,0,R0: Calm / risk-on
2017-06-16,2017-06-16,211.4281311035156,99.08604431152344,119.33999633789062,0.0020192471879283,0.0113179644957583,0.0007541810796636,0.0293548248806158,0.0030630461451526,-0.002971695604943,0.0255789115529906,0.0044509734862143,10.380000114440918,-0.3199996948242187,2.1570000648498535,2.16,-0.55873,0.0185634316676197,4.4,-5.295338632932848,1.1415663716952813,3.6490829197024617,1.5047539984358405,3.2421346648927734,-0.28128166042648706,0,R0: Calm / risk-on
2017-06-23,2017-06-23,211.8550567626953,100.2074966430664,119.43000030517578,-0.0054703451774771,-0.0208169434805419,-0.0118061095077153,0.0105153063883362,0.0034889799007101,-0.006253372042605,0.038049268097854,-0.0004185932085009,10.020000457763672,-0.3599996566772461,2.1440000534057617,2.15,-0.56315,0.0185634316676197,4.4,-3.9278081110281815,0.42478790269309097,2.889344157737275,0.5361737640332065,1.2248552628569864,-1.3624213533661813,0,R0: Calm / risk-on
2017-06-30,2017-06-30,210.69613647460935,98.1214828491211,118.0199966430664,0.0012820659519119,-0.017154914878564,-0.0232163865591035,-0.0048892526070881,0.004516899076848,-0.0116895091164859,-0.003988542752886,-0.0299651348265803,11.18000030517578,1.1599998474121076,2.302000045776367,2.31,-0.56621,0.0185634316676197,4.4,-2.1137341883985585,1.4523877899888704,-1.4947163556452656,0.14702333096706247,0.740715506849845,1.3672257871536775,0,R0: Calm / risk-on
2017-07-07,2017-07-07,210.9662628173828,96.43821716308594,115.27999877929688,0.0142497207231218,0.004970511101354,0.0129250336532542,-0.0020092076807779,0.0051736255137045,-0.0104224298862068,-0.0130586982383158,-0.0537841406704814,11.1899995803833,-0.25,2.3929998874664307,2.39,-0.56949,0.0164056580995912,4.3,-2.2391833939404444,0.7271618794749379,-2.2785605285216772,1.0413607776301228,-0.14521720599616142,0.23664532355875173,0,R0: Calm / risk-on
2017-07-14,2017-07-14,213.97247314453125,96.91756439208984,116.7699966430664,0.0053755642556103,0.0191357612137876,0.0213240178534501,0.012180940811991,0.0053905511456946,0.0,-0.0201475038636743,-0.0216027977495537,9.510000228881836,-1.6799993515014648,2.319000005722046,2.33,-0.5726,0.0164056580995912,4.3,-3.2502135076625516,-1.16777285356905,0.10774649239727313,0.14622989509271672,-0.3107153138494771,-1.7987905132195723,0,R0: Calm / risk-on
2017-07-21,2017-07-21,215.12269592285156,98.77215576171876,119.26000213623048,0.0001215041748705,-0.0143207337653551,0.0119906110981138,0.0164995659074906,0.0049285551401338,-0.0008903789957298,-0.0148966060949245,0.0028550188748084,9.359999656677246,-0.1500005722045898,2.2320001125335693,2.24,-0.57584,0.0164056580995912,4.3,-3.442283479351633,-1.7121682540164178,2.2309130893798,-0.9347179858091677,1.3171953514598123,-1.4330620824063882,0,R0: Calm / risk-on
2017-07-28,2017-07-28,215.1488342285156,97.357666015625,120.69000244140624,0.0020251781667426,0.0105857252298904,-0.0086171256482676,0.022775716151813,0.0035001788720036,-0.0021016032270775,-0.0101298829457058,0.0198324790352396,10.289999961853027,0.9300003051757812,2.2890000343322754,2.3,-0.57805,0.0164056580995912,4.3,-3.315632028456543,-1.5004037748442087,0.5384370277867901,-0.21651174183885472,0.49347940575937466,0.5854233006433648,0,R0: Calm / risk-on
2017-08-04,2017-08-04,215.5845489501953,98.38826751708984,119.6500015258789,-0.0132979685316588,0.01200726088592,0.0262432039248181,0.021654942283904,0.0024062471214379,-0.000120875366952,0.0200189977455668,0.0372068860049967,10.029999732971191,-0.2600002288818359,2.2669999599456787,2.27,-0.57768,0.017251073506566,4.3,-3.357564983661325,-1.7639484067263624,1.6743157614150095,-0.8983772127321067,0.8881067743991341,-0.08806861243678209,0,R0: Calm / risk-on
2017-08-11,2017-08-11,212.71771240234375,99.56964111328124,122.79000091552734,-0.0057756199344249,0.0015024375532153,-0.0039905355494429,-0.0058813837374562,0.0037225895817802,-0.0151289154962465,0.0269965444807191,0.0502694272890935,15.510000228881836,5.4800004959106445,2.188999891281128,2.19,-0.5746,0.017251073506566,4.3,1.4654381039940407,1.9168430054176706,2.2420416634272136,-2.6290708630892277,3.946383935454722,0.02575906209299266,0,R0: Calm / risk-on
2017-08-18,2017-08-18,211.4891357421875,99.71923828125,122.3000030517578,0.0076220664823878,0.0055283694454646,0.0035976680378781,-0.0170349145456918,0.005476291088596,-0.020817156564745,0.0095428792908747,0.0251710660388344,14.260000228881836,-1.25,2.194000005722046,2.19,-0.56935,0.017251073506566,4.3,2.768544021304971,2.7038525471455204,1.197220487624092,-1.291444633015893,1.027623885433165,-1.083593335525191,0,R0: Calm / risk-on
2017-08-25,2017-08-25,213.1011199951172,100.27052307128906,122.73999786376952,0.0134118394262554,-0.0024270585143433,0.0270490447499367,-0.0095632460409443,0.0060878209719651,-0.013353759833668,0.0294802884819555,0.0168429846978901,11.279999732971191,-2.9800004959106445,2.1689999103546143,2.17,-0.56395,0.017251073506566,4.3,-0.12181652501874823,0.4406090433948766,2.6580503171050873,-0.8093861785612138,-0.562047317721543,-2.4955400537660593,0,R0: Calm / risk-on
2017-09-01,2017-09-01,215.95919799804688,100.02716064453124,126.05999755859376,-0.0050838325054112,0.0177513736808547,0.0151515444954817,0.0017363205683112,0.0063146381320472,-0.0001210188900385,0.0165201911555083,0.0521871376107107,10.130000114440918,-1.1499996185302734,2.1570000648498535,2.16,-0.55993,0.0192812155729698,4.4,-1.9506400906172938,-1.3550321190771557,3.0070710823411626,-0.558600542833127,-1.340633286744426,-1.0735802818484173,0,R0: Calm / risk-on
2017-09-08,2017-09-08,214.86129760742188,101.8027801513672,127.97000122070312,0.0156000752779426,-0.0165888334794471,-0.0190669877168955,0.0115024663570448,0.0056405735801331,-0.0052042361556828,0.0226553601447937,0.0460550020300017,12.119999885559082,1.5299997329711914,2.061000108718872,2.06,-0.55778,0.0192812155729698,4.4,-0.32361042554599284,-0.27798085557596847,3.4966380301737385,-1.2212824555977628,-0.032628213150508886,-0.02752566526401191,0,R0: Calm / risk-on
2017-09-15,2017-09-15,218.2131500244141,100.1139907836914,125.52999877929688,0.0010033692480644,-0.0052028095110393,-0.0182426586297795,0.0297347971840245,0.0042517665760671,0.0,0.0037139050335464,0.0245153875461694,10.170000076293944,-1.9499998092651385,2.2019999027252197,2.2,-0.55746,0.0192812155729698,4.4,-2.287871164343137,-2.3988538550122964,0.7580425294237958,1.5395365300179429,-2.1963621846550767,-0.6848181934194147,0,R0: Calm / risk-on
2017-09-22,2017-09-22,218.43209838867188,99.5931167602539,123.23999786376952,0.0071759559057855,-0.0114105634122726,-0.013469620752102,0.0270418235809896,0.0035122067353077,-0.0024793831289757,-0.0029228259156675,0.0077383757067567,9.59000015258789,-0.5799999237060529,2.26200008392334,2.26,-0.56033,0.0192812155729698,4.4,-2.926178714561416,-2.086125558969756,0.7894189406040363,0.9169016334098242,-0.7265225688342521,-0.5571360110643896,0,R0: Calm / risk-on
2017-09-29,2017-09-29,219.9995574951172,98.45670318603516,121.58000183105467,0.0124986379769411,-0.0073730036388455,-0.0040303132569857,0.0199491698662795,0.0033979780809991,0.0,-0.0235033305436836,-0.0342798143353198,9.510000228881836,-0.0799999237060546,2.325999975204468,2.33,-0.56473,0.0192812155729698,4.4,-2.1798204861359616,-1.4474899814295934,-0.8276526864042281,0.16316007664354673,-1.9800397369645433,1.500742895232953,0,R0: Calm / risk-on
2017-10-06,2017-10-06,222.7492523193359,97.73078155517578,121.08999633789062,0.0022799550215286,0.0182862782303099,0.0225452427078762,0.0360540172181055,0.0029756749221535,-0.0011385085763451,-0.0408208422739888,-0.0552618304650809,9.649999618530272,0.1399993896484357,2.369999885559082,2.37,-0.57022,0.0218056523037117,4.3,-3.456794580783157,-1.6041529144411648,-0.49356129635992535,0.35795464108383607,-0.20303909750118637,0.6890729096721461,0,R0: Calm / risk-on
2017-10-13,2017-10-13,223.25711059570312,99.51791381835938,123.81999969482422,0.0084719976477949,-0.0148584653249324,-0.0178484823931479,0.0228517321159627,0.0022588205439769,-0.0002744715807123,-0.0059717782883187,-0.01371586847931,9.609999656677246,-0.0399999618530255,2.2799999713897705,2.28,-0.57708,0.0218056523037117,4.3,-3.2887366024318108,-2.7009043511168556,2.0727598285669635,-1.1206174955219708,1.968517584350928,-1.4747311403772356,0,R0: Calm / risk-on
2017-10-20,2017-10-20,225.14854431152344,98.03923034667967,121.61000061035156,0.0023338677163209,-0.0059690130844675,-0.0058383281054947,0.0302851775946699,0.0022255302177615,0.0,-0.0157253451416018,-0.0133144483827278,9.970000267028809,0.3600006103515625,2.38100004196167,2.39,-0.58416,0.0218056523037117,4.3,-3.4253216637822654,-2.0000467096353938,-1.3442827494876626,0.629998653662503,0.04872701578692061,1.169794777215585,0,R0: Calm / risk-on
2017-10-27,2017-10-27,225.67401123046875,97.45403289794922,120.9000015258789,0.002871241017103,0.0216328420686742,-0.0023159534802563,0.0254659948230238,0.0031203615531549,0.0,-0.0102360806035846,-0.0056087271393217,9.800000190734863,-0.1700000762939453,2.427999973297119,2.42,-0.591,0.0218056523037117,4.3,-2.733834959163986,-0.8515571871623809,-0.8788103436862984,-0.1116930686814684,0.8042113396215816,0.27586966182899664,0,R0: Calm / risk-on
2017-11-03,2017-11-03,226.3219757080078,99.56224060058594,120.62000274658205,-0.0013925748354749,-0.0122567189039053,0.0042281088975548,0.0159119469111867,0.0030192428089817,0.0,0.0185664108697704,-0.003888909730026,9.140000343322754,-0.6599998474121094,2.3429999351501465,2.34,-0.59638,0.0202075775313248,4.2,-3.942284483046461,-1.0991731190342973,2.262393969189499,-2.1197094343602236,0.8465562157504092,0.6658431250670075,0,R0: Calm / risk-on
2017-11-10,2017-11-10,226.00680541992188,98.34193420410156,121.12999725341795,-0.0008912619867343,0.0184521586479431,0.0142822042116803,0.0122410416743583,0.0030915158865239,-0.0039362173013602,-0.0118871360059256,-0.0219645692723667,11.289999961853027,2.1499996185302734,2.4000000953674316,2.4,-0.60058,0.0202075775313248,4.2,-2.8900194971695483,0.2451497240860883,-0.632709508421409,-1.089978753228175,0.23932592602181588,3.7881223120715513,0,R0: Calm / risk-on
2017-11-17,2017-11-17,225.8053741455078,100.15655517578124,122.86000061035156,0.0096950470460248,0.0032445085666057,-0.00439525405213,0.0029130705892025,0.0037740597815402,-0.0048239710872425,0.0213668053192484,0.0102262926918096,11.43000030517578,0.1400003433227521,2.3540000915527344,2.35,-0.60274,0.0202075775313248,4.2,-1.5133691836347494,0.753542379050849,2.8718846859895275,-2.6035827199223633,1.2630805107027865,0.8673548531313937,0,R0: Calm / risk-on
2017-11-24,2017-11-24,227.99456787109375,100.48151397705078,122.31999969482422,0.0157474454973853,6.598172723770723e-05,-0.0059679803691536,0.0183729943921109,0.0037074082150329,0.0,0.0371872495536227,0.0164025754588966,9.670000076293944,-2.0900001525878924,2.3399999141693115,2.34,-0.60385,0.0202075775313248,4.2,-3.6042344809889393,-1.7851219911569287,2.3328159255990144,-0.16408479075734372,-2.0790417605230243,-1.7270333051032343,0,R0: Calm / risk-on
2017-12-01,2017-12-01,231.58489990234375,100.48814392089844,121.58999633789062,0.0039702452661065,0.0011063547675522,-0.0255777043722787,0.0263209181369226,0.0042404465752984,-0.0020755862674788,0.0119662954500628,0.0032951170641448,11.43000030517578,1.760000228881836,2.361999988555908,2.37,-0.60477,0.0217249386429556,4.2,0.6838645801346037,2.6035337283103797,0.6541608907461922,-2.0431115604149164,-0.4485774765224987,3.707259823687484,0,R0: Calm / risk-on
2017-12-08,2017-12-08,232.5043487548828,100.5993194580078,118.4800033569336,0.0088973811485617,0.013103156634046,0.0059081442303252,0.028033905767887,0.0043581648206555,0.0,0.0075012813218252,-0.0303418304011145,9.579999923706056,-1.850000381469723,2.382999897003174,2.38,-0.60587,0.0217249386429556,4.2,-3.508269763025216,-0.5387987403773274,0.5474458149707074,-0.04333582813526746,-2.102083729203624,-0.5574910097012614,0,R0: Calm / risk-on
2017-12-15,2017-12-15,234.57302856445312,101.91748809814452,119.18000030517578,0.0037521032034262,-0.0258369016528688,0.01476759633935,0.0351506975592986,0.0041858960450131,0.0,0.0248141004111645,-0.0184559333149547,9.420000076293944,-0.1599998474121129,2.3550000190734863,2.35,-0.60716,0.0217249386429556,4.2,-3.621399271251416,-0.07223771358948512,2.3128968523480853,-0.19043596232744964,-0.24823117413686394,-0.5157612173600744,0,R0: Calm / risk-on
2017-12-22,2017-12-22,235.4531707763672,99.28425598144533,120.94000244140624,-0.0024299027021463,0.0167512129433491,0.0224077975009602,0.0321902399328039,0.0042427403388117,-0.0025726450650236,-0.0119867616081951,-0.0113459840939222,9.899999618530272,0.4799995422363281,2.484999895095825,2.48,-0.60987,0.0217249386429556,4.2,-4.7622786613813775,0.6079667305296088,-1.1097989960914125,1.3104811545599837,-0.551109306692681,0.8525938589993162,0,R0: Calm / risk-on
2017-12-29,2017-12-29,234.88104248046875,100.9473876953125,123.6500015258789,0.0245824055405372,-0.0090653458869282,0.013586739057372,0.0120548959545861,0.0034658926672994,-0.0049962964899749,0.0179634423135325,0.0208383683488413,11.039999961853027,1.420000076293945,2.4049999713897705,2.4,-0.61368,0.0217249386429556,4.2,-2.264391197421172,1.4289610336008955,2.152175776307974,-2.0849162897115106,2.128126955062087,0.20478299355886243,0,R0: Calm / risk-on
2018-01-05,2018-01-05,240.6549835205078,100.03226470947266,125.33000183105467,0.0164579101693458,-0.0094658637132536,0.0130056429394713,0.04304148633621,0.0038147822315525,0.0,-0.0134367558369814,0.0428753697323203,9.220000267028809,-0.9600000381469708,2.4760000705718994,2.47,-0.61732,0.0212993071955225,4.1,-4.302992273100692,-0.6543341083737714,0.0890810152429989,1.445453240320104,-1.9874608577785864,-0.7350055561764249,0,R0: Calm / risk-on
2018-01-12,2018-01-12,244.61566162109375,99.08537292480467,126.95999908447266,0.0089595045440333,-0.0117253616181568,-0.0042533153703635,0.0461197140945982,0.004084487942016,0.0,-0.0202031369673365,0.0633210392693549,10.15999984741211,0.9399995803833008,2.552000045776367,2.55,-0.62095,0.0212993071955225,4.1,-3.9880364307849234,0.3322453839152173,-0.860250570499964,0.8150343179691985,-0.5163472491927291,1.1227480235263827,0,R0: Calm / risk-on
2018-01-19,2018-01-19,246.8072967529297,97.9235610961914,126.41999816894533,0.0220034754141373,0.0043068048810455,0.0130518049293781,0.0483676630087911,0.0039149272673965,0.0,-0.0177602684991171,0.0536190684514254,11.270000457763672,1.390000343322754,2.63700008392334,2.64,-0.62095,0.0212993071955225,4.1,-4.702525513313785,0.4840552626081334,-1.9848530151845205,1.4444422392551601,-0.14216388114191358,0.1642014991250484,0,R0: Calm / risk-on
2018-01-26,2018-01-26,252.2379150390625,98.34529876708984,128.07000732421875,-0.0388372179121176,-0.0304312966750618,-0.0131178873935506,0.0695712325742518,0.0043700262614216,0.0,-0.0254049471317047,0.0466725033739186,11.079999923706056,-0.1900005340576154,2.6619999408721924,2.66,-0.61653,0.0212993071955225,4.1,-4.836319147588593,0.6994729165471971,-1.5255010333225274,1.70686038349475,-1.224901030827139,-1.5979622976480097,0,R0: Calm / risk-on
2018-02-02,2018-02-02,242.4416961669922,95.35252380371094,126.38999938964844,-0.0506444250581499,-0.0137145438574957,-0.0128174915294343,0.0140389100352405,0.0076252088598508,-0.0388372179121176,-0.0507718009348698,0.0073853844586894,17.309999465942383,6.229999542236326,2.8540000915527344,2.84,-0.60766,0.0215131886806394,4.0,3.655059442996543,10.621942033647828,-8.614558516793483,-0.24508351668232314,3.8362243097603757,4.595738377553081,2,R2: Stress / risk-off
2018-02-09,2018-02-09,230.1633758544922,94.04480743408205,124.7699966430664,0.0443975455560918,0.006528704778536,0.025567063614917,-0.0544014027579617,0.0158581879345392,-0.0875147543982504,-0.0505226497801921,-0.0053555605468828,29.059999465942383,11.75,2.8289999961853027,2.83,-0.59396,0.0215131886806394,4.0,6.760978649176162,14.147714695172649,-7.197061897479802,-1.8134808305008558,3.3339815440508196,2.053083240729774,2,R2: Stress / risk-off
2018-02-16,2018-02-16,240.3820648193359,94.65879821777344,127.95999908447266,0.0058586314980773,-0.0048856632136488,-0.0142231924651917,-0.0263782627425431,0.016675264285562,-0.047002649137385,-0.0339083568858872,0.0121080253662717,19.459999084472656,-9.600000381469728,2.877000093460083,2.87,-0.57633,0.0215131886806394,4.0,2.7451201346649046,8.7743558576734,-4.921443462156708,1.7790733353629289,-4.089927991279491,-6.683206612362147,2,R2: Stress / risk-off
2018-02-23,2018-02-23,241.79037475585935,94.19632720947266,126.13999938964844,-0.0204942908526793,0.0038822335170101,-0.0059457745649993,-0.030790036170424,0.0170390776118138,-0.041419388840037,-0.0468188926096726,-0.0144034745916619,16.489999771118164,-2.6399993896484375,2.871000051498413,2.88,-0.56062,0.0215131886806394,4.0,2.463679647255284,9.06977651746547,-5.999526262417221,1.8129230507486405,-2.7503039672167224,-5.161992212631345,2,R2: Stress / risk-off
2018-03-02,2018-03-02,236.8350524902344,94.56201934814452,125.38999938964844,0.0363828311971827,-0.0037173947368142,0.0011962798198346,-0.0454077463016109,0.0174895730474063,-0.0610648186908885,-0.0176474060236843,-0.0211481712923414,19.59000015258789,3.1000003814697266,2.8570001125335693,2.86,-0.54571,0.0226346893109186,4.1,4.262484024407985,11.063809074976975,-4.423443858375019,-0.6811204571139786,0.7986302551220646,-1.3197526803050168,2,R2: Stress / risk-off
2018-03-09,2018-03-09,245.4517822265625,94.2104949951172,125.54000091552734,-0.0128080269910445,0.0161139643019743,-0.0074876727302141,0.0792210069940814,0.0099450905692046,-0.026903698484223,-0.0045785336891002,0.0044706888213983,14.640000343322754,-4.949999809265137,2.8940000534057617,2.9,-0.5313,0.0226346893109186,4.1,-0.7080792849351614,6.019109284345641,-3.767782175872716,2.4541361479934602,-4.236619979768144,-4.545810290009655,2,R2: Stress / risk-off
2018-03-16,2018-03-16,242.3080291748047,95.72859954833984,124.5999984741211,-0.0588984854374703,0.0030046211391911,0.0241573208113292,0.0082728431838516,0.008827428193968,-0.0393671421789227,0.0166437922745376,-0.0298860598105568,15.800000190734863,1.1599998474121094,2.8480000495910645,2.85,-0.51812,0.0226346893109186,4.1,0.06924634832198034,6.647608830903004,-1.522489646198804,-0.8802132969652352,1.2612009980585668,-2.4560850860907344,2,R2: Stress / risk-off
2018-03-23,2018-03-23,228.0364532470703,96.01622772216795,127.61000061035156,0.0197634636785455,0.0143961413230424,-0.0142622026966481,-0.0585656319170648,0.0109868576650716,-0.0959469625660529,0.0191360244164899,0.0115863461320081,24.8700008392334,9.070000648498535,2.8299999237060547,2.82,-0.50759,0.0226346893109186,4.1,6.126903067028117,12.966395585900601,-1.0285452192153286,-2.8116383995285408,6.31887488588087,1.6238140488115784,2,R2: Stress / risk-off
2018-04-13,2018-04-13,234.3106231689453,96.80597686767578,127.4499969482422,0.0055063952787552,-0.0201820491272722,-0.0064338934049347,-0.0324784258036397,0.0147546475611604,-0.0710729466160584,0.0076090146266136,0.0202106775290421,17.40999984741211,-4.079999923706055,2.8289999961853027,2.82,-0.50212,0.0233094976464993,4.0,1.8452199492080366,8.423496966104839,-0.31326795617341785,1.4067798280383625,-2.1961408165720857,-4.022889837064714,2,R2: Stress / risk-off
2018-04-20,2018-04-20,235.600830078125,94.85223388671876,126.62999725341795,-0.000187495919778,0.0036300906207549,-0.0089236142930378,0.0110883406956103,0.0138279171829812,-0.0659579070749971,-0.0129459104862113,0.0051462359323535,16.8799991607666,-0.5300006866455078,2.950999975204468,2.96,-0.51221,0.0233094976464993,4.0,0.3281465940474593,8.189044545199042,-3.3802354595648465,2.5097094335509733,-0.47990580519099296,-1.2345647119221013,2,R2: Stress / risk-off
2018-04-27,2018-04-27,235.55665588378903,95.1965560913086,125.5,-0.0020257243412297,0.0030473801739003,-0.0076493950953996,0.0128752606373028,0.0109230478641628,-0.0495504564268551,-0.0228669511162733,-0.0023080985571627,15.40999984741211,-1.4699993133544922,2.9570000171661377,2.96,-0.52648,0.0233094976464993,4.0,-0.5126090934616307,7.236373472897232,-1.8321519675542213,1.5412790116297646,0.37491647202319567,-3.0858253896756747,2,R2: Stress / risk-off
2018-05-04,2018-05-04,235.07948303222656,95.48665618896484,124.54000091552734,0.025674455472999,0.0020176376301401,0.0036935850416819,0.0239673318959569,0.0079593643861469,-0.0422579909595517,-0.0153753411488813,-0.0147454030343447,14.770000457763672,-0.6399993896484375,2.944000005722046,2.95,-0.53999,0.0247099630210529,4.0,-0.6837108429269841,7.495413044513915,-2.3531022842396743,1.016615144793414,1.5417088526733815,-3.114665056837708,2,R2: Stress / risk-off
2018-05-11,2018-05-11,241.11502075195312,95.67931365966795,125.0,-0.0055704716589605,-0.01694243282309,-0.020719970703125,0.0286263996515241,0.0073084147565536,-0.017668486393822,-0.0117066199900311,-0.0194103695750777,12.649999618530272,-2.1200008392334,2.9709999561309814,2.97,-0.55198,0.0247099630210529,4.0,-4.389081367378389,3.9922448385511755,-1.5016048714973325,1.8845303493564742,0.4849360318528899,-3.1459312282511314,0,R0: Calm / risk-on
2018-05-18,2018-05-18,239.7718963623047,94.05827331542967,122.41000366210938,0.0030222052858237,0.0205615389369884,0.0065353761819297,0.0175490645485204,0.0066042088259116,-0.0231405362500689,-0.0084057288067321,-0.0338933307685249,13.420000076293944,0.7700004577636719,3.066999912261963,3.06,-0.56114,0.0247099630210529,4.0,-2.8448355107696357,4.910760987418684,-3.3931019724288416,1.577995845269888,1.0942333799734536,0.4754477428036768,0,R0: Calm / risk-on
2018-05-25,2018-05-25,240.4965362548828,95.99225616455078,123.20999908447266,0.0053280905789991,0.0080210480184346,-0.0058436914702799,0.0207542256518091,0.0056694231892656,-0.020188266415217,0.0083237576301422,-0.0184155493658869,13.220000267028809,-0.1999998092651349,2.930999994277954,2.93,-0.566,0.0247099630210529,4.0,-2.848722085257693,3.2804307272370705,0.9203000507385543,-0.109046842740415,2.708701073582765,-2.440591161394338,0,R0: Calm / risk-on
2018-06-01,2018-06-01,241.7779235839844,96.76221466064452,122.48999786376952,0.0167759134998843,-0.0064006285039039,0.0042452794638734,0.0409595775573161,0.0067980791152656,-0.014967740748311,0.0147836358064289,-0.0145076981430916,13.460000038146973,0.9300003051757812,2.8949999809265137,2.89,-0.56563,0.0278192160784249,3.8,-1.7680067374411432,4.2655506254987605,0.3954348886404862,0.34222768812196286,-0.8867192833563958,-1.3510559433442442,0,R0: Calm / risk-on
2018-06-08,2018-06-08,245.83396911621097,96.14287567138672,123.01000213623048,0.0006632745690435,0.0071116146082268,-0.0135761789231607,0.0224288227504585,0.005990365216581,0.0,0.0073527584954817,-0.017487033687442,12.18000030517578,-1.2799997329711932,2.937000036239624,2.93,-0.56075,0.0278192160784249,3.8,-4.39170593996007,2.103585260245428,-0.1341125196354078,1.7343994270460081,-1.3944348280013812,-1.46996913280829,0,R0: Calm / risk-on
2018-06-15,2018-06-15,245.9970245361328,96.82660675048828,121.33999633789062,-0.0086245455725685,0.0012459758714207,-0.0082413056715061,0.0231283776011141,0.0057410241261809,-0.0019557670519987,0.0375758278949919,-0.0083710319372757,11.979999542236328,-0.2000007629394513,2.924000024795532,2.93,-0.55496,0.0278192160784249,3.8,-3.0222157496034137,3.307711789031023,1.316862056780728,0.7480307301341795,-0.7249870901450263,0.8228036820310797,0,R0: Calm / risk-on
2018-06-22,2018-06-22,243.8754119873047,96.94725036621094,120.33999633789062,-0.0125933678328939,0.0098730077035853,-0.0140435006102754,0.0115670086461993,0.0057544582398044,-0.0105634450224979,0.0161049799617247,-0.0266485666096804,13.770000457763672,1.7900009155273438,2.9000000953674316,2.9,-0.54813,0.0278192160784249,3.8,-2.6847611705815573,4.019489380115237,0.7730700431085619,0.9995168773234261,0.6395546488445311,-1.144758061419576,0,R0: Calm / risk-on
2018-06-29,2018-06-29,240.80419921875,97.90441131591795,118.6500015258789,0.0152609942473846,0.0107451946136563,0.0017699037654614,-0.0040354817995045,0.0050425923129806,-0.023023783506641,0.0117350342645511,-0.0318513808174452,16.09000015258789,2.3199996948242188,2.8489999771118164,2.85,-0.54231,0.0278192160784249,3.8,-0.06624876072993592,5.618464879925881,0.17215845532297713,-1.0409868923238152,2.0311635844939224,0.30083906375949837,0,R0: Calm / risk-on
2018-07-06,2018-07-06,244.47911071777344,98.95641326904295,118.86000061035156,0.0151405086310649,-0.0002440939630687,-0.0105165740668112,-0.0025746087157086,0.0053572763299991,-0.0081141550869041,0.0258364103169302,-0.033099165630083,13.369999885559082,-3.4800004959106445,2.8310000896453857,2.82,-0.53914,0.0280755069359401,4.0,-2.0736271265815964,2.0311255692731427,0.877440274978828,0.291103770528704,-1.1402224368145573,-4.025955295506187,0,R0: Calm / risk-on
2018-07-13,2018-07-13,248.18064880371097,98.93225860595705,117.61000061035156,0.0003217383931781,-0.0159716991630223,-0.0089278381626449,0.0075610523557474,0.0062547496264095,0.0,0.0224283671360611,-0.0478949304677631,12.18000030517578,-1.1899995803833026,2.8310000896453857,2.83,-0.54036,0.0280755069359401,4.0,-2.8407616564312486,0.6555128292584211,0.8085910032449012,0.3436694063291402,-1.0055171250153103,-2.807613753051623,0,R0: Calm / risk-on
2018-07-20,2018-07-20,248.260498046875,97.35214233398438,116.55999755859376,0.0062213275968039,-0.0107644586971615,-0.0062628323852883,0.0196427371905316,0.0060737271938988,-0.0049098250751348,0.0040846969608189,-0.0295022071465251,12.859999656677246,0.6799993515014666,2.8949999809265137,2.89,-0.54579,0.0280755069359401,4.0,-2.5559553730725715,0.9909444341282289,-1.2053104677731914,0.7807640094135406,-0.5233974765070318,0.47328942306096,0,R0: Calm / risk-on
2018-07-27,2018-07-27,249.8050079345703,96.30419921875,115.83000183105467,0.007746642721395,0.0002214250041829,-0.0078563726817223,0.0381353015708219,0.0051410633326124,-0.0091194761471627,-0.019924195895596,-0.0204236909695381,13.029999732971191,0.1700000762939453,2.9600000381469727,2.96,-0.55381,0.0280755069359401,4.0,-2.2843654304804866,1.537912110069966,-1.644429849732692,1.0444468739583324,0.15211078093360786,0.013327778810436399,0,R0: Calm / risk-on
2018-08-03,2018-08-03,251.7401580810547,96.32552337646484,114.91999816894533,-0.0015516385791939,0.0120785747726896,-0.0020013551270768,0.0292675682889451,0.0050166445158085,-0.001443478749286,-0.0269461592364609,-0.0337101168957704,11.640000343322754,-1.3899993896484375,2.953000068664551,2.95,-0.56296,0.0285412478556192,3.8,-3.7874822444021397,0.8568219795572667,-0.8438542228477026,0.31598442984416597,-0.8743173169599744,-0.3111130097957705,0,R0: Calm / risk-on
2018-08-10,2018-08-10,251.34954833984375,97.48899841308594,114.69000244140624,0.0067100546828389,0.0026518072592764,-0.0223210840831236,0.0126876896101901,0.0043239202143459,-0.008473912617678,-0.0146958245703868,-0.0251412133891354,13.15999984741211,1.5199995040893557,2.8570001125335693,2.87,-0.57216,0.0285412478556192,3.8,-2.4286216526984656,1.7504465952215442,1.1337984946992012,-1.748276172361989,1.720862003339416,0.18554650804887377,0,R0: Calm / risk-on
2018-08-17,2018-08-17,253.03611755371097,97.74752044677734,112.12999725341795,0.0085945977727155,0.0108288636175424,0.0181040440418769,0.0190536454318877,0.0051094763882366,-0.0018207183518813,0.0040530941818763,-0.0387472529632934,12.640000343322754,-0.5199995040893555,2.872999906539917,2.87,-0.58127,0.0285412478556192,3.8,-2.642468046689427,1.246797537034669,0.40316992113965006,-0.3991854734168613,-0.9573528221128248,0.20613983770614336,0,R0: Calm / risk-on
2018-08-24,2018-08-24,255.2108612060547,98.80601501464844,114.16000366210938,0.0097387228925127,-0.0105489262280915,-0.0056937763229473,0.0214094648828293,0.0045129537677759,0.0,0.0256465601678517,-0.0145226095050515,11.989999771118164,-0.6500005722045898,2.825999975204468,2.82,-0.5883,0.0285412478556192,3.8,-2.854413785742077,0.10334707271351584,3.2249214442914593,-1.2953769309500751,-1.2429603476341846,-0.3148110524651724,0,R0: Calm / risk-on
2018-08-31,2018-08-31,257.6962890625,97.7637176513672,113.51000213623048,-0.0093349369602206,-0.0132362932479149,-0.002466732217667,0.0233842805146844,0.0045171176405602,-0.0040142831766928,0.0148201991077435,-0.0123452605907863,12.859999656677246,0.869999885559082,2.8529999256134033,2.86,-0.5941,0.0285412478556192,3.8,-2.7658007245021863,0.4504831374871096,0.7157346302455314,-0.3674119513160329,-1.0691684653822138,0.8638251396549788,0,R0: Calm / risk-on
2018-09-07,2018-09-07,255.29071044921875,96.46968841552734,113.2300033569336,0.0114048805515503,-0.0048687667934018,-0.0018546914037014,0.0088359069981631,0.0046334862878673,-0.0133117470565186,-0.0032747209779637,-0.0132475025827335,14.880000114440918,1.3500003814697266,2.941999912261963,2.94,-0.59814,0.0264292385687425,3.8,-2.484442608808176,1.7483178028723765,-0.9908428642853491,-0.02734422790598963,0.31294702975666255,0.3277382808981463,0,R0: Calm / risk-on
2018-09-14,2018-09-14,258.2022705078125,96.0,113.0199966430664,0.008359993627059,-0.0122307936350504,0.0041585669320751,0.0237252596646828,0.0033367401525657,-0.0020586853900804,-0.0167997180412135,0.0171340815882763,12.06999969482422,-2.8100004196166974,2.99399995803833,2.99,-0.6003,0.0264292385687425,3.8,-3.6993177725823934,0.09296719353995628,-0.22469030101074436,0.19724554572420366,-1.256874849520004,-0.749921408212621,0,R0: Calm / risk-on
2018-09-21,2018-09-21,260.36083984375,94.82584381103516,113.48999786376952,-0.0043494089670472,0.0014515231418616,-0.0064322472577301,0.0259788531874247,0.0040130723532415,-0.0009135403876544,-0.0391516632667717,0.0114317426006468,11.68000030517578,-0.389999389648441,3.068000078201294,3.07,-0.6006,0.0264292385687425,3.8,-3.6813649531870722,0.7603162904216553,-1.6050566419220218,0.2407995715898632,-0.3155949070089617,0.4855644791220306,0,R0: Calm / risk-on
2018-09-28,2018-09-28,259.2284240722656,94.96348571777344,112.76000213623048,-0.009975045903788,-0.0339204762829823,0.0092231367135915,0.0059620087713276,0.0034284024052101,-0.0052589759939479,-0.0313724089852784,-0.0077738664242221,12.119999885559082,0.4399995803833025,3.055999994277954,3.05,-0.59796,0.0264292385687425,3.8,-3.4397300739857704,1.8381379793155166,-0.20342749379470498,-0.23564253085227438,1.4036712783174534,-0.18326868278442518,0,R0: Calm / risk-on
2018-10-05,2018-10-05,256.6426086425781,91.74227905273438,113.8000030517578,-0.0412412385035551,0.0126502264811083,0.0125659074413682,0.0052815524425459,0.0040153407670121,-0.0151815633707895,-0.0502455179386001,0.0050213705361013,14.81999969482422,2.6999998092651385,3.2249999046325684,3.23,-0.59353,0.0233205510580882,3.7,-1.639255180450779,4.5411639660221175,-4.236893124565747,-0.34997669633452183,0.617063105958186,3.899961275276327,0,R0: Calm / risk-on
2018-10-12,2018-10-12,246.058349609375,92.90283966064452,115.2300033569336,0.0010873960043853,-0.0066390949268867,0.0067690597637213,-0.0481745706345428,0.0099119993887684,-0.055796695398513,-0.0327939792621913,0.0193653956588076,21.309999465942383,6.489999771118162,3.1410000324249268,3.15,-0.58675,0.0233205510580882,3.7,5.579305694613249,9.69931641196979,-0.9588055789028194,-3.479868200200335,1.6643229275706526,0.5014736962934363,2,R2: Stress / risk-off
2018-10-19,2018-10-19,246.3259124755859,92.28604888916016,116.01000213623048,-0.0395297343187215,0.0112565048767303,0.0065511119113976,-0.0554130078428371,0.0112767927709515,-0.0547699724977619,-0.0271490056943266,0.0219617042115328,19.88999938964844,-1.4200000762939418,3.197999954223633,3.2,-0.57674,0.0233205510580882,3.7,2.8672679733397426,7.86957716790485,-1.6762302119949815,-1.044047163030971,0.2511986676759358,-2.222335190594995,2,R2: Stress / risk-off
2018-10-26,2018-10-26,236.58871459960935,93.32486724853516,116.7699966430664,0.024724093616298,-0.0236381991676609,-0.0010276194282533,-0.0913863670582597,0.014043782757364,-0.0921346643550032,-0.0174058545139207,0.0349444741485261,24.15999984741211,4.270000457763668,3.0769999027252197,3.08,-0.5655,0.0233205510580882,3.7,7.611934181223074,10.716068674257947,0.7742553739218936,-4.651758266576618,3.648012679184434,0.43974317513607025,2,R2: Stress / risk-off
2018-11-02,2018-11-02,242.4381561279297,91.11883544921876,116.6500015258789,0.0215894877447591,0.0120538773426861,-0.0186026415821682,-0.0569378376488363,0.0152255566320205,-0.0696885168055245,-0.0068187927306963,0.024735463039187,19.510000228881836,-4.649999618530273,3.2139999866485596,3.22,-0.55203,0.0249203247021805,3.8,4.5846380110651275,7.368695297933418,-2.853333081730756,1.675592380524147,-2.545297296683882,-2.2222379510941637,2,R2: Stress / risk-off
2018-11-09,2018-11-09,247.6722717285156,92.21717071533205,114.4800033569336,-0.0145088701255894,0.0119097327735402,0.0099580656553099,0.0065376859275839,0.0134930943881947,-0.0496035684402889,-0.0074078656273638,-0.0065299955868702,17.360000610351562,-2.1499996185302734,3.188999891281128,3.19,-0.53687,0.0249203247021805,3.8,1.1859506227391836,4.063915426256285,-0.38019997369909325,1.0004762624025685,-0.09362722721138741,-2.6687051419986556,2,R2: Stress / risk-off
2018-11-16,2018-11-16,244.07882690429688,93.3154525756836,115.62000274658205,-0.0382858786130239,0.0038363040666278,0.001297300578803,-0.0091642723546691,0.013111887565823,-0.0633927468336122,0.0110927361465381,-0.0033674372919277,18.13999938964844,0.7799987792968786,3.0739998817443848,3.08,-0.52092,0.0249203247021805,3.8,2.9672960236572687,4.718509009526913,1.1323053021811924,-0.24529848917536723,1.4875991027866873,-2.1504999971995686,2,R2: Stress / risk-off
2018-11-23,2018-11-23,234.7340545654297,93.6734390258789,115.7699966430664,0.0471033600803352,0.0016499476908427,-0.0019866609156788,-0.0256140306133792,0.011754603274606,-0.0992515784364184,0.0097462608523698,-0.0054271131852018,21.520000457763672,1.5400009155273438,3.053999900817871,3.05,-0.50163,0.0249203247021805,3.8,3.531523240175558,5.1425640462593005,1.2284131210183091,-0.1809956199617902,2.302436266117262,-2.9969712694276747,2,R2: Stress / risk-off
2018-11-30,2018-11-30,245.7908172607422,93.82799530029295,115.54000091552734,-0.0438236626472305,0.0290884300927054,0.0220702388969826,0.0077937553619175,0.0119112704276589,-0.0568233011937153,0.0167882333080158,-0.0093897088764062,18.06999969482422,-3.450000762939453,3.013000011444092,3.01,-0.48051,0.0249203247021805,3.8,1.1911912779612446,1.937181454669234,1.7322466994336674,1.349587753944899,-0.9719039789257315,-3.226705271306996,2,R2: Stress / risk-off
2018-12-07,2018-12-07,235.0193634033203,96.55730438232422,118.08999633789062,-0.0117617391612603,0.0005912629773847,-0.008722150997022,-0.0640714788626534,0.0140533801796177,-0.0981567586589307,0.0533397786539683,0.0175982467631451,23.229999542236328,4.439998626708984,2.8499999046325684,2.85,-0.46037,0.0214732857766777,3.8,8.852791064079991,5.418661633506372,5.84183915512754,-2.385918081356014,4.214094786097745,-1.239975903441952,2,R2: Stress / risk-off
2018-12-14,2018-12-14,232.255126953125,96.61439514160156,117.05999755859376,-0.0705046267437667,0.0213227177887338,0.0141807935821838,-0.0366748918224301,0.0140690342854667,-0.1087640036279299,0.0400743303905576,0.0208898248112052,21.6299991607666,-1.6000003814697266,2.8910000324249268,2.89,-0.44137,0.0214732857766777,3.8,5.84597513714547,2.7428561954487507,3.2977300468765836,-0.03254070635783396,0.858651379400552,-1.330417591953036,2,R2: Stress / risk-off
2018-12-21,2018-12-21,215.88006591796875,98.67447662353516,118.72000122070312,0.0292897554664586,0.0027339936309391,0.019710211538328,-0.0904314974217063,0.0144595761244691,-0.170103900699069,0.0530546169799412,0.0243852187647858,30.11000061035156,8.480001449584957,2.7920000553131104,2.79,-0.42805,0.0214732857766777,3.8,10.346879686599435,6.95581931689709,4.529403553390563,-2.5824202456024588,4.557933711946504,1.6203311527100208,2,R2: Stress / risk-off
2018-12-28,2018-12-28,222.20314025878903,98.94425201416016,121.05999755859376,0.0187284911282934,0.0087565400123881,0.0031389797660332,-0.0969998860696916,0.018190167043453,-0.1457671837867873,0.0607527787241954,0.0480552652725502,28.34000015258789,-0.0399990081787109,2.736000061035156,2.72,-0.42209,0.0214732857766777,3.8,9.54812920110048,4.477526700048014,4.918861747049539,-0.5420505581974885,0.11832155989451208,-2.151060036071567,2,R2: Stress / risk-off
2019-01-04,2019-01-04,226.3646697998047,99.81066131591795,121.44000244140624,0.026110285550388,-0.0096634535160757,0.0029644318438255,-0.0625492929775472,0.0192050612174339,-0.1166880602110679,0.0381335911363273,0.0362212600871167,21.3799991607666,-8.579999923706055,2.6589999198913574,2.67,-0.42549,0.020023809043401,3.9,7.231346110159958,0.15062547026489476,4.813333315734181,2.009222454797266,-3.4290382016422885,-3.256944910208003,2,R2: Stress / risk-off
2019-01-11,2019-01-11,232.27511596679688,98.8461456298828,121.8000030517578,0.0288824705620971,-0.0113289927833994,-0.0064039933427582,-0.0188909736851403,0.0188974147790634,-0.0730140530880091,0.0239346640451217,0.0334769945880472,18.190000534057617,-3.1899986267089844,2.700999975204468,2.71,-0.43847,0.020023809043401,3.9,3.2228421903300792,-2.961241967642601,3.8827776492750905,3.2682274915543323,-2.3610673066669947,-2.313816836009138,1,R1: Growth / trend
2019-01-18,2019-01-18,238.9837951660156,97.726318359375,121.0199966430664,-0.0025520299332614,0.0081131631804181,0.0152041316999207,0.0645582973836075,0.0178159806610503,-0.0462404087648458,-0.013458831495943,0.0301133794797284,17.799999237060547,-0.3900012969970703,2.7839999198913574,2.79,-0.4584,0.020023809043401,3.9,1.8595765527619335,-2.923399918717079,2.2173370442496982,3.6304899499956216,-1.859845801965418,-0.2785624515063607,1,R1: Growth / trend
2019-01-25,2019-01-25,238.3739013671875,98.5191879272461,122.86000061035156,0.0161038817386067,0.0058349241588411,0.013348521744271,0.0766057941415438,0.0111494972348825,-0.0486744317908131,0.0042403371925208,0.026391082137468,17.420000076293945,-0.6399993896484375,2.753000020980835,2.76,-0.48193,0.020023809043401,3.9,1.8513955341928503,-3.4110524692122848,4.234273935478446,2.3448497690237455,-0.4558801747757568,-0.37080337035354644,1,R1: Growth / trend
2019-02-01,2019-02-01,242.212646484375,99.0940399169922,124.5,0.0015179245501726,0.0114919758733409,-0.0023293246227096,0.1006160518394719,0.0097653841312425,-0.0333543973454595,-0.0188481511575062,0.0167662753262829,16.139999389648438,-1.2800006866455078,2.690999984741211,2.7,-0.50632,0.0148758935782913,4.0,2.539923708941093,-6.149911438386276,2.7322538718428375,3.914685991772675,0.5812867548493033,-2.0286030839856175,1,R1: Growth / trend
2019-02-08,2019-02-08,242.5803070068359,100.23282623291016,124.20999908447266,0.0255111684721538,-0.0030241936251176,0.0047500521023584,0.0437967183363431,0.0076605469321315,-0.0259597741474346,0.0178252306005865,0.0213189749954815,15.720000267028809,-0.4199991226196289,2.631999969482422,2.63,-0.53025,0.0148758935782913,4.0,3.06416529220513,-6.809614589614727,4.171339711999024,3.232912395086058,2.463942439518315,-3.0160751653080813,1,R1: Growth / trend
2019-02-15,2019-02-15,248.7688140869141,99.92970275878906,124.8000030517578,0.0063814023566866,-0.0033612037759087,0.0056089497686302,0.0533504222025338,0.0077277651144472,-0.0011108698470551,0.0170403991360789,0.021790197545209,14.90999984741211,-0.8100004196166992,2.6659998893737793,2.66,-0.55085,0.0148758935782913,4.0,1.6191397968094379,-6.850631165339218,2.9490622040252474,3.567459540043235,0.6776716931015179,-1.79549210745682,1,R1: Growth / trend
2019-02-22,2019-02-22,250.35630798339844,99.59381866455078,125.5,0.0045855665548935,-0.0218748929922496,-0.0288446433990601,0.0574703205410343,0.0065101279755816,0.0,0.0060479929992947,0.0357717180484361,13.510000228881836,-2.709999084472656,2.6549999713897705,2.65,-0.56824,0.0148758935782913,4.0,1.6029042043429749,-6.775216890575298,2.601403947908522,3.660742559076696,-0.09527602754365194,-1.5954084604653063,1,R1: Growth / trend
2019-03-01,2019-03-01,251.50433349609375,97.41521453857422,121.87999725341795,-0.0212535798383117,0.024523732678634,0.0078765926001507,0.03812597005145,0.005069835352014,0.0,-0.0231454378148311,-0.0232748030492533,13.56999969482422,0.0599994659423845,2.755000114440918,2.76,-0.58166,0.0151886153513218,3.8,1.1442138600677847,-4.741778274860193,-1.4324772627639173,3.905849050303445,-1.5650809608677771,4.342427282995627,1,R1: Growth / trend
2019-03-08,2019-03-08,246.15896606445312,99.80419921875,122.83999633789062,0.0294721624490135,0.0014810187427531,0.0010583269837853,0.0158653156032135,0.005204814852556,-0.0212535798383117,-2.621981878277386e-05,-0.0072999070783846,16.049999237060547,2.4799995422363263,2.625,2.62,-0.59073,0.0151886153513218,3.8,2.8481877891932976,-4.611178015164742,3.2708963310933368,1.133526275056746,3.5719424207442896,0.8789811975003772,1,R1: Growth / trend
2019-03-15,2019-03-15,253.4138031005859,99.95201110839844,122.97000122070312,-0.0073224349123751,0.0255438744331502,0.0081320646505096,0.0293379631711745,0.0055886113447535,0.0,0.001782073955301,-0.0088248667545408,12.880000114440918,-3.169999122619629,2.5929999351501465,2.59,-0.59607,0.0151886153513218,3.8,1.4102734298548174,-5.823022650200876,2.1722514571083664,3.0808831994017947,-0.7550564542025865,-0.4817968329043163,1,R1: Growth / trend
2019-03-22,2019-03-22,251.5581970214844,102.5051727294922,123.97000122070312,0.0115663372056415,0.0126541078532054,-0.0158102691390901,0.0047892273420309,0.0072036928817216,-0.0192459848624918,0.0288131618949411,-0.0122661478750208,16.479999542236328,3.59999942779541,2.4549999237060547,2.44,-0.6,0.0151886153513218,3.8,4.962315723333739,-3.22769088464985,4.520496619082673,-0.04153730429872018,2.964187961230343,1.3950234767586935,1,R1: Growth / trend
2019-03-29,2019-03-29,254.46780395507812,103.80228424072266,122.01000213623048,0.0215589295837415,-0.0168990310073673,-0.0002458714758761,0.011714100943028,0.007513184448029,-0.0079022532076244,0.0635055714512954,0.0010660945135188,13.710000038146973,-2.7699995040893555,2.4140000343322754,2.41,-0.60394,0.0151886153513218,3.8,2.110255356621981,-4.925149952190934,3.9341446420993837,2.0904729377860347,-0.3370712089921642,-0.12447889075586314,1,R1: Growth / trend
2019-04-05,2019-04-05,259.953857421875,102.04812622070312,121.9800033569336,0.0055102223858463,-0.010964923429527,-0.0012297222639024,0.0545266130644662,0.0071676608563505,0.0,0.0222342689302824,-0.0070255413719237,12.81999969482422,-0.8900003433227521,2.500999927520752,2.5,-0.60666,0.0188318635130639,3.8,-0.3074631265939667,-4.908598723027905,1.6405533031598176,2.1905129150466163,-1.9378316336282735,2.4146327822717315,1,R1: Growth / trend
2019-04-12,2019-04-12,261.3862609863281,100.9291763305664,121.83000183105467,-0.0004826560795226,0.0018748976206723,-0.0119839043136291,0.0309755024681777,0.0067717746059348,0.0,0.0097288645300243,-0.0093137877152889,12.010000228881836,-0.8099994659423846,2.559999942779541,2.56,-0.61072,0.0188318635130639,3.8,-0.6410654081288141,-3.9716662909234492,0.9424774052729332,1.7935297736609408,-1.3321693515369726,2.5887548322781058,1,R1: Growth / trend
2019-05-03,2019-05-03,264.8725280761719,101.95730590820312,120.6500015258789,-0.0201680011954822,0.0088142188853006,0.0064649711515301,0.023572823761089,0.004336782062926,0.0,0.0004003420886383,-0.0120284781251125,12.869999885559082,0.1400003433227539,2.5309998989105225,2.54,-0.61497,0.0200058347020906,3.7,0.151430519538874,-3.922712014428464,1.5585145580986817,0.7675879642338306,1.2106286854192154,3.4764138183774826,1,R1: Growth / trend
2019-05-10,2019-05-10,259.53057861328125,102.8559799194336,121.43000030517578,-0.0078447392130426,0.0099397405592935,-0.0064234437728452,-0.0003812638997211,0.0058937393146603,-0.0201680011954822,0.0117626035885179,-0.0042731320583544,16.040000915527344,3.1700010299682617,2.4549999237060547,2.47,-0.61159,0.0200058347020906,3.7,2.57678842042278,-1.670627536628903,2.358082206893863,-0.7338323326973818,3.5802856509015966,3.8029862522557236,1,R1: Growth / trend
2019-05-17,2019-05-17,257.49462890625,103.87834167480467,120.6500015258789,-0.0107051378688496,0.0142074402913967,0.005387497038195,-0.0145176065952269,0.0088354502532796,-0.0278545276986978,0.0269282342002095,0.0023234495087209,15.960000038146973,-0.0800008773803711,2.3929998874664307,2.39,-0.60481,0.0200058347020906,3.7,3.1283603867475973,-1.318600010811677,3.3288774606705185,-0.8604655945681312,1.4135284657555887,2.6199657628533632,1,R1: Growth / trend
2019-05-24,2019-05-24,254.7381134033203,105.35418701171876,121.3000030517578,-0.0265577614494627,0.0316952355075506,0.0167353563744816,-0.0369018770621498,0.0092001258667455,-0.0382614790082613,0.0336585260479306,-0.0005769126393305,15.850000381469728,-0.1099996566772443,2.3239998817443848,2.32,-0.59663,0.0200058347020906,3.7,2.216468653029722,-1.7380368370238506,3.8568558631833736,0.050820503528448885,1.0647503131143707,1.1279374603859629,1,R1: Growth / trend
2019-05-31,2019-05-31,247.97283935546875,108.69341278076172,123.33000183105467,0.0449738073888688,0.0013682502351604,0.026433101908988,-0.0561891648471581,0.0096743454454564,-0.063803101225519,0.066811617990484,0.027872066329094,18.709999084472656,1.789999008178711,2.1419999599456787,2.14,-0.58858,0.0200058347020906,3.7,4.787014627961545,-0.9811370540566883,5.864621515053287,-2.087424833843375,2.46376897330976,3.0416396864561452,1,R1: Growth / trend
2019-06-07,2019-06-07,259.1251220703125,108.84213256835938,126.58999633789062,0.0055970949045884,-0.0021253097190301,-0.0002369759077707,0.0034474571155675,0.0107901336295208,-0.0216987622219791,0.0552070001309885,0.0435114402641431,16.299999237060547,-2.40999984741211,2.0840001106262207,2.09,-0.58063,0.0179591055536061,3.6,2.34622915701563,-2.7491026917749313,5.577953433439338,-0.1808757706190303,-2.21773550927843,2.176967405246944,1,R1: Growth / trend
2019-06-14,2019-06-14,260.5754699707031,108.61080932617188,126.55999755859376,0.0213302349102662,-0.0002281566042204,0.0428255236528112,0.0054076736094588,0.0085240665706787,-0.0162231173488592,0.0467752994215014,0.0407199032276219,15.279999732971191,-1.0199995040893557,2.0929999351501465,2.09,-0.57526,0.0179591055536061,3.6,1.1222383838436727,-3.126483913725963,4.461484743527394,-0.324016758406393,-1.4964711897582617,3.4737959894138277,1,R1: Growth / trend
2019-06-21,2019-06-21,266.13360595703125,108.58602905273438,131.97999572753906,-0.0034013457229069,0.010499776990664,0.0092438343703367,0.0460282126058245,0.0077971376052544,-0.0014535070121923,0.0310759121826966,0.0854558604512631,15.399999618530272,0.1199998855590802,2.068000078201294,2.07,-0.5731,0.0179591055536061,3.6,0.977453687565933,-3.678708372305017,4.293710457929449,0.1069097772298841,-2.3752737169329996,3.8239518203039298,1,R1: Growth / trend
2019-06-28,2019-06-28,265.2283935546875,109.72615814208984,133.1999969482422,0.0186349011000339,-0.0009055051836573,-0.0079579398114073,0.0672720958271235,0.0066649326470472,-0.0048499088552401,0.0094565981725098,0.0769880307705066,15.079999923706056,-0.3199996948242152,2.0,2.0,-0.57294,0.0179591055536061,3.6,0.4273622087566657,-3.5139309069359017,5.0296226697922,-0.2744992687495463,-1.250697456899011,2.536041015064814,1,R1: Growth / trend
2019-07-05,2019-07-05,270.1708984375,109.62680053710938,132.13999938964844,0.0073370940340857,-0.0166878650740163,0.0105191417895325,0.0517009723437898,0.005159330015276,-0.0011377580885303,0.0157976574216903,0.0485329116056073,13.279999732971191,-2.539999961853029,2.0480000972747803,2.04,-0.57524,0.0167119489439004,3.6,1.4922862606779788,-3.9761023662929484,2.560105327946113,2.0796246500426916,-4.343636353884403,3.5137165518328137,1,R1: Growth / trend
2019-07-12,2019-07-12,272.1531677246094,107.79736328125,133.52999877929688,-0.011574678610415,0.011288453655178,0.0070396349134993,0.0423668261891997,0.0050756448520244,0.0,-0.0050038739306633,0.0532936648967635,12.390000343322754,-0.8899993896484375,2.1059999465942383,2.12,-0.57921,0.0167119489439004,3.6,0.42430965361898443,-4.373433871704419,0.431664176623477,2.0775196037795562,-3.9214803986757567,3.7080148435897224,1,R1: Growth / trend
2019-07-19,2019-07-19,269.0030822753906,109.01422882080078,134.47000122070312,0.0162871242367714,-0.0016706193202983,-0.0061723940174018,0.0092698127145325,0.0049795890907832,-0.011903751701765,-0.0071116142995795,0.0253044647470893,14.449999809265137,2.059999465942383,2.0480000972747803,2.05,-0.58118,0.0167119489439004,3.6,1.721129902176258,-2.3875508610628176,1.7770848447386154,-0.16860058535221548,-1.7938468100881422,3.963807711199305,1,R1: Growth / trend
2019-07-26,2019-07-26,273.3843688964844,108.83210754394533,133.63999938964844,-0.0310916440348509,0.0404026206529311,0.0168362766407965,0.0354201287503744,0.0048378587196789,0.0,-0.008858884812673,0.0060042439806993,12.15999984741211,-2.2899999618530273,2.0810000896453857,2.08,-0.58103,0.0167119489439004,3.6,-0.7995111656375248,-3.4908725487797816,0.9486437193870145,1.1204118264434555,-2.4010828619536553,1.305127051941028,1,R1: Growth / trend
2019-08-02,2019-08-02,264.8843994140625,113.22920989990234,135.88999938964844,-0.0034175018307016,0.0259325084617603,0.0395172208500029,-0.0197612137567395,0.0054887067645502,-0.0310916440348509,0.0323322953987143,0.0279837684581309,17.610000610351562,5.450000762939453,1.8550000190734863,1.86,-0.57773,0.0182633133503706,3.7,5.218358968461183,-2.922052088804945,3.248043290507745,-7.092501784347,-0.66867588465165,3.355947414429093,1,R1: Growth / trend
2019-08-09,2019-08-09,263.9791564941406,116.16552734375,141.25999450683594,-0.0094983057360582,0.0434128409420488,0.0107603308195469,-0.0304948770842349,0.0103013079421661,-0.034402890115144,0.074762935008399,0.0562759625397881,17.969999313354492,0.3599987030029297,1.7339999675750732,1.74,-0.56999,0.0182633133503706,3.7,6.335324345357909,-2.1904560258851236,3.339280407647665,-5.3710238532485,-2.8385476226080932,1.1841777417089918,1,R1: Growth / trend
2019-08-16,2019-08-16,261.4718017578125,121.20860290527344,142.77999877929688,-0.0138481879123818,-0.0011631483093088,0.0097352528472636,-0.0283963927845125,0.0134386059518904,-0.0435744266826846,0.1060346388328294,0.0599638406111127,18.469999313354492,0.5,1.5390000343322754,1.55,-0.55911,0.0182633133503706,3.7,7.344234536752358,-1.5639117017302453,4.458761847049599,-4.919223987465069,-3.845247731192919,1.4294646619382245,1,R1: Growth / trend
2019-08-23,2019-08-23,257.85089111328125,121.06761932373048,144.1699981689453,0.0266809227508497,0.0090431560489834,-0.002913214776164,-0.0584972732082587,0.0146893851254293,-0.0568191877461904,0.1065428299024419,0.0758435332017251,19.8700008392334,1.4000015258789062,1.527999997138977,1.52,-0.5475,0.0182633133503706,3.7,9.182360998177403,-0.03015977956208447,3.2176569147438405,-5.084498736919783,-4.899305664614736,4.412442258226094,1,R1: Growth / trend
2019-08-30,2019-08-30,264.7305908203125,122.1624526977539,143.75,0.0191482302772247,-0.0083654356645923,-0.0127304475203804,-0.0005808317396985,0.0151376037183622,-0.0316542533543626,0.0759375679892876,0.0562299492365656,18.979999542236328,-0.8900012969970703,1.50600004196167,1.5,-0.53718,0.0182633133503706,3.7,4.478430645631462,-3.3194558907455,2.2640224025196014,-2.3779815859864732,-5.937916168076539,1.689186061130783,1,R1: Growth / trend
2019-09-06,2019-09-06,269.7997131347656,121.14051055908205,141.9199981689453,0.0101995329154147,-0.063448218615682,-0.012471845372728,0.0149749325321024,0.0129044715511633,-0.0131121460096208,0.0399378380634092,0.0013396966255068,15.0,-2.8799991607666016,1.5499999523162842,1.55,-0.52769,0.0173764121066664,3.6,5.00505831575588,-5.068263954324738,-0.9890710650738896,-0.5584950288551553,-7.915625629771676,0.1554760188985653,1,R1: Growth / trend
2019-09-13,2019-09-13,272.5515441894531,113.45436096191406,140.14999389648438,-0.0047576024505291,0.0391832524247361,0.0199786170081883,0.0561488297035952,0.0095636754844308,-0.0030463508590229,-0.0741550387054383,-0.0250145377870559,13.739999771118164,-1.260000228881836,1.902999997138977,1.9,-0.52073,0.0173764121066664,3.6,2.454976026275064,-4.723178692793297,-8.530850286279023,3.1086425995109632,-8.194153401844948,4.786227685430324,1,R1: Growth / trend
2019-09-20,2019-09-20,271.2548522949219,117.89987182617188,142.9499969482422,-0.0096555327407534,0.0059196141787047,-0.0132214020986145,0.0246544234335555,0.0086478691818023,-0.00778945998324,-0.0102129376274361,0.0109021871223121,15.31999969482422,1.5799999237060565,1.7549999952316284,1.74,-0.51529,0.0173764121066664,3.6,4.26362440332166,-4.392934650434784,-0.5457285548535276,-3.195117393927281,-3.6432598693244214,-0.1573722423932297,1,R1: Growth / trend
2019-09-27,2019-09-27,268.6357421875,118.59779357910156,141.05999755859375,-0.0035544953704881,0.0246308584515129,0.0059548869447676,0.0141998366882193,0.0053692387854429,-0.0173697813380926,-0.0293424614528962,-0.0214609375272452,17.219999313354492,1.8999996185302717,1.6749999523162842,1.69,-0.51131,0.0173764121066664,3.6,4.495157003223509,-3.844771887923714,-2.3248771926523966,-2.2048352053953932,-4.408103473650704,1.3537695044703657,1,R1: Growth / trend
2019-10-04,2019-10-04,267.6808776855469,121.51895904541016,141.89999389648438,0.0065566746893614,-0.0380160817612903,-0.0131782607302411,-0.0078843644273987,0.007102531452497,-0.0208625359012281,0.0031191759693546,-0.0001409645060482,17.040000915527344,-0.1799983978271484,1.5149999856948853,1.52,-0.5114,0.0168449770403915,3.5,3.764936402764631,-3.7002392703134284,-0.42141685530079975,-2.804467974772956,-3.848664433538091,0.30731067376385407,1,R1: Growth / trend
2019-10-11,2019-10-11,269.43597412109375,116.89928436279295,140.02999877929688,0.0057042355778389,-0.0061233934527646,0.0030708272392978,-0.0114969599153224,0.008573817748134,-0.0144426500729661,0.0299120966769555,-0.000856557410671,15.579999923706056,-1.4600009918212873,1.7519999742507937,1.76,-0.51513,0.0168449770403915,3.5,2.7327433836176587,-4.2767639192647975,-5.123194758576287,-0.4609639382109659,-5.52102730847573,2.811477455978059,1,R1: Growth / trend
2019-10-18,2019-10-18,270.972900390625,116.18346405029295,140.4600067138672,0.0121827994287799,-0.0075948233297535,0.0099672065325777,-0.0010399760186103,0.0088653490300359,-0.0088207987735117,-0.0146651920467029,-0.0175720988898792,14.25,-1.3299999237060565,1.746999979019165,1.76,-0.52361,0.0168449770403915,3.5,1.26616074770239,-4.883952624148721,-4.20160457159676,-0.8089127867878326,-3.2705097515679147,0.9327895806876461,1,R1: Growth / trend
2019-10-25,2019-10-25,274.27410888671875,115.3010711669922,141.86000061035156,0.0150528283219177,0.0164979326716487,0.0049344208743158,0.0207716600277303,0.0086618149145749,0.0,-0.0281911650124294,0.0056553456039729,12.649999618530272,-1.6000003814697283,1.8009999990463257,1.8,-0.53604,0.0168449770403915,3.5,0.8190231635524816,-5.745305459742914,-4.069171489709772,-1.2387226300078897,-3.8822480381519857,0.615886452926378,1,R1: Growth / trend
2019-11-01,2019-11-01,278.4027099609375,117.20330047607422,142.55999755859375,0.0091459765201091,-0.0401967937786513,-0.036265419875729,0.0392731463737136,0.0063811974833229,0.0,-0.0361602543283492,0.0046404054438332,12.300000190734863,-0.3499994277954084,1.7280000448226929,1.73,-0.54987,0.0173397369961862,3.6,1.3360448966991254,-5.806440652065692,-2.3732539927669642,-3.363490908421983,-3.310507065502336,1.6231047776209908,1,R1: Growth / trend
2019-11-08,2019-11-08,280.948974609375,112.49210357666016,137.38999938964844,0.0092253688192309,0.0211251400092169,0.0059684644287183,0.041842278535548,0.0039360741845437,0.0,-0.0384297179183366,-0.0190330841568632,12.06999969482422,-0.2300004959106427,1.9329999685287476,1.94,-0.56187,0.0173397369961862,3.6,-0.1311539079731261,-5.742406281099555,-7.858627084649739,-0.6994396962164647,-4.9590973183691585,4.591762472665987,1,R1: Growth / trend
2019-11-15,2019-11-15,283.54083251953125,114.86851501464844,138.2100067138672,-0.0026622348824127,0.015534224589909,-0.0034006309085575,0.0453373255267989,0.0033453009573131,0.0,-0.011382401811922,-0.0161484823367894,12.050000190734863,-0.0199995040893572,1.8339999914169312,1.84,-0.57133,0.0173397369961862,3.6,-0.27356076021854847,-5.712180050669417,-3.1856168437400023,-2.9868906634748464,-1.195666137529585,1.1440751019823063,1,R1: Growth / trend
2019-11-22,2019-11-22,282.7859802246094,116.65290832519533,137.74000549316406,0.0107730880755285,0.0037176102179667,0.0008711711369393,0.0305623541950649,0.0032973071305612,-0.0033972121500749,0.0116562127280554,-0.0294727700792074,12.34000015258789,0.2899999618530273,1.77400004863739,1.77,-0.57628,0.0173397369961862,3.6,0.10877875700819557,-5.753492953293843,-2.4725297277828275,-2.7101548947493557,-1.5887750378675578,0.4660871675928063,1,R1: Growth / trend
2019-11-29,2019-11-29,285.83245849609375,117.08657836914062,137.86000061035156,0.0017815202348712,-0.0130482162633288,-0.0017409363999817,0.0355584140802524,0.0035555431641777,-0.0037084269889409,-0.0040787840032381,-0.0326119176383719,12.619999885559082,-0.5100002288818359,1.7760000228881836,1.78,-0.57606,0.0173397369961862,3.6,-0.09459243572356009,-5.611950844177656,-3.04216776498488,-2.3239458317111636,-2.0054179952940943,0.8460797896448741,1,R1: Growth / trend
2019-12-06,2019-12-06,286.3416748046875,115.55880737304688,137.6199951171875,0.0077813294135551,0.0049870188037861,0.0103909895749714,0.0214759353539061,0.0046307818862745,-0.0019335133917901,0.0226798719657776,-0.0047120980059984,13.619999885559082,1.0,1.8420000076293943,1.84,-0.5709,0.0209229039486291,3.6,-0.08398465490234763,-3.432461930866157,-4.102558553041044,-3.5845263310573383,-3.3352017505512284,2.85169986228846,1,R1: Growth / trend
2019-12-13,2019-12-13,288.5697937011719,116.13510131835938,139.0500030517578,0.0157152367501405,-0.0156165459865483,0.0033800878129299,0.0247911939397921,0.0050084221312853,0.0,0.0098776481944667,0.0035301754328951,12.630000114440918,-0.989999771118164,1.819000005722046,1.82,-0.56179,0.0209229039486291,3.6,0.6108731919695475,-3.1359195798552375,-2.284903711884905,-4.486230744538208,-2.680429449871787,1.954024453836336,1,R1: Growth / trend
2019-12-20,2019-12-20,293.104736328125,114.32147216796876,139.52000427246094,0.0066410840967983,0.0049031842835427,0.020140463536012,0.0380612241288535,0.0048590754612834,0.0,-0.0189013542092121,0.0109543056260341,12.510000228881836,-0.119999885559082,1.9170000553131104,1.92,-0.55415,0.0209229039486291,3.6,-0.7584819374833385,-4.5579642764301616,-4.68462873729298,-3.0894948293817834,-1.9060569454680565,1.1675108979957995,1,R1: Growth / trend
2019-12-27,2019-12-27,295.05126953125,114.88201141357422,142.3300018310547,-0.0013937386742571,0.0131080106907941,0.0248015087043065,0.0280279862964733,0.0047178099218985,-0.0002477603334465,-0.0211421645399938,0.038094442175533,13.43000030517578,0.9300003051757796,1.8739999532699585,1.88,-0.5501,0.0209229039486291,3.6,-0.5835161152183426,-4.717854130856538,-2.2806579970328227,-4.351028128332921,-0.7368560411748578,-0.2859490547772794,1,R1: Growth / trend
2020-01-03,2020-01-03,294.6400451660156,116.38788604736328,145.86000061035156,0.0102354640428845,-0.004887712662829,0.0071987045616623,0.0394577102341163,0.0045624851789167,-0.0075723405375089,-0.0032777012159204,0.0487490470453578,14.020000457763672,1.3700008392334002,1.787999987602234,1.8,-0.55481,0.0231952746996244,3.6,0.7967758171930794,-2.751168532125168,-0.3144202734492365,-6.210633635344439,-0.5999322820932481,0.9141074722173333,1,R1: Growth / trend
2020-01-10,2020-01-10,297.65582275390625,115.81901550292967,146.91000366210938,0.0191581844872235,-0.0030336685631621,-0.002246285636298,0.0401821099253375,0.0045432526497349,-0.0028778122819916,-0.0078190911728758,0.0559219646146739,12.5600004196167,-1.4600000381469729,1.825000047683716,1.83,-0.56796,0.0231952746996244,3.6,-0.3317039789321966,-4.135248742315784,-1.456366787692917,-4.856497900016904,-2.4319839472220344,-0.3990648793669044,1,R1: Growth / trend
2020-01-17,2020-01-17,303.3583679199219,115.46765899658205,146.5800018310547,-0.009579951485079,0.0294156883274634,0.0095510566175185,0.0428497711866541,0.0045471471227176,0.0,0.0128926932042019,0.0529535285845029,12.100000381469728,-0.4600000381469709,1.8359999656677248,1.84,-0.58794,0.0231952746996244,3.6,-1.2975351422566241,-4.866980708330613,-2.0208397173916763,-4.661252148533989,-1.142740521841683,0.0686799968053866,1,R1: Growth / trend
2020-01-24,2020-01-24,300.45220947265625,118.86421966552734,147.97999572753906,-0.021413035242084,0.0268867238164154,0.0091228959487283,0.0232007397466613,0.0051530169980348,-0.009579951485079,0.0375781337563198,0.0464041174587222,14.5600004196167,2.2400007247924787,1.680999994277954,1.7,-0.60937,0.0231952746996244,3.6,1.1356131690055933,-2.818420861802778,0.4670132795688672,-7.234842246810891,1.2383740000119066,0.5506085549508206,1,R1: Growth / trend
2020-01-31,2020-01-31,294.01861572265625,122.06008911132812,149.3300018310547,0.032542964264933,-0.0084302685349898,-0.0103127872901532,-0.009712497578964,0.0075816086470788,-0.0307878508883956,0.0628678274862051,0.0366926384729168,18.84000015258789,4.279999732971191,1.5199999809265137,1.51,-0.62289,0.0231952746996244,3.6,3.9964142897566735,0.8521191490236593,2.19554176614609,-6.370098004284259,3.4150608826458098,0.7196676777824698,1,R1: Growth / trend
2020-02-07,2020-02-07,303.58685302734375,121.03108978271484,147.7899932861328,0.0162552345039683,0.0008300666165022,0.008187338580661,0.0168479180127209,0.0085340921522433,-0.0053296407234425,0.0528703639976133,0.011980230104936,15.470000267028809,-3.369999885559082,1.5779999494552612,1.59,-0.62093,0.025997679768452,3.6,-0.6229284484555061,-1.7366126316856925,0.48610319612239083,-2.542280652786316,-3.273388452454689,-1.355027635497353,0,R0: Calm / risk-on
2020-02-14,2020-02-14,308.521728515625,121.13155364990234,149.0,-0.0122037975635136,0.0241439873073898,0.0382550130754508,0.0199850361830253,0.0084290756225301,0.0,0.039301868027267,0.0182186642419186,13.68000030517578,-1.7899999618530291,1.5880000591278076,1.59,-0.59542,0.025997679768452,3.6,-1.871367489394653,-2.387571190235572,1.272114731133188,-2.4381257634537166,-1.9774657389888808,-1.9417395050845165,0,R0: Calm / risk-on
2020-02-21,2020-02-21,304.756591796875,124.05615234375,154.6999969482422,-0.1116110088818,0.0491084782754156,-0.0408532138985378,0.0052915246970929,0.0089065152455602,-0.0143642788053455,0.0508083814016249,0.050239190745332,17.079999923706055,2.930000305175783,1.4709999561309814,1.46,-0.53582,0.025997679768452,3.6,2.1684042500043175,0.6280305569977319,4.390436479709242,-4.753836851374876,0.7406377200179951,-0.44275404414710706,0,R0: Calm / risk-on
2020-02-28,2020-02-28,270.7424011230469,130.1483612060547,148.3800048828125,0.0040505261287959,0.0753736222804808,0.0618007674025054,-0.1008001641369125,0.0158396679668963,-0.1243720760378215,0.0732503306636044,-0.0006063421849249,40.11000061035156,23.030000686645508,1.1269999742507937,1.13,-0.43561,0.025997679768452,3.6,14.63664532650684,9.137713668635845,1.0867423648920536,-7.72405846294757,0.3276408318754662,4.149823013974605,2,R2: Stress / risk-off
2020-03-06,2020-03-06,271.83905029296875,139.95811462402344,157.5500030517578,-0.0946010057454166,-0.0769324362114388,-0.0905744461824795,-0.1158014706164483,0.0224772604300422,-0.1208253222527092,0.1576976343218923,0.0665929492259788,41.939998626708984,1.829998016357422,0.7059999704360962,0.74,-0.29624,0.0234131667975951,3.5,17.508680961308464,8.242347404975286,6.784216830172925,-8.837199440218326,-5.09425741868943,-1.154084145564081,2,R2: Stress / risk-off
2020-03-13,2020-03-13,246.122802734375,129.1907958984375,143.27999877929688,-0.1454572203281556,0.0356629920128956,-0.0221244988550582,-0.22436082110957,0.0436017037377882,-0.2039961309935055,0.0687809657455319,-0.0349758344361106,57.83000183105469,15.890003204345703,0.9509999752044678,0.94,-0.13399,0.0234131667975951,3.5,17.53177227945287,9.808208864947995,-6.265929560829759,-2.9334275349208827,-8.375956901999194,8.229705465469658,2,R2: Stress / risk-off
2020-03-20,2020-03-20,210.3224639892578,133.79812622070312,140.11000061035156,0.1076047616556752,0.0518722841997245,0.0866462018183127,-0.3708715025227801,0.0525377791843792,-0.3197806411496476,0.0755978386813621,-0.0990599051127076,66.04000091552734,8.209999084472656,0.9380000233650208,0.92,0.03345,0.0234131667975951,3.5,18.582399940382974,9.450034439231967,-3.562707823384743,-6.919510143224728,-5.257408406560339,4.995474245643338,2,R2: Stress / risk-off
2020-03-27,2020-03-27,232.95416259765625,140.73854064941406,152.25,-0.0206375446358274,0.0062218644863667,0.002627217710899,-0.1503261122960031,0.0591665612551094,-0.2465857991669792,0.0782288075773435,0.0257473229211429,65.54000091552734,-0.5,0.7490000128746033,0.72,0.17989,0.0234131667975951,3.5,18.245611635816935,5.637324082951047,2.7566533404737186,-4.872749503910729,-8.947242276407525,-3.8341320556390515,2,R2: Stress / risk-off
2020-04-03,2020-04-03,228.1465606689453,141.61419677734375,152.64999389648438,0.1209156374548023,-0.0184564351370373,0.0395676959477493,-0.1752219319003446,0.0582419236637387,-0.262134418365937,0.0117632393722647,-0.0315952083762132,46.79999923706055,-18.740001678466797,0.5870000123977661,0.62,0.27305,0.0149403996429091,4.4,20.05044072814673,-0.8047315222122351,-1.4954369303577564,1.3920221090868605,-6.216456863429581,-8.027061307233623,2,R2: Stress / risk-off
2020-04-24,2020-04-24,260.11785888671875,143.5809326171875,162.63999938964844,-0.0006368244563117,-0.015641698158925,-0.0175848537941742,0.0800548359210278,0.0274370274884116,-0.1587336899662449,0.0463374956127822,0.0595338098880642,35.93000030517578,-2.220001220703125,0.5960000157356262,0.6,0.24212,0.0149403996429091,4.4,15.890492729957911,-4.5413398565404375,-0.38188114348988483,2.537445493972918,-2.158810910874379,-7.3861755497287795,1,R1: Growth / trend
2020-05-01,2020-05-01,259.95220947265625,141.3350830078125,159.77999877929688,0.0341244552491315,-0.0236375869416324,0.0040055037835646,0.115950030871631,0.0238970824710804,-0.1592694289267454,0.0004033186211804,0.0505754919934131,37.189998626708984,1.2599983215332031,0.6420000195503235,0.64,0.16325,0.0031304729404111,14.8,17.835028818737722,-6.962231828887415,-4.206404783454392,5.550796306173722,2.083777510779742,-3.35734593914997,1,R1: Growth / trend
2020-05-08,2020-05-08,268.82293701171875,137.9942626953125,160.4199981689453,-0.0210644140682204,0.0166483627302072,0.021880030837174,0.0499188190108024,0.0180532550285412,-0.1305799561775794,-0.0072654460930337,0.0108427355651461,27.979999542236328,-9.209999084472656,0.6819999814033508,0.69,0.06567,0.0031304729404111,14.8,14.013333404764088,-11.695470895954271,-6.704849402584692,7.654937208606247,0.5232228819012806,-6.46178828663937,1,R1: Growth / trend
2020-05-15,2020-05-15,263.16033935546875,140.29164123535156,163.92999267578125,0.0319971453878462,-0.0069584441329179,-0.0043920331487968,-0.0012570896921193,0.0163503612083456,-0.1364900827777034,-0.0052799445152793,0.0332432803687651,31.88999938964844,3.909999847412113,0.6399999856948853,0.64,-0.03406,0.0031304729404111,14.8,15.609282592684304,-8.910017035166552,-3.7563327547146983,5.1812053368329964,6.5102359926595526,-4.6104532789428925,1,R1: Growth / trend
2020-05-22,2020-05-22,271.5807189941406,139.3154296875,163.2100067138672,0.0300567795354098,-0.0118395308042255,-0.0018381412867886,0.0431245710008957,0.0151979892736193,-0.0501269855027107,-0.0301582260459013,0.0034985907316602,28.15999984741211,-3.729999542236332,0.6570000052452087,0.66,-0.12459,0.0031304729404111,14.8,11.688505735057683,-11.67813372457245,-3.5807225083632543,7.927142818026579,3.0906608864014005,-5.312237688115607,1,R1: Growth / trend
2020-05-29,2020-05-29,279.7435607910156,137.66600036621094,162.91000366210938,0.0493559415519562,-0.0444969502040494,-0.0300780126764744,0.0465451225248286,0.0141105615037898,0.0,-0.0177766112638478,0.0255523555267647,27.510000228881836,-2.020000457763672,0.6480000019073486,0.65,-0.20455,0.0031304729404111,14.8,10.69704636579475,-12.225946650387622,-3.0879096694043806,6.931447448355473,4.24059803531445,-3.17250016651619,1,R1: Growth / trend
2020-06-05,2020-06-05,293.5505676269531,131.540283203125,158.00999450683594,-0.0473788252808354,0.0396513059843464,0.0291753735245661,0.1044075969643157,0.0130797881319637,0.0,-0.0609850603021553,-0.0211655048671423,24.520000457763672,-2.989999771118164,0.9039999842643738,0.91,-0.26819,0.0019820130358485,13.2,8.822960661775886,-12.534390007147504,-8.029773276916103,9.636918233614061,1.0843687054892663,-0.7829070263807762,1,R1: Growth / trend
2020-06-12,2020-06-12,279.6424865722656,136.7560272216797,162.6199951171875,0.0190269361830994,0.0005542015720489,0.0086705430109828,0.0653342621693505,0.0182765753055588,-0.0587560674594146,-0.0281006028589194,-0.0023953541660851,36.09000015258789,11.56999969482422,0.6990000009536743,0.71,-0.3149,0.0019820130358485,13.2,15.28034457996421,-7.86439934934739,-2.3308770958250844,4.7847758430656375,7.957126555246465,-3.3946255415997317,1,R1: Growth / trend
2020-06-19,2020-06-19,284.9632263183594,136.83181762695312,164.02999877929688,-0.0278321959160069,0.0176121087359673,0.0153020455131085,0.0499981104428102,0.0171302658770531,-0.0408470792222352,-0.011989955079139,0.0109109748982446,35.119998931884766,-0.970001220703125,0.6970000267028809,0.7,-0.34487,0.0019820130358485,13.2,12.171845144625033,-9.62298442240278,-2.8916530614133555,5.9560054448474915,4.656787601228512,-3.7834238159946527,1,R1: Growth / trend
2020-06-26,2020-06-26,277.0320739746094,139.24171447753906,166.5399932861328,0.0405934838523971,-0.0088848147659075,0.0026420226921126,-0.009740039194448,0.0188094245707211,-0.0675424112267323,0.0113809116518434,0.0220375569364124,34.72999954223633,-0.3899993896484375,0.6359999775886536,0.64,-0.36752,0.0019820130358485,13.2,13.757053976452244,-7.069379914518013,-1.264382264605052,3.1846357902750086,5.730603152492143,-3.7693544465335016,1,R1: Growth / trend
2020-07-17,2020-07-17,297.0397033691406,140.69578552246094,170.1199951171875,-0.0026105993621754,0.0177473600256987,0.0504349992788579,0.0357745477122998,0.0119741001414677,-0.0004044227707067,0.0286481099107808,0.0474272874221888,25.68000030517578,-1.6100006103515625,0.628000020980835,0.64,-0.42134,0.0071665628318304,11.0,6.986870274540651,-10.245631558203712,-0.5304048227418879,3.625901949339173,4.074870154676419,-3.5446875321026945,1,R1: Growth / trend
2020-07-24,2020-07-24,296.2642517089844,143.19276428222656,178.6999969482422,0.0175763523375134,0.0074228382547367,0.0376608608979904,0.0430800430572488,0.0105294633212469,-0.0182952473918502,0.0386268876818274,0.0749261439803804,25.84000015258789,0.1599998474121093,0.5889999866485596,0.59,-0.44015,0.0071665628318304,11.0,6.576628458028456,-8.767936208285997,1.5238084497897313,2.2147814975611873,4.4130322676744775,-3.729896114776252,1,R1: Growth / trend
2020-07-31,2020-07-31,301.47149658203125,144.2556610107422,185.42999267578125,0.0246540558608501,-0.0054443973036001,0.0290136714410558,0.0447509750516945,0.0085377074136006,-0.001040458768598,0.0443002931724322,0.1048033936615353,24.459999084472656,-1.3800010681152344,0.5360000133514404,0.55,-0.4592,0.0071665628318304,11.0,6.645296333839662,-10.07336675592274,0.47172281539017824,2.2038272714609595,4.546589205841208,-4.449855101272036,1,R1: Growth / trend
2020-08-07,2020-08-07,308.90399169921875,143.47027587890625,190.80999755859375,0.0067848126576861,-0.039439857705445,-0.0433415668899707,0.0520847529274356,0.0071064560491957,0.0,0.0222299172411952,0.1202557975466179,22.209999084472656,-2.25,0.5619999766349792,0.57,-0.47672,0.0099686476258979,10.2,3.9562249664128064,-9.246346629941888,-1.5278108995682098,-0.26354670714264666,1.9526281753441668,-1.0876401065781325,1,R1: Growth / trend
2020-08-14,2020-08-14,310.9998474121094,137.81182861328125,182.5399932861328,0.0078376244242011,0.0185072781941166,-0.0027938781943336,0.045926610297091,0.0069509403818252,-0.0017779420773486,-0.0207108161400093,0.0704652486252124,22.049999237060547,-0.1599998474121093,0.7089999914169312,0.71,-0.49045,0.0099686476258979,10.2,3.514436532690831,-8.466391513365465,-6.312815781666722,1.5477800518690477,0.5572659266918444,0.9777675744474738,1,R1: Growth / trend
2020-08-21,2020-08-21,313.4373474121094,140.3623504638672,182.02999877929688,0.0326969446625673,-0.0305652256107245,0.0129648993362514,0.0563476930085675,0.0057659507129716,0.0,-0.0199644279531554,0.0184630968639183,22.540000915527344,0.4900016784667969,0.6399999856948853,0.64,-0.50074,0.0099686476258979,10.2,3.510771046884652,-8.392724824118329,-3.4730428280024213,-0.3653505727302774,2.062483784735364,-1.0146869115826562,1,R1: Growth / trend
2020-08-28,2020-08-28,323.685791015625,136.0721435546875,184.38999938964844,-0.0228477987535232,0.0111953587637245,-0.0149140409409556,0.071097791436257,0.0050255845314191,0.0,-0.0584019366581705,-0.0056243364337655,22.959999084472656,0.4199981689453125,0.7289999723434448,0.74,-0.50689,0.0099686476258979,10.2,2.189968896635772,-8.532793659346176,-6.12770537969201,1.454617780883876,1.5475843588893237,0.18008994584767052,1,R1: Growth / trend
2020-09-04,2020-09-04,316.290283203125,137.59552001953125,181.63999938964844,-0.0248414735338955,0.010691591645541,0.0044593567568571,0.0236298875038009,0.0106610665414351,-0.0422980264087414,-0.0418095100399118,-0.0492514528777668,30.75,7.790000915527344,0.7210000157356262,0.72,-0.50889,0.0128106984955238,8.4,6.440188107328764,-3.5641170817052052,-5.704480407298363,-1.418834944034326,5.513619881339729,1.899640389566674,1,R1: Growth / trend
2020-09-11,2020-09-11,308.43316650390625,139.06663513183594,182.4499969482422,-0.0062458332253195,-0.0055320072008918,0.004110715333214,-0.0082575088324204,0.0133146374263955,-0.0660887546390681,0.005149582936348,-0.0048116714067731,26.8700008392334,-6.729997634887695,0.6690000295639038,0.67,-0.50672,0.0128106984955238,8.4,5.504034060130252,-3.8801177647966054,-4.686018423482827,-0.7131533322955663,3.8092691909361784,-2.317051473016399,1,R1: Growth / trend
2020-09-18,2020-09-18,306.5067443847656,138.2973175048828,183.1999969482422,-0.00580667534681,0.0094755277045073,-0.0450873070110888,-0.0188188574491492,0.0140240127734487,-0.071921808524843,-0.0088473157743918,-0.0016362319126618,25.829999923706055,-1.0400009155273438,0.6940000057220459,0.7,-0.50233,0.0128106984955238,8.4,5.050546600279333,-2.9439341120640554,-4.449195791234289,-1.254854716454931,3.834090647227326,-1.2241727437237395,1,R1: Growth / trend
2020-09-25,2020-09-25,304.7269592285156,139.60775756835938,174.94000244140625,0.0155447616810042,-0.013331462158885,0.0205784314306975,-0.0539183017089322,0.0152544103079242,-0.0773108572791938,0.0249070063657138,-0.035379078160335,26.3799991607666,0.5499992370605469,0.6589999794960022,0.66,-0.49846,0.0128106984955238,8.4,5.656516215171718,-2.3278806496450923,-5.232636373031958,-1.51373150041901,3.6547336276082123,-2.328356565010233,1,R1: Growth / trend
2020-10-02,2020-10-02,309.4638671875,137.74658203125,178.5399932861328,0.0389705174649959,-0.0163445348363198,0.0142265522596451,-0.0300173629601926,0.0134489229854469,-0.0629678744499487,-0.0180735746667138,-0.0144575814303598,27.6299991607666,1.25,0.6959999799728394,0.7,-0.49276,0.0139102289123738,7.8,3.6248110223251047,-2.7180855751416235,-4.648877277252261,-0.9196257350095394,3.527244618294025,-0.9593960964670419,1,R1: Growth / trend
2020-10-09,2020-10-09,321.5238342285156,135.49517822265625,181.0800018310547,0.001269019513002,0.0081206674195355,-0.0153523235651973,0.0415664956949451,0.0122255805696668,-0.0264512476359383,-0.0260171530840099,-0.0075372134763005,25.0,-2.6299991607666016,0.7749999761581421,0.79,-0.48962,0.0139102289123738,7.8,1.4769291927153956,-5.006918464617494,-4.518465002540659,0.725726605840984,1.429055723689298,-1.4297690741597244,1,R1: Growth / trend
2020-10-16,2020-10-16,321.9318542480469,136.59548950195312,178.3000030517578,-0.0043480638991348,-0.020943211971686,0.0019068779140285,0.049100130724827,0.0119655753701303,-0.0252157952723294,-0.0123819154377674,-0.0271108935970087,27.40999984741211,2.40999984741211,0.7440000176429749,0.76,-0.48974,0.0139102289123738,7.8,1.4070175770291875,-4.60089595142158,-3.553443496693574,-0.5249994524955879,3.499450711546968,-0.4492956645691657,1,R1: Growth / trend
2020-10-23,2020-10-23,320.5320739746094,133.7347412109375,178.63999938964844,-0.0556422117270031,-0.0027846616555079,-0.0136587687513597,0.0505661861389791,0.0101720398829926,-0.0294542192823528,-0.0429784638944496,0.0209295321678592,27.549999237060547,0.1399993896484375,0.8410000205039978,0.85,-0.49224,0.0139102289123738,7.8,0.5726464661780243,-3.409658775966766,-4.506256486009289,0.17515404335821988,1.7239723097516024,0.22809076302914263,1,R1: Growth / trend
2020-10-30,2020-10-30,302.69696044921875,133.36233520507812,176.1999969482422,0.072333637201533,0.012763451492294,0.0396708604666851,-0.0221091650355604,0.0132991359660638,-0.0834575331037936,-0.0323458860596802,-0.0131929319647131,38.02000045776367,10.470001220703123,0.8600000143051147,0.88,-0.49813,0.0139102289123738,7.8,3.438171768259488,1.8118716594894102,-4.517825741083213,-3.078994937950021,5.054385799888753,2.889314366162739,1,R1: Growth / trend
2020-11-06,2020-11-06,324.5921325683594,135.0644989013672,183.19000244140625,0.022675693043638,-0.0078413057455121,-0.0329166368193351,0.0094977420855663,0.0139622667332148,-0.0171606828235252,-0.0031836206313327,0.0115849462449358,24.86000061035156,-13.159999847412111,0.8199999928474426,0.83,-0.50664,0.0123038634286716,6.9,-1.2709855162173507,-2.1346885137476628,-0.14409021354623347,-0.4201750701884207,-1.958550107988444,-3.1951277516038177,0,R0: Calm / risk-on
2020-11-13,2020-11-13,331.9524841308594,134.0054168701172,177.16000366210938,-0.007735382814618,0.0211814175046989,-0.0082975908236421,0.0306519482090656,0.0141778433510561,0.0,-0.0191437033023576,-0.0064142422587595,23.100000381469727,-1.7600002288818324,0.8930000066757202,0.89,-0.52023,0.0123038634286716,6.9,-1.7765054098669073,-1.7733896497176869,-2.520303580505345,0.7770914672836445,-2.1999191923017203,0.5655972860855714,0,R0: Calm / risk-on
2020-11-20,2020-11-20,329.38470458984375,136.84384155273438,175.69000244140625,0.0234710900617958,-0.0079873348023761,-0.0449656158318293,0.0272440363546125,0.0143780094124165,-0.0199685014203416,0.0229821381688298,-0.0166515118421804,23.700000762939453,0.6000003814697266,0.8289999961853027,0.83,-0.53692,0.0123038634286716,6.9,-1.3625894953976192,-1.562908494954579,-0.13379342736278335,-1.3228150156588934,1.0965496748287904,-0.5915590071007426,0,R0: Calm / risk-on
2020-11-27,2020-11-27,337.11572265625,135.75082397460938,167.7899932861328,0.0169934517455494,-0.0303437303786652,0.0269981180007612,0.0972148209341808,0.0105686552126255,0.0,0.0078363324121192,-0.044355887652294,20.84000015258789,-2.2700004577636683,0.8420000076293945,0.84,-0.55307,0.0123038634286716,6.9,-2.9289376098202884,-2.7634115300400572,-1.761698945492977,0.3049792754174919,-1.6187069148162108,-0.22086212639080752,0,R0: Calm / risk-on
2020-12-04,2020-12-04,342.844482421875,131.6316375732422,172.32000732421875,-0.0095986159563794,0.0230021963433844,0.0009865260081232,0.0544786146639593,0.0081451395952056,0.0,-0.0379037666510434,-0.0597502700531693,20.790000915527344,-0.0499992370605468,0.968999981880188,0.97,-0.56763,0.0117574521384058,6.7,-2.9248485382132996,-1.9251832558919992,-3.7325032518651016,0.873358549293545,-1.744121096532669,1.1199806578673546,0,R0: Calm / risk-on
2020-12-11,2020-12-11,339.55364990234375,134.65945434570312,172.49000549316406,0.0121584571024799,-0.0143408949215199,0.0228998598321612,0.036389474186694,0.0077125716760924,-0.0104550397361236,0.0035422267930196,-0.0199174390133502,23.309999465942383,2.519998550415039,0.8930000066757202,0.9,-0.5805,0.0117574521384058,6.7,-1.9198095613614876,-1.4411733660251544,-0.6448076673533037,-1.695556423605107,1.6853730262501703,-0.2880301785851412,0,R0: Calm / risk-on
2020-12-18,2020-12-18,343.6820983886719,132.7283172607422,176.44000244140625,-0.0004872233728697,0.0061408408799557,-0.0005100676527167,0.0356193447669167,0.0066756725665491,-0.0039932161933313,-0.0217048383748312,0.0072810262333512,21.56999969482422,-1.739999771118164,0.9480000138282776,0.95,-0.59069,0.0117574521384058,6.7,-2.827666053088662,-1.5136279700531239,-1.8899681809352746,-0.549176639305362,0.04737207143070067,-0.36832703311698817,0,R0: Calm / risk-on
2021-01-15,2021-01-15,349.75189208984375,128.8992462158203,171.1300048828125,0.0191110990893201,0.0003950261975644,0.016186460203567,0.0190819850146128,0.0065059609538803,-0.0145833990740892,-0.0349244464766858,-0.0217908170052549,24.34000015258789,2.780000686645508,1.097000002861023,1.11,-0.61421,0.0132041913157794,6.7,-2.8374753755991615,-0.27316943763910084,-3.697214065778926,-1.910420678900884,1.831964958295736,0.9163659200406999,0,R0: Calm / risk-on
2021-01-22,2021-01-22,356.43603515625,128.95016479492188,173.89999389648438,-0.033457206420441,0.0007905687432714,-0.007418018006951,0.0417061447118902,0.0070193234396829,-0.0035392341044161,-0.0379840599319167,-0.0033870786290028,21.90999984741211,-1.3400001525878906,1.090999960899353,1.1,-0.61695,0.0132041913157794,6.7,-3.3199804931538743,-1.5542073240395196,-3.038959866902676,-1.6467289557443492,0.13108543075616313,-0.9434954800339841,0,R0: Calm / risk-on
2021-01-29,2021-01-29,344.51068115234375,129.05210876464844,172.61000061035156,0.0476665362143393,-0.024990071012215,-0.0162215575103236,-0.0051749457687021,0.0103607452363796,-0.0372540521474177,-0.0355445842085009,-0.0290620000523414,33.09000015258789,11.18000030517578,1.093000054359436,1.11,-0.61899,0.0132041913157794,6.7,-0.12268486109679182,1.473721993771848,-4.315899614428286,-3.6777388706785654,3.089575774964306,2.143508635294119,0,R0: Calm / risk-on
2021-02-05,2021-02-05,360.9323120117187,125.82708740234376,169.80999755859375,0.0127159565841974,-0.0062149808566464,0.0051822913577797,0.0224575597289142,0.0105516535650903,0.0,-0.0240558894063119,-0.0553836067221915,20.8700008392334,-12.219999313354492,1.1699999570846558,1.19,-0.61939,0.0137384371370024,6.4,-3.9950050664454007,-1.618370005384961,-5.367350349516685,0.04970941864019934,-2.3255217776712906,-1.9822397612560916,0,R0: Calm / risk-on
2021-02-12,2021-02-12,365.52191162109375,125.04507446289062,170.69000244140625,-0.0066471733232743,-0.0261028310836155,-0.0215595985818417,0.0367826281792054,0.0103990527745571,0.0,-0.0263965699808135,-0.0150597161285941,19.969999313354492,-0.9000015258789062,1.2000000476837158,1.2,-0.62159,0.0137384371370024,6.4,-3.8992049229812857,-1.2849574521115952,-4.347258533358929,-1.316228945140662,0.2585165189624183,-0.8099771310385406,0,R0: Calm / risk-on
2021-02-19,2021-02-19,363.09222412109375,121.78104400634766,167.00999450683594,-0.0247932265831196,-0.0010474195570316,-0.0311358428793274,0.0149565516968221,0.0098107734467279,-0.0066471733232743,-0.0539693167227984,-0.0483310303506104,22.049999237060547,0.7999992370605469,1.3450000286102295,1.34,-0.62334,0.0137384371370024,6.4,-3.504055856667904,-0.5875086571481304,-7.407318862811065,-0.9835849122153442,0.22776422834300497,1.3757455282187854,0,R0: Calm / risk-on
2021-02-26,2021-02-26,354.0899963378906,121.65348815917967,161.80999755859375,0.0085971334040231,-0.0282480188915073,-0.0165008232447346,0.0072031002417214,0.0100630726642651,-0.0312755950320527,-0.0650736196590497,-0.065017335948684,27.950000762939453,5.900001525878906,1.4600000381469729,1.44,-0.6252,0.0137384371370024,6.4,0.046928796973098534,2.467303559445117,-7.382448999268547,-3.0726382667461887,-0.35624978874969854,4.142117741783337,0,R0: Calm / risk-on
2021-03-05,2021-03-05,357.1341552734375,118.2170181274414,159.13999938964844,0.027187784018761,-0.0205165673105821,0.0147669103464158,-0.0066510664231873,0.0108035704160547,-0.0229473420908105,-0.0707957267988146,-0.05507208777416,24.65999984741211,-3.290000915527344,1.5540000200271606,1.56,-0.62732,0.0166981677917068,6.2,-2.2948998203055306,1.2753884682212204,-8.244003032397472,-0.8513776522473501,-0.12275862373779696,0.051157373258748695,0,R0: Calm / risk-on
2021-03-12,2021-03-12,366.8438415527344,115.79161071777344,161.49000549316406,-0.0083854245566765,-0.0096282950599451,0.0108365839400139,0.0085375659454423,0.0115022265347622,0.0,-0.0893797618593273,-0.058447657174468,20.690000534057617,-3.969999313354492,1.6349999904632568,1.64,-0.63153,0.0166981677917068,6.2,-3.9391501702163354,-0.30421599988502995,-7.524267362741959,-0.573955422627376,-1.3136800995890725,-0.2812016740360816,0,R0: Calm / risk-on
2021-03-19,2021-03-19,363.7677001953125,114.6767349243164,163.24000549316406,0.0166890101795813,0.0141748579543659,-0.0061259493160326,0.0018586146960951,0.0120034473543034,-0.0163730156752311,-0.0601075416088475,-0.022832113783847,20.950000762939453,0.2600002288818359,1.7319999933242798,1.74,-0.63661,0.0166981677917068,6.2,-3.9256036647150605,0.24261935688604763,-7.400933703189046,-1.5249926299520844,0.8786046002798803,-0.672969276354479,0,R0: Calm / risk-on
2021-03-26,2021-03-26,369.838623046875,116.30226135253906,162.24000549316406,0.011692342323609,0.0075955935363294,-0.0016026242407638,0.0435156488013405,0.0109520135832431,0.0,-0.0449842390803567,0.0026539619374657,18.86000061035156,-2.090000152587894,1.659999966621399,1.67,-0.64206,0.0166981677917068,6.2,-4.367247822018552,-0.40298723990651875,-5.159899344830977,-1.9852489740636756,1.124153447901781,-2.5937398657398005,0,R0: Calm / risk-on
2021-04-02,2021-04-01,374.1629028320313,117.1856460571289,161.97999572753906,0.027158769942996,0.0,0.0079639991291995,0.0648089855936436,0.0083817171075617,0.0,-0.0068171829165688,0.018317143751068,17.329999923706055,-2.479999542236328,1.6790000200271606,1.72,-0.64861,0.0266781878206419,6.1,-6.216805533396084,0.5075244962440841,-4.366160474425953,-3.6311453323516876,-1.0832874252723266,-2.2849808210377036,0,R0: Calm / risk-on
2021-04-09,2021-04-09,384.32470703125,117.1856460571289,163.27000427246094,0.0140221757928185,0.0127266987361844,0.0188644683680834,0.0478973597130653,0.0072957030076045,0.0,-0.009482974554977,0.0107762978499711,16.690000534057617,-0.6399993896484375,1.6660000085830688,1.67,-0.65548,0.0266781878206419,6.1,-6.375737906702439,0.18430469994441898,-3.5083330808555795,-3.9163864033895064,-0.40314697564520696,-2.649160679051406,0,R0: Calm / risk-on
2021-04-16,2021-04-16,389.7137756347656,118.67703247070312,166.35000610351562,-0.0012463448915717,0.005744625153871,0.0003004976924234,0.0670450150585228,0.0064154833177369,0.0,0.0404669761452072,0.0230468897836676,16.25,-0.4400005340576172,1.5729999542236328,1.59,-0.66361,0.0266781878206419,6.1,-6.245898014929517,-0.06419551796599515,-1.614230783347203,-4.6086303948338365,0.39584116813599607,-2.356966222476374,0,R0: Calm / risk-on
2021-04-23,2021-04-23,389.2280578613281,119.3587875366211,166.39999389648438,0.0013436331882179,-0.0101388370871856,-0.0044470568600821,0.0670854365178302,0.0071177705202768,-0.0012463448915717,0.0224354198650314,0.0281571116629709,17.329999923706055,1.079999923706055,1.5670000314712524,1.58,-0.67037,0.0266781878206419,6.1,-5.5786214938613945,0.6956417010198853,-2.199660019087372,-4.599244276260798,0.4218917989424468,-1.5313280641066012,0,R0: Calm / risk-on
2021-04-30,2021-04-30,389.75103759765625,118.14862823486328,165.66000366210938,0.0115506083063028,0.005727956331073,0.0357961640993105,0.0408168984962365,0.0064806596416385,-0.0065706360684678,0.0081839974690952,0.0224646728319239,18.61000061035156,1.2800006866455045,1.63100004196167,1.65,-0.67658,0.0266781878206419,6.1,-5.39971051223053,-0.5599872528166475,-4.22301575714605,-6.204352425682565,-9.897317208861297e-05,-0.8166427821756763,0,R0: Calm / risk-on
2021-05-07,2021-05-07,394.2528991699219,118.82537841796876,171.58999633789062,-0.0131245133575443,-0.0154416655751515,0.0064106656972562,0.0255047929453027,0.0061898193255812,0.0,0.0138956114341782,0.0497025906491783,16.690000534057617,-1.9200000762939415,1.5770000219345093,1.6,-0.68184,0.0413307711536057,6.1,-7.0642696729539995,2.463457592638167,-0.5950168321570928,-6.832331476288901,-0.7311968217253478,-2.305247982773507,0,R0: Calm / risk-on
2021-05-14,2021-05-14,389.0785217285156,116.99051666259766,172.69000244140625,-0.0039364436940779,0.0043042403112367,0.0193988696355669,-0.0016313824604838,0.0092616814364498,-0.0131245133575443,-0.0143129133032808,0.0374040545787951,18.809999465942383,2.1199989318847656,1.6349999904632568,1.63,-0.6867,0.0413307711536057,6.1,-6.156868667318742,4.014658136825242,-1.9783289958906982,-6.6342436965274505,-0.02179040415239772,-1.8057934823727804,0,R0: Calm / risk-on
2021-05-21,2021-05-21,387.54693603515625,117.49407196044922,176.0399932861328,0.0122907554827738,0.0055927906830717,0.0132924999200396,-0.0043284721164453,0.008780972280893,-0.0170092931437781,-0.0157460974550988,0.0563167120972589,20.149999618530273,1.3400001525878906,1.631999969482422,1.63,-0.68879,0.0413307711536057,6.1,-6.36805392899584,3.644111688498557,-0.7717406227149951,-7.149285748947063,0.26265108428800243,-2.5740390550589027,0,R0: Calm / risk-on
2021-05-28,2021-05-28,392.3101806640625,118.15119171142578,178.3800048828125,0.006094722610737,0.0120006614873406,-0.0068393384197102,0.0065446339522432,0.0088576816813679,-0.0049275947239694,2.1696813507322833e-05,0.0739786163348595,16.760000228881836,-3.3899993896484375,1.5809999704360962,1.58,-0.69127,0.0413307711536057,6.1,-7.150656211207346,1.9546002889675143,0.18071421788670775,-7.430932532651709,-1.4386382244705098,-3.6534851112821904,0,R0: Calm / risk-on
2021-06-04,2021-06-04,394.7012023925781,119.56908416748048,177.16000366210938,0.0040465242037985,0.0172263438623867,-0.0080153428516157,0.00838807385821,0.0088347199799949,0.0,0.0012952357369604,0.0409019981246949,16.420000076293945,-0.3199996948242187,1.559999942779541,1.56,-0.69342,0.0491825708946762,5.8,-6.64275569596058,2.791739263612865,0.34652281295903675,-6.889864724252136,-1.1656160508333961,-2.8340934762305245,0,R0: Calm / risk-on
2021-06-11,2021-06-11,396.2983703613281,121.62882232666016,175.74000549316406,-0.0189309100905945,0.0240325431985795,-0.0615113945572471,0.0336245655434682,0.0057203189188559,0.0,0.0481884746932415,0.0265821312029041,15.649999618530272,-0.7700004577636737,1.462000012397766,1.47,-0.69436,0.0491825708946762,5.8,-7.523607996364765,1.641691156745018,1.6210497059465625,-7.289007875499349,-1.2379432055934236,-3.6751539747554696,0,R0: Calm / risk-on
2021-06-18,2021-06-18,388.7960815429687,124.55187225341795,164.92999267578125,0.0281740995143671,-0.0255266331697076,0.0100648986589879,0.002398937338657,0.0049593259502526,-0.0211223577267943,0.0615356422138302,-0.064735637584147,20.700000762939453,5.0500011444091815,1.4500000476837158,1.45,-0.69362,0.0491825708946762,5.8,-5.044796598633497,5.929313435200822,1.029676077845912,-6.1753427707931845,0.2932108524009652,0.24405469177156341,0,R0: Calm / risk-on
2021-06-25,2021-06-25,399.75006103515625,121.37248229980467,166.58999633789062,0.0166661449987441,0.0226680849410763,0.0042019146625251,0.0205740303536645,0.0056802471479999,0.0,0.0253107580920232,-0.0646173640384437,15.619999885559082,-5.080000877380371,1.5360000133514404,1.54,-0.69055,0.0491825708946762,5.8,-7.567473872734036,3.238009674009632,-0.857421396177992,-3.228237700025946,-4.392688591200711,-1.3111059422125626,0,R0: Calm / risk-on
2021-07-02,2021-07-02,406.412353515625,124.12376403808594,167.2899932861328,0.0041500842511856,0.0102731857534044,0.0114771564635691,0.0292392642227743,0.0055337380500432,0.0,0.0373848504003018,-0.0573245065161116,15.06999969482422,-0.5500001907348615,1.430999994277954,1.44,-0.68653,0.0529563262034999,5.9,-6.754765228803673,2.676055116546149,2.4506777751202673,-4.67968799382055,-1.7177456131126911,-2.9974944394147123,0,R0: Calm / risk-on
2021-07-09,2021-07-09,408.0989990234375,125.39891052246094,169.2100067138672,-0.0095975438710891,0.0114656680955782,0.0011819451587185,0.0309937070014829,0.0062713298434379,0.0,0.0289108694214967,-0.0491812524576884,16.18000030517578,0.7000007629394531,1.3559999465942385,1.37,-0.68097,0.0529563262034999,5.9,-6.13002167834957,3.4535906078002125,2.743496350357417,-3.98365331888172,-1.6882478323619337,-2.6103822576331956,0,R0: Calm / risk-on
2021-07-16,2021-07-16,404.1822509765625,126.8366928100586,169.41000366210938,0.0199377933538524,0.0019563013891525,-0.005017449295444,0.025228592751149,0.0065746438357542,-0.0131325319069968,0.0368093437374457,0.0212380317752162,18.450000762939453,2.270000457763672,1.2999999523162842,1.31,-0.67428,0.0529563262034999,5.9,-4.4366202973102515,3.855215804648799,2.3489853198753017,-5.405442869856608,-1.518399987807084,-1.1570768060846706,0,R0: Calm / risk-on
2021-07-23,2021-07-23,412.2407531738281,127.08482360839844,168.55999755859375,-0.0032504448189465,0.0068685958112442,0.007475141100349,0.0343140394825745,0.007037551189039,0.0,0.0355532006031234,0.0150630722624355,17.200000762939453,-1.25,1.2860000133514404,1.3,-0.66754,0.0529563262034999,5.9,-5.194814881449781,2.9871540999398403,1.8245332639238199,-3.9456749034009726,-3.7252387094183814,-2.146929886965238,0,R0: Calm / risk-on
2021-07-30,2021-07-30,410.9007873535156,127.9577178955078,169.82000732421875,0.0090761584050145,-0.0104324708433992,-0.0305029308159238,0.0185978748835107,0.0072633067098171,-0.0056912601406126,0.036436815214642,0.0215472316411351,18.239999771118164,1.039999008178711,1.2389999628067017,1.24,-0.66101,0.0529563262034999,5.9,-4.161662129476299,2.1384580938132545,1.807967042044728,-6.493738737824704,-3.2819024837747772,-1.6472863313278914,0,R0: Calm / risk-on
2021-08-06,2021-08-06,414.6301879882813,126.622802734375,164.63999938964844,0.007751680663053,0.0052101911319257,0.010629251740085,0.0158772200359841,0.0068463737381408,0.0,0.0097126697339093,-0.0273793183797049,16.149999618530273,-2.09000015258789,1.2899999618530271,1.31,-0.65568,0.0524516938130923,5.4,-5.134873396091548,2.6433504267212085,-0.1042825384720022,-2.390576631932205,-4.8151377075396375,-0.23638110373784546,0,R0: Calm / risk-on
2021-08-13,2021-08-13,417.8442687988281,127.28253173828124,166.38999938964844,-0.005741195848267,0.0134638632356334,0.001863078067978,0.0332429079063954,0.0063585050990943,0.0,0.003508899308658,-0.0179874072104805,15.449999809265137,-0.6999998092651367,1.2970000505447388,1.29,-0.65103,0.0524516938130923,5.4,-4.55808234432786,1.8492967003615823,1.7435934017360586,-3.2539773117653015,-3.785912157594596,-1.4353913180840487,0,R0: Calm / risk-on
2021-08-20,2021-08-20,415.4453430175781,128.99624633789062,166.6999969482422,0.0155405227221323,-0.0072400920853314,0.0209358461730966,0.0077435295128138,0.0049074470882827,-0.0080767061938002,0.0149285398430614,-0.0110959835621704,18.559999465942383,3.109999656677246,1.2599999904632568,1.26,-0.6483,0.0524516938130923,5.4,-3.1975305932321336,2.487302643560586,1.6950975796038046,-4.236345883594525,-1.0166123384060164,-2.153130569736574,0,R0: Calm / risk-on
2021-08-27,2021-08-27,421.9015808105469,128.0623016357422,170.19000244140625,0.0062854112707451,-0.0073036764966087,0.0051119049574432,0.0264202739519836,0.0054080910410371,0.0,0.0008169966258356,0.0021763786512433,16.389999389648438,-2.1700000762939453,1.312000036239624,1.31,-0.64663,0.0524516938130923,5.4,-3.5084763556601795,0.8352803375997244,1.117876120764753,-3.5899769490041638,-4.030933778735743,-0.906318582808459,0,R0: Calm / risk-on
2021-09-03,2021-09-03,424.5534057617187,127.1269760131836,171.05999755859375,-0.0168622732728539,0.0014849256609954,-0.0226821287161743,0.0236507967921392,0.0049038338525552,-0.0002427570997469,0.003973788231435,0.038253089501863,16.40999984741211,0.0200004577636718,1.3220000267028809,1.33,-0.64732,0.0515201530179396,5.1,-3.937783335137002,-0.08028317785940375,0.9902777384990441,-2.9161725789001776,-1.8540335846068412,-2.488783620403227,0,R0: Calm / risk-on
2021-09-10,2021-09-10,417.39447021484375,127.31575012207033,167.17999267578125,-0.0058950739998925,0.005188305279451,-0.0203971082229524,0.0007411435680039,0.0054429909635198,-0.017100936936046,0.0159333368252027,0.018960772865007,20.950000762939453,4.540000915527344,1.340999960899353,1.35,-0.64851,0.0515201530179396,5.1,-1.2763317767917892,2.1105121453756386,-0.622879414157132,-2.8161243660740314,-0.38515474766425156,-0.8112412933908508,0,R0: Calm / risk-on
2021-09-17,2021-09-17,414.9338989257813,127.97630310058594,163.77000427246094,0.0056865143918083,-0.0151504312300324,-0.0028698858670186,0.0066935274083824,0.0055650199790415,-0.022895199647233,-0.0072736613398546,-0.0171927250543785,20.809999465942383,-0.1400012969970703,1.3700000047683716,1.37,-0.65036,0.0515201530179396,5.1,-1.3819130698988362,2.2375691213634017,-0.37799358228149,-2.586910455379269,-0.5280501213348315,-1.599426138438344,0,R0: Calm / risk-on
2021-09-24,2021-09-24,417.2934265136719,126.03740692138672,163.3000030517578,-0.0217837362953036,-0.0093629076315188,0.0078995300797632,-0.0020812223073043,0.0070164476159307,-0.0173388791377221,-0.0091569918846661,-0.0264087323646655,17.75,-3.059999465942383,1.4600000381469729,1.47,-0.65252,0.0515201530179396,5.1,-1.5820207906602377,2.098334967844767,-1.2705636910489375,-1.4800906404303926,-3.0387210807528278,-1.7453240367621354,0,R0: Calm / risk-on
2021-10-01,2021-10-01,408.2032165527344,124.85733032226562,164.58999633789062,0.0083363468145154,-0.0238733173238498,-0.0021872569315362,-0.0395154628444268,0.0087761539042405,-0.0387449098622335,-0.0271510425327358,-0.0279194009862978,21.100000381469727,3.3500003814697266,1.4789999723434448,1.48,-0.65373,0.0535121559094913,4.7,1.3187439582878655,4.101134210886089,-1.8876424109893197,-1.9614161300217836,-0.07414116126028586,-0.3256615650571298,0,R0: Calm / risk-on
2021-10-08,2021-10-08,411.6061401367187,121.87657165527344,164.22999572753906,0.018293443341284,0.0222020499284927,0.0066979609823565,-0.0139648248114226,0.0097509834278482,-0.0307315540536269,-0.0436613974889891,-0.0178031741262698,18.770000457763672,-2.3299999237060547,1.6050000190734863,1.61,-0.65399,0.0535121559094913,4.7,-1.1258221181727177,1.6742621896321304,-2.9583775247099084,0.1014811859218824,-2.2662213651874694,-0.5999272726787274,0,R0: Calm / risk-on
2021-10-15,2021-10-15,419.1358337402344,124.58248138427734,165.3300018310547,0.0162603064471773,-0.0062057256063113,0.0147583766671677,0.0100758250754848,0.0102993611107932,-0.0130002966552125,-0.0268771171275626,0.0094804570884506,16.299999237060547,-2.470001220703125,1.5759999752044678,1.59,-0.65221,0.0535121559094913,4.7,-2.2561846789372844,0.49756857873728383,-0.029629239196214026,-0.8835682137850499,-2.1682649174419715,-2.542175306696561,0,R0: Calm / risk-on
2021-10-22,2021-10-22,425.95111083984375,123.80935668945312,167.77000427246094,0.0135286481898062,0.0247003008391699,-0.0066758678396267,0.0205349413468763,0.0090729874933531,-0.0010364265164581,-0.0178358067504156,0.0270050005840237,15.43000030517578,-0.8699989318847674,1.6549999713897705,1.66,-0.64657,0.0535121559094913,4.7,-3.143225010881466,-0.17903058785834167,-0.22189302349454418,-0.860556030379143,-1.9530252946853437,-0.1681537772597668,0,R0: Calm / risk-on
2021-10-29,2021-10-29,431.7136535644531,126.86748504638672,166.64999389648438,0.0202067763846232,0.0121894126296133,0.0191419295423902,0.0559973993083521,0.0067181405537065,0.0,0.0159713888443282,0.0124382573229051,16.260000228881836,0.8299999237060565,1.5570000410079956,1.55,-0.63669,0.0535121559094913,4.7,-2.1339117474744826,-0.736463819409911,1.6660821114081135,-2.6433545878726523,-0.8078981869578251,-1.423296909102154,0,R0: Calm / risk-on
2021-11-05,2021-11-05,440.4371948242187,128.41392517089844,169.83999633789062,-0.002689463580374,-0.013194807108351,0.027143197772921,0.0677009366183156,0.0051568340749174,0.0,0.0522500119942953,0.033588937498524,16.479999542236328,0.2199993133544922,1.4529999494552612,1.45,-0.6222,0.0623504239029806,4.5,-2.1922698058370074,-1.0755219858446037,2.861715418612513,-1.8003592836327031,-1.20437651822346,-0.7823027807748216,0,R0: Calm / risk-on
2021-11-12,2021-11-12,439.2526550292969,126.7195281982422,174.4499969482422,0.0034671371961279,0.0069910487939888,-0.0105474139872673,0.0468797185865768,0.0042952954901769,-0.0035400855934334,0.017008207249788,0.0536946625007825,16.290000915527344,-0.1899986267089843,1.5820000171661377,1.58,-0.60449,0.0623504239029806,4.5,-2.5224858758440027,0.27766180376822586,0.2242854578640722,-0.6781822412976997,-2.0460755202948593,-0.5019057574894145,0,R0: Calm / risk-on
2021-11-19,2021-11-19,440.7756042480469,127.60543060302734,172.61000061035156,-0.0211562634253099,0.014626349862566,-0.033369992969518,0.0342113356454791,0.0042748148957219,-0.0017882800788711,0.0301999931206259,0.0284406986861246,17.90999984741211,1.6199989318847656,1.5360000133514404,1.54,-0.58517,0.0623504239029806,4.5,-1.8956626498080387,0.37258612037541045,1.2982970951958994,-1.9497641412933209,-1.2386031493320986,-0.26297206616221325,0,R0: Calm / risk-on
2021-11-26,2021-11-26,431.450439453125,129.47183227539062,166.85000610351562,-0.0120922906642687,0.0266233639196207,-0.001318556863382,0.0014172811763608,0.0064475891193002,-0.0229067101797542,0.0233718881628325,-0.0073448256524552,28.6200008392334,11.030000686645508,1.4819999933242798,1.48,-0.56713,0.0623504239029806,4.5,4.596435573814302,5.9487717875551365,0.20603520991736665,-3.454909964619451,1.016674370773375,2.214323283757603,2,R2: Stress / risk-off
2021-12-03,2021-12-03,426.2332153320313,132.91880798339844,166.6300048828125,0.0381984146702072,-0.0355688409794228,-0.0003000843203058,-0.0293175424444697,0.009266281430611,-0.0347220062463672,0.0493247166871918,-0.0061026216520868,30.670000076293945,2.049999237060547,1.343000054359436,1.35,-0.55115,0.0690197040370086,4.1,6.9191007090251855,7.4886991117451664,2.0863640233608796,-3.38009150879057,0.3231373217233358,-0.8709702798526927,2,R2: Stress / risk-off
2021-12-10,2021-12-10,442.5146484375,128.1910400390625,166.5800018310547,-0.0196592213137365,0.0143761647245466,0.0073238156278834,0.0149170712361679,0.0109368963044156,0.0,0.0071435462396369,-0.044269003142057,18.690000534057617,-11.979999542236328,1.4889999628067017,1.48,-0.5401,0.0690197040370086,4.1,-0.8314492311336145,0.8733458753005529,-0.7611856874739109,2.064326526415008,-5.571587942692595,-1.9120585094445963,2,R2: Stress / risk-off
2021-12-17,2021-12-17,433.8151550292969,130.033935546875,167.8000030517578,0.0233328209729617,-0.0153153567559549,0.0069725753734606,-0.0177072596986091,0.0120058232310603,-0.0196592213137365,0.0293550088142613,-0.0359376139775476,21.56999969482422,2.8799991607666016,1.4019999504089355,1.41,-0.53797,0.0690197040370086,4.1,3.439340387585169,4.572964793232142,1.5836432964567695,-1.5238930013888385,-0.14071122130227265,-0.5384706783312048,2,R2: Stress / risk-off
2022-01-07,2022-01-07,439.6827697753906,122.64550018310548,167.75,-0.0029390891218303,-0.0011246382747394,0.011445592661373,0.0029494034421313,0.0098645684021351,-0.0243244978335741,-0.0466392534692406,0.0112101110377989,18.760000228881836,1.5400009155273438,1.7710000276565552,1.76,-0.55623,0.0717434028506553,3.9,0.03484698415368965,4.20204311164853,-3.909324153100067,1.7096552002699732,-1.1419445243420376,2.2310422694575895,2,R2: Stress / risk-off
2022-01-14,2022-01-14,438.3905029296875,122.507568359375,169.6699981689453,-0.0575403162369005,0.0107673687850122,0.0083691765442903,-0.0002084685210513,0.0091753908663693,-0.0271920950884279,-0.0483543917359769,0.0089394343568188,19.190000534057617,0.4300003051757812,1.7719999551773071,1.78,-0.56214,0.0717434028506553,3.9,0.22971671184969755,3.9907227229850926,-1.3815816839064128,0.44213917624435367,-0.20269613734994107,-0.23687745432510185,2,R2: Stress / risk-off
2022-01-21,2022-01-21,413.1653747558594,123.82665252685548,171.08999633789062,0.0090644507413357,-0.003481409694898,-0.0233210025120057,-0.065632602380445,0.0094360432145404,-0.0831677695747965,-0.0421940408680139,0.0147200023262532,28.850000381469727,8.540000915527344,1.746999979019165,1.75,-0.56232,0.0717434028506553,3.9,4.849018831299679,7.924201659800636,-1.1941278528456603,-2.0457714174767414,3.284856581616928,2.482009891915563,2,R2: Stress / risk-off
2022-01-28,2022-01-28,416.9104919433594,123.39556121826172,167.10000610351562,0.0152733377287104,-0.0274326170079912,0.010532581942251,-0.0745572943045995,0.0107231908831518,-0.0748571889840382,-0.0327831552670707,-0.0160288197224344,27.65999984741211,-1.1900005340576172,1.781999945640564,1.78,-0.55578,0.0717434028506553,3.9,4.2616067423936315,7.689991777670368,-2.2069550495273007,0.4994419393204709,-1.3898581798558256,-1.4327783549622997,2,R2: Stress / risk-off
2022-02-04,2022-02-04,423.2781066894531,120.010498046875,168.86000061035156,-0.0183643419163564,-0.0054671273061641,0.0293142066229432,-0.0419854520318561,0.0125722342071815,-0.0607271703841029,-0.028932971821907,0.0111360095763876,23.219999313354492,-4.440000534057617,1.9299999475479128,1.93,-0.54176,0.0755880572696783,4.0,1.8985802614632814,5.804485020480611,-2.6189385113161348,2.197762268426325,-1.616988053435849,-2.0291082613944886,2,R2: Stress / risk-off
2022-02-11,2022-02-11,415.5048828125,119.35438537597656,173.80999755859375,-0.0141443456403048,-0.0001449116205312,0.0190437696627774,-0.0532066478041591,0.0138875352732377,-0.0779762977799128,-0.041300646975644,0.0212235421154343,27.36000061035156,4.140001296997067,1.955000042915344,1.92,-0.52281,0.0755880572696783,4.0,5.214313409997598,8.463681492454965,-0.2414800302012735,-0.5955077698110538,0.13179334571760518,1.0376887182973735,2,R2: Stress / risk-off
2022-02-18,2022-02-18,409.6278381347656,119.33708953857422,177.1199951171875,0.0081065748022843,-0.0098386683178883,-0.0032181124725786,-0.008598900338715,0.0138284436241205,-0.0910177197126673,-0.0369304502318907,0.0346377289605268,27.75,0.389999389648441,1.9320000410079956,1.92,-0.49738,0.0755880572696783,4.0,3.4237971656844435,6.643618425620885,-0.6408219237205744,0.8914474071712973,-0.7661853909988355,-1.5610770018502114,2,R2: Stress / risk-off
2022-02-25,2022-02-25,412.9485168457031,118.16297149658205,176.5500030517578,-0.0127472222770326,0.0259791267442617,0.0403851005424973,0.0149833651838234,0.0154957370148249,-0.0836489868635671,-0.0429808369383132,0.0520239151947712,27.59000015258789,-0.5200004577636683,1.9859999418258667,1.97,-0.46777,0.0755880572696783,4.0,2.956705309377064,7.0604353378166556,-1.9628743579589334,1.7356397015089526,-1.5680130810584518,-3.133333509009015,2,R2: Stress / risk-off
2022-03-04,2022-03-04,407.6845703125,121.23274230957033,183.67999267578125,-0.0279981118358488,-0.038006149443639,0.0076764139717613,-0.0328442777693162,0.0136889492583893,-0.0953299169118012,-0.0047193039887544,0.0856659914874018,31.979999542236328,4.3899993896484375,1.7239999771118164,1.74,-0.4382,0.0793727876651781,3.9,5.418447741337866,8.000755885646342,2.901183623045727,-1.2508559233199086,-1.9996050396848473,-2.404204326644416,2,R2: Stress / risk-off
2022-03-11,2022-03-11,396.2701721191406,116.62515258789062,185.08999633789065,0.0614918111932547,-0.0108962330433043,-0.0312820433340056,-0.0673139299144951,0.0155360202117711,-0.1206589710726513,-0.0084133849522359,0.0817550468196463,30.75,-1.229999542236328,2.003999948501587,2.0,-0.41107,0.0793727876651781,3.9,4.477072943897322,9.44615939460301,-4.0691784961216655,2.1022926747579196,-5.616763985791554,-1.5841060959843205,2,R2: Stress / risk-off
2022-03-18,2022-03-18,420.6375427246094,115.35437774658205,179.3000030517578,0.0183794319724428,-0.0358215415104332,0.0171779240302945,0.0200262305541509,0.0161292384560278,-0.0665866985473684,-0.0234717383246481,0.0114992322192506,23.8700008392334,-6.879999160766602,2.1480000019073486,2.14,-0.39003,0.0793727876651781,3.9,-0.6221068837972041,9.191302047371817,-2.3698496116799945,7.736561616772196,-5.096056755899601,-3.0885415998854766,2,R2: Stress / risk-off
2022-03-25,2022-03-25,428.3686218261719,111.22220611572266,182.3800048828125,0.0005081648694005,0.0304898088004095,-0.0157912315259726,0.0366611622112727,0.0149884457172757,-0.0494310922711465,-0.0605347288169473,0.0324883096183491,20.809999465942383,-3.0600013732910156,2.492000102996826,2.48,-0.37804,0.0793727876651781,3.9,-2.279926544719894,8.183569671337892,-4.636294249173004,8.397930964347681,-5.881227305542598,-1.5004694736699202,2,R2: Stress / risk-off
2022-04-01,2022-04-01,428.5863037109375,114.61334991455078,179.5,-0.0118123036338297,-0.0548423671772949,0.0109749371626914,0.0499983632316467,0.0145694784099963,-0.0354398311473891,-0.0561478993230372,-0.0230198653279829,19.6299991607666,-1.1800003051757812,2.377000093460083,2.39,-0.37229,0.0857220496601385,3.7,-2.0951937970078403,6.627187469531545,0.15918946600686498,5.600133925920115,-1.7188361226297604,-2.7343190680289426,2,R2: Stress / risk-off
2022-04-08,2022-04-08,423.5237121582031,108.3276824951172,181.47000122070312,-0.021851236036828,-0.0349265842583342,0.0141620766415495,0.0665132720012008,0.0113952447539877,-0.0339122099409823,-0.0738042368124984,-0.0197518159693833,21.15999984741211,1.5300006866455078,2.7130000591278076,2.72,-0.37,0.0857220496601385,3.7,-4.2185223005082415,7.203500440391207,-5.421959846499173,8.059893438869938,-1.3132279009048462,1.0040352395303749,2,R2: Stress / risk-off
2022-04-29,2022-04-29,389.8647766113281,103.4186553955078,176.91000366210938,-0.0016017892321532,-0.0467683834134126,-0.0084223925290845,-0.0918621812250389,0.0158198392486004,-0.1073556179606483,-0.0989794284263162,-0.0209202744263038,33.400001525878906,5.19000244140625,2.88700008392334,2.89,-0.35068,0.0857220496601385,3.7,2.632281183286031,14.13151672375741,-5.0904465604341596,4.339609349903936,3.6850696715400533,-0.10845588301254637,2,R2: Stress / risk-off
2022-05-06,2022-05-06,389.24029541015625,98.5819320678711,175.4199981689453,-0.0233872792506811,0.0203221324490487,-0.0377950345001555,-0.0870900381649681,0.0188226239809118,-0.1087854461199411,-0.1051625830226425,-0.0276608496799482,30.190000534057617,-3.210000991821289,3.122999906539917,3.12,-0.33577,0.0823175077077722,3.7,-0.05116355443584738,12.698636997029329,-7.869892966690165,8.21604302998669,-0.15336860954625928,0.47884571056465786,2,R2: Stress / risk-off
2022-05-13,2022-05-13,380.1370239257813,100.5853271484375,168.7899932861328,-0.0300955417847792,0.0218138459578032,0.0191954832753125,-0.0859842163278816,0.0205403641550357,-0.1296285297638052,-0.0386032350366872,-0.0864977898824046,28.8700008392334,-1.3199996948242188,2.934999942779541,2.93,-0.31826,0.0823175077077722,3.7,1.264701966701771,11.739371444447087,-3.200414824722356,4.828863048296082,0.6856286580433709,-2.390214183106757,2,R2: Stress / risk-off
2022-05-20,2022-05-20,368.6965942382813,102.77947998046876,172.02999877929688,0.0657805147560928,0.0048097793328616,0.004766653083982,-0.0893358291750011,0.0216317055639704,-0.1558228307145784,-0.010710493663206,-0.0468977552017683,29.43000030517578,0.5599994659423828,2.7869999408721924,2.78,-0.29946,0.0823175077077722,3.7,3.5180933327639936,12.206670770837722,-0.6999447488338474,4.049458090609963,1.8124970528814648,-2.456430907508134,2,R2: Stress / risk-off
2022-05-27,2022-05-27,392.94964599609375,103.2738265991211,172.85000610351562,-0.0113662645441107,-0.0238794081724063,-0.0015620726810923,0.0078815240613696,0.020262356009789,-0.100292421973642,-0.0014013941744913,-0.0232169477022448,25.719999313354492,-3.710000991821289,2.743000030517578,2.74,-0.28046,0.0823175077077722,3.7,-1.48801058097375,7.105121214610252,-0.6337803440613426,6.752091151809796,-2.2193994304467526,-4.113530125030967,2,R2: Stress / risk-off
2022-06-03,2022-06-03,388.4832763671875,100.80770874023438,172.5800018310547,-0.0505191746623282,-0.0194777624697004,0.0113570021687496,-0.0079334455537845,0.0181535004184122,-0.1105187363178308,0.0074822089651939,-0.0146676754755961,24.790000915527344,-2.709999084472656,2.9570000171661377,2.96,-0.25915,0.0853817119564206,3.6,-1.9441023101439172,7.115216790655262,-2.3397808554839417,6.829205498517516,-1.8045062718775695,-1.908869170547609,2,R2: Stress / risk-off
2022-06-10,2022-06-10,368.857421875,98.84420013427734,174.5399932861328,-0.057361467792751,-0.0148546891342944,-0.0187348982437005,-0.0064951858920805,0.0185952863687443,-0.1554545956366587,-0.0323523137181273,0.025355976645903,27.75,2.959999084472656,3.1559998989105225,3.15,-0.23607,0.0853817119564206,3.6,-0.22269167096577405,9.325780678235363,-1.6633846963965513,4.519076243828359,1.6254011348380701,0.8990206112061703,2,R2: Stress / risk-off
2022-06-17,2022-06-17,347.69921875,97.37590026855467,171.27000427246094,0.066199946495377,0.0042826069276691,-0.0068897524676482,-0.0581998919857961,0.0185353930176167,-0.2038989596485625,-0.0427209532808023,-0.0037298217658412,31.1299991607666,3.3799991607666016,3.239000082015991,3.25,-0.21163,0.0853817119564206,3.6,1.69267955966397,11.75223124646709,-3.6100333180918813,5.532314607694255,1.3985239099148843,0.810780627283364,2,R2: Stress / risk-off
2022-06-24,2022-06-24,370.7168884277344,97.7929229736328,170.08999633789062,-0.0226619944876586,0.030999973942718,-0.0104061911445734,-0.0142056659045807,0.0203950436331993,-0.1459233436444655,-0.0566291705619664,-0.0174262387403443,27.229999542236328,-5.720001220703125,3.125,3.13,-0.18785,0.0853817119564206,3.6,-0.9033231217885169,7.84657960507519,-1.5298980155793371,6.1025870284604995,-1.2376531478350186,-3.252933228737526,2,R2: Stress / risk-off
2022-07-01,2022-07-01,362.3157043457031,100.82450103759766,168.32000732421875,0.0194892995588662,-0.0286650994391411,-0.0357652329521658,-0.0862817417641838,0.0188158365458886,-0.1468082601856728,-0.001985501319152,-0.0351978350659175,26.700000762939453,-0.529998779296875,2.888999938964844,2.88,-0.17211,0.0897936110310579,3.6,0.5462071223962779,7.446337474757565,0.7936221912962116,4.0300739467598845,2.1313146861098287,-2.1474247704000216,2,R2: Stress / risk-off
2022-07-08,2022-07-08,369.3769836425781,97.93435668945312,162.3000030517578,-0.0091080900993866,0.0323552801038791,-0.0202711551636427,-0.0520872622033909,0.0187871225133612,-0.1228902072222789,-0.0121438264211093,-0.0625726085419303,24.63999938964844,-4.069999694824215,3.1010000705718994,3.09,-0.16591,0.0897936110310579,3.6,-1.6341823101502477,5.188839402917488,-1.481121737321348,7.647230512293489,-1.93609946241281,-2.235815525952333,2,R2: Stress / risk-off
2022-07-15,2022-07-15,366.0126647949219,101.1030502319336,159.00999450683594,0.0258614184696497,0.0207509497404083,0.0104396183853587,0.0198276544926624,0.0149947627782991,-0.1302339690706099,0.0486866023054372,-0.071350588139674,24.229999542236328,-0.4099998474121129,2.930000066757202,2.93,-0.1693,0.0897936110310579,3.6,-1.6630875071983804,4.353629427057153,1.471761315057247,5.619500487249746,1.4792852484833519,-3.4282436860483085,0,R0: Calm / risk-on
2022-07-22,2022-07-22,375.478271484375,103.20103454589844,160.6699981689453,0.0427751162417202,-0.0094474909967393,0.0213481544386628,0.0440606956554797,0.0132786216894113,-0.075195301049092,0.0398871224754095,-0.0579740875336505,23.030000686645508,-1.1999988555908203,2.7829999923706055,2.77,-0.18268,0.0897936110310579,3.6,-1.4531922185773862,3.0545470650229314,2.4984921367906443,5.413507034032471,1.0919099934529384,-2.1022109944235763,0,R0: Calm / risk-on
2022-07-29,2022-07-29,391.5393981933594,102.22604370117188,164.10000610351562,0.0035922161272015,-0.0063730262291763,0.0072515974305724,0.0880910032891074,0.0120014149601137,-0.0356366725505777,0.0240196381891573,-0.0262223374516629,21.329999923706055,-1.7000007629394531,2.6419999599456787,2.67,-0.20167,0.0897936110310579,3.6,-3.035998321949746,1.591800489562066,2.244821733583822,7.003231871369613,1.2303479300972155,-2.1278914373356494,0,R0: Calm / risk-on
2022-08-05,2022-08-05,392.9458923339844,101.57455444335938,165.2899932861328,0.0329649206888043,-0.0078988521494594,0.0156089414716622,0.0618541654377234,0.012319039004342,-0.0051126468256604,0.0364956308498407,0.0182549729868116,21.149999618530273,-0.1800003051757812,2.8399999141693115,2.83,-0.21976,0.0846257672773009,3.5,-2.687894645515525,1.1663748593496428,2.2760480866549324,6.237385218434767,-0.1416975802353027,-1.3071855266506813,0,R0: Calm / risk-on
2022-08-12,2022-08-12,405.8993225097656,100.77223205566406,167.8699951171875,-0.0116133149490744,-0.021722207761747,-0.0306784657549388,0.1034372186696895,0.0118499706547803,0.0,-0.0032774539671225,0.0542227824691783,19.530000686645508,-1.6199989318847656,2.8489999771118164,2.84,-0.23293,0.0846257672773009,3.5,-3.1887981950664077,0.5631550218344915,2.7061604130755863,6.339155346320282,0.7146975004652291,-2.002438020443835,0,R0: Calm / risk-on
2022-08-19,2022-08-19,401.18548583984375,98.58323669433594,162.72000122070312,-0.0398681093919799,0.0051309824508016,-0.0058997462307359,0.0662232745879478,0.0108511942447928,-0.0175938711702846,-0.045777643754103,0.0126783791432385,20.600000381469727,1.0699996948242188,2.989000082015991,2.98,-0.24036,0.0846257672773009,3.5,-3.7904107222156327,1.1702271141430134,-0.5173400145679424,6.489016238715516,1.952168990228064,0.9924006330025363,0,R0: Calm / risk-on
2022-08-26,2022-08-26,385.19097900390625,99.0890655517578,161.75999450683594,-0.0322471873970542,-0.0278739235476486,-0.0154549955792335,-0.0163468836657748,0.0128127424897061,-0.0567605461818192,-0.0311673783130967,-0.0143623139764926,25.559999465942383,4.959999084472656,3.0350000858306885,3.04,-0.23803,0.0846257672773009,3.5,0.09787601934857161,4.492559147657282,0.1863084072902934,3.9910799457949433,3.6741617396370336,1.7374530264866304,0,R0: Calm / risk-on
2022-09-02,2022-09-02,372.7696533203125,96.32706451416016,159.25999450683594,0.0366104032152165,-0.0173289874107589,0.0035163433172087,-0.0527112463908991,0.012654579884757,-0.0871773656093891,-0.0530437323053841,-0.0371634139730491,25.469999313354492,-0.0900001525878906,3.193000078201294,3.2,-0.22557,0.0822257917821882,3.6,-1.661488833327141,3.6960314782231807,-0.5079141748507431,4.822377005811953,3.32315270440681,1.2609951129412658,0,R0: Calm / risk-on
2022-09-09,2022-09-09,386.4169006347656,94.6578140258789,159.82000732421875,-0.0478508753952442,-0.0114483860669175,-0.0249030834935083,-0.0324010870554337,0.013161394384701,-0.0537585609003727,-0.0525050096566653,-0.0399856366504946,22.790000915527344,-2.769998550415039,3.321000099182129,3.33,-0.20477,0.0822257917821882,3.6,-2.7022336910719615,2.553055411708042,0.373877761563232,5.458255012064573,1.2130212403926663,-0.7600511675617485,0,R0: Calm / risk-on
2022-09-16,2022-09-16,367.926513671875,93.57413482666016,155.83999633789062,-0.045673783548669,-0.0127954058349528,-0.0181596631003424,-0.1000699977159906,0.0158537064195657,-0.0990370420965455,-0.0683806473272418,-0.0505486763651647,26.299999237060547,3.509998321533203,3.447999954223633,3.45,-0.17907,0.0822257917821882,3.6,-1.0876714284610427,4.321455872132591,0.3184527806405386,4.0551932612832005,2.6447759628062677,1.4654559355880672,0,R0: Calm / risk-on
2022-09-23,2022-09-23,351.1219177246094,92.37681579589844,153.00999450683594,-0.02927027560494,-0.0307475693371348,0.0108489884432694,-0.1270407972749029,0.0153726876442764,-0.1401874292211965,-0.0626336864645392,-0.0678376316823264,29.920000076293945,3.6200008392333984,3.697000026702881,3.69,-0.15142,0.0822257917821882,3.6,-0.8274750524138077,5.5964338645595335,-0.5201942084136463,4.53478120226004,2.3461579358781317,2.8023110928558235,2,R2: Stress / risk-off
2022-09-30,2022-09-30,340.844482421875,89.53645324707031,154.6699981689453,0.0157063539190271,-0.0118976062998084,0.0207539067166788,-0.1001349527605641,0.0154740075083309,-0.165354380136484,-0.0674628423790688,-0.0204780754027223,31.6200008392334,1.7000007629394531,3.803999900817871,3.83,-0.12626,0.0822257917821882,3.6,1.2100641056822397,5.842630453854002,-0.4537902941508208,4.409606931575496,0.6140429216130665,3.197989155492703,2,R2: Stress / risk-off
2022-10-07,2022-10-07,346.1979064941406,88.47118377685547,157.8800048828125,-0.0142231109377088,-0.0239625494616937,-0.0310362870770779,-0.1099062444603742,0.0181320277000944,-0.1522451406339418,-0.0675915393580486,-0.0122129460522276,31.36000061035156,-0.2600002288818395,3.882999897003174,3.89,-0.10743,0.0819210689642582,3.5,0.044615762645969004,5.335727975823367,0.9954910409282908,4.387716568615494,-0.023385622571769574,0.30459899975366705,2,R2: Stress / risk-off
2022-10-14,2022-10-14,341.2738952636719,86.35118865966797,152.97999572753906,0.0465844927189038,-0.0547832464513201,0.0076480468141018,-0.0751978603205934,0.0171582363599318,-0.1643028520466871,-0.0803314378741534,-0.0185226504295753,32.02000045776367,0.6599998474121129,4.010000228881836,4.0,-0.10019,0.0819210689642582,3.5,-0.504881915430649,5.433993537150135,-0.5723250760939806,4.623825396177248,0.5588723052741593,1.6353718858047133,2,R2: Stress / risk-off
2022-10-21,2022-10-21,357.1719665527344,81.62059020996094,154.14999389648438,0.0393543607291675,0.0389606674933498,-0.0064222528288895,0.017083857726494,0.0184686727618838,-0.1253723243426472,-0.1237944747199602,0.0074228719044715,29.690000534057617,-2.3299999237060547,4.2129998207092285,4.21,-0.10191,0.0819210689642582,3.5,-1.9550216232931832,3.562031638633938,-1.3874189611649064,6.1531945686186,-1.376680582024612,2.014837152851871,0,R0: Calm / risk-on
2022-10-28,2022-10-28,371.2282409667969,84.80058288574219,153.16000366210938,-0.0325688708047996,-0.02425671944408,0.0216113703280917,0.0853907682327485,0.0177627369344625,-0.0909519112911143,-0.0543434247802424,-0.0098106526921432,25.75,-3.940000534057617,4.010000228881836,4.02,-0.11225,0.0819210689642582,3.5,-3.129116876655027,2.3143079868502188,2.0512994157898183,4.827750313938127,0.3475303811165257,-0.9402934340836553,0,R0: Calm / risk-on
2022-11-04,2022-11-04,359.13775634765625,82.74359893798828,156.47000122070312,0.0588814320867052,0.0389514639843051,0.0517031780838268,0.0366954416782411,0.0158903720352405,-0.120558581047624,-0.0669302349097469,-0.0089709756065302,24.549999237060547,-1.2000007629394531,4.156000137329102,4.17,-0.1273,0.07758813957693,3.6,-1.8372266470538356,2.0349853404500244,1.193597904369614,4.801610236466144,0.9251283421383176,1.5637057272536048,0,R0: Calm / risk-on
2022-11-25,2022-11-25,383.9294738769531,90.36636352539062,163.22000122070312,0.0113839553452177,0.0431964202794545,0.0247518273245814,0.0571538456593849,0.0168452366500351,-0.0170021592102261,0.0566720715424298,0.0533526668993557,20.5,-3.4300003051757812,3.690999984741211,3.68,-0.1748,0.07758813957693,3.6,-3.116920131728514,-1.9765968379447871,4.358009213512188,3.378336871327303,-0.28126347475747276,-2.154461465446434,0,R0: Calm / risk-on
2022-12-02,2022-12-02,388.3001098632813,94.26986694335938,167.25999450683594,-0.0334963137636833,-0.0070964718755209,-0.0011957249480479,0.0923631639695365,0.0161831919471708,-0.0058117556862299,0.1134714455789112,0.0969197322486746,19.059999465942383,-1.4400005340576172,3.50600004196167,3.51,-0.18268,0.0712285645653398,3.6,-0.3837860159870079,-1.3641904439597003,5.107293583639513,2.2095339850346263,-0.08075963452725402,-0.14999967225595887,0,R0: Calm / risk-on
2022-12-09,2022-12-09,375.2934875488281,93.60088348388672,167.05999755859375,-0.0209774788074795,0.0097721351221486,-0.0016162113995377,-0.0035787547454742,0.0113395567511403,-0.0353218287943359,0.081410093722787,0.0216623821521917,22.829999923706055,3.770000457763672,3.566999912261963,3.57,-0.18747,0.0712285645653398,3.6,-0.6488263196741171,-0.6593396910696104,3.3586716111580226,2.1918163458238245,1.4557804788156834,2.321929238407079,0,R0: Calm / risk-on
2022-12-16,2022-12-16,367.4207763671875,94.51556396484376,166.7899932861328,-0.000939396546941,-0.0462139249604308,0.0028179221753239,-0.0236386188444956,0.0129110488877318,-0.0555583446868408,0.0701856651216746,0.0173570030754378,22.6200008392334,-0.2099990844726562,3.4820001125335693,3.48,-0.19064,0.0712285645653398,3.6,-0.6552082348863475,-0.5481618012358549,3.9720471019189114,2.7751043151886705,2.143877354514649,0.9076861417975025,0,R0: Calm / risk-on
2022-12-23,2022-12-23,367.07562255859375,90.14762878417967,167.25999450683594,-0.0012536233197382,-0.0254503492348822,0.0142293731972784,-0.0448909910951576,0.0133307019148913,-0.0564455499166294,-0.0024234669619599,0.0244504635913337,20.8700008392334,-1.75,3.750999927520752,3.75,-0.19718,0.0712285645653398,3.6,-1.7931896245417798,-1.0796072564091568,1.1552704164060816,4.561219518530062,-0.017123231371755167,0.7940251202487169,0,R0: Calm / risk-on
2022-12-30,2022-12-30,366.6154479980469,87.85334014892578,169.63999938964844,0.0147740142034777,0.0564482519624425,0.0239920262842627,-0.0586193008185075,0.0116494423499589,-0.0576284117786967,-0.0579955810312441,0.0106674181795309,21.670000076293945,-0.2999992370605469,3.878999948501587,3.88,-0.20733,0.0712285645653398,3.6,-1.8879354984415861,-1.4537433333811571,0.32081979070995204,3.3983801895837464,1.1247000988434126,0.8834867017963661,0,R0: Calm / risk-on
2023-01-06,2023-01-06,372.0318298339844,92.81250762939452,173.7100067138672,0.0268501359925759,0.0149265264192606,0.0290713695111821,-0.0084237109993072,0.0124074523216241,-0.0437058005493612,-0.037561235924357,0.0434135029526824,21.1299991607666,-0.3100013732910156,3.569000005722046,3.55,-0.22469,0.0640460040235715,3.5,0.21744524184163305,-1.3479767500189115,4.271006461866152,0.9825223557541449,1.4432635247016212,1.6957210316765121,0,R0: Calm / risk-on
2023-01-13,2023-01-13,382.02093505859375,94.1978759765625,178.75999450683594,-0.0065747397640305,-0.0051520632551003,0.0029648623606139,0.0023255055348178,0.0120165053569019,-0.0180291712451999,-0.0107061662821802,0.0614850166125745,18.350000381469727,-2.779998779296875,3.510999917984009,3.49,-0.24738,0.0640460040235715,3.5,-1.759616353954933,-3.421398815818412,4.086193470274249,2.0722817810528853,0.5324417670368753,0.8677027332464352,0,R0: Calm / risk-on
2023-01-20,2023-01-20,379.5092468261719,93.71256256103516,179.2899932861328,0.0247549827879423,0.0048024548865663,-0.0003903846731589,0.0395196989873251,0.0114422988244453,-0.0244853739001322,0.0263324056059654,0.0586325826322596,19.850000381469727,1.020000457763672,3.4839999675750732,3.48,-0.27184,0.0640460040235715,3.5,-1.2958701665537955,-2.731835219045392,3.0009359158533755,1.6089815769380413,1.0106573010578448,1.3549035791394646,0,R0: Calm / risk-on
2023-01-27,2023-01-27,388.9039916992187,94.16261291503906,179.22000122070312,0.0164416570945462,0.0024783500871246,-0.0321392393014365,0.0742216766619298,0.010070501387285,-0.000336526121644,0.0694549458962949,0.065185964885941,18.510000228881836,-1.3400001525878906,3.5179998874664307,3.52,-0.29276,0.0640460040235715,3.5,-3.2201442781151526,-4.043267960310478,3.3856608205691794,1.588405378166929,0.9700390589722021,-0.13192120252928022,0,R0: Calm / risk-on
2023-02-03,2023-02-03,395.2982177734375,94.39598083496094,173.4600067138672,-0.0104522983321717,-0.0310215175867456,-0.0005765369517169,0.0833343191612993,0.0105840729398427,-0.0106291549256616,0.0351466708698162,0.0170944470093811,18.329999923706055,-0.1800003051757812,3.5320000648498535,3.53,-0.30941,0.0632717851796009,3.5,-2.309653192532171,-2.4219570087288567,2.8253572177209243,0.6385536555224698,0.15727983375736906,3.014095326302796,0,R0: Calm / risk-on
2023-02-10,2023-02-10,391.16644287109375,91.4676742553711,173.36000061035156,-0.0019117251696907,-0.0097687426426436,-0.0121135561612949,0.0275298061869991,0.0105429080098149,-0.0209703541595314,-0.0388291638227397,-0.0187433988845678,20.530000686645508,2.200000762939453,3.74399995803833,3.74,-0.31667,0.0632717851796009,3.5,-3.890661148488858,-2.2975651223165086,0.4396383145447101,1.5479715801352099,1.554286894459426,2.566719020724242,0,R0: Calm / risk-on
2023-02-17,2023-02-17,390.4186401367187,90.57415008544922,171.25999450683594,-0.0267151287265974,-0.0137721234512057,-0.0169916413444948,0.0283406372987547,0.0097045313840541,-0.022841989775358,-0.0340633992211695,-0.0458217316373175,20.020000457763672,-0.5100002288818359,3.828000068664551,3.82,-0.31279,0.0632717851796009,3.5,-3.595985544128886,-2.413781208763424,0.5130266563384355,0.6789257955435148,2.1101013125670076,2.5449037718702767,0,R0: Calm / risk-on
2023-02-24,2023-02-24,379.9885559082031,89.32675170898438,168.35000610351562,0.0197035449242317,0.0115978188345364,0.0245916200745655,-0.0208965294747075,0.0105149871304078,-0.0489468918047352,-0.0552488844117401,-0.0639628879808944,21.670000076293945,1.5,3.9489998817443848,3.95,-0.29821,0.0632717851796009,3.5,-3.045682245966608,-1.2482565908626437,-0.5220466226148465,0.6492325574042356,3.1039703994637313,3.0321525915678156,0,R0: Calm / risk-on
2023-03-03,2023-03-03,387.4756774902344,90.3627471923828,172.49000549316406,-0.0452263455611621,0.0363140033633835,0.0080004033861436,-0.0306734305959331,0.0095431909810182,-0.0302077741620795,-0.0587351948592569,-0.0308822647402882,18.489999771118164,-3.1800003051757812,3.96399998664856,3.97,-0.27282,0.0595782073813708,3.6,-3.178237712861007,-1.8851008923144679,1.2083951479825883,0.4718276224143746,2.0812374737762425,1.8122867340166027,0,R0: Calm / risk-on
2023-03-10,2023-03-10,369.9515686035156,93.64418029785156,173.8699951171875,0.0144292799886625,0.0119326583635663,0.0569391466802591,-0.0534300812975864,0.0100450922916335,-0.0740679324903538,0.0122636995615159,0.0048428826428827,24.799999237060547,6.309999465942383,3.694999933242798,3.7,-0.24185,0.0595782073813708,3.6,0.4361492111179387,0.15842574093702003,3.981547032500639,-2.305546549464327,3.995427558334739,4.245320720951072,0,R0: Calm / risk-on
2023-03-17,2023-03-17,375.2897033691406,94.76160430908205,183.77000427246097,0.0147695144042774,0.0,-0.0006530465973033,-0.0420229586533782,0.0111875936682769,-0.060707399437776,0.0529416920097197,0.073484500505391,25.510000228881836,0.7100009918212891,3.3949999809265137,3.39,-0.20931,0.0595782073813708,3.6,1.7545648149671447,-2.08369573070618,5.0294910171734175,-1.1719768648721252,0.8661060942738834,2.9714119761423796,1,R1: Growth / trend
2023-03-24,2023-03-24,380.8325500488281,94.76160430908205,183.6499938964844,0.034466369866916,-0.0044922170785245,-0.0023413704877314,0.0022186410976795,0.0114965721340598,-0.0468345038439411,0.059063295153222,0.0869865571691756,21.739999771118164,-3.770000457763672,3.380000114440918,3.38,-0.1778,0.0595782073813708,3.6,0.1591574656004803,-2.7836083675566323,4.024342072879915,0.39743338152341257,-0.7757308164537642,0.8253191222014259,1,R1: Growth / trend
2023-03-31,2023-03-31,393.9584655761719,94.3359146118164,183.22000122070312,-0.0004887200484674,0.0228932994209285,0.017847419772266,0.0165924073654911,0.0116783052048275,-0.0139823493090438,0.0430298780904412,0.0603483276267493,18.700000762939453,-3.039999008178711,3.49399995803833,3.48,-0.15908,0.0595782073813708,3.6,-0.7433666066960765,-3.2607480335556986,3.5947087772379795,0.7939573233000813,-0.8358577123583724,0.1196843831608748,1,R1: Growth / trend
2023-04-07,2023-04-06,393.7659301757813,96.49557495117188,186.4900054931641,0.0079915231604126,-0.0317882824204048,-0.0006971144778977,0.047850144733011,0.0101811275134721,-0.0144642359030793,0.0638999033343843,0.0914034495900451,18.399999618530273,-0.6200008392333984,3.288000106811523,3.39,-0.15515,0.0491771936288996,3.5,-0.3060056434025431,-4.64591651605724,4.853805023523722,0.9246774341169952,0.6650319597347342,-0.7183850930618949,1,R1: Growth / trend
2023-04-14,2023-04-14,396.9127197265625,93.42814636230467,186.36000061035156,-0.0006303996083049,-0.0064712725507671,-0.0113221753779837,0.0442566274672518,0.0084602312755624,-0.0065883040188837,0.0007256539566779,0.0426995679987315,17.06999969482422,-1.329999923706055,3.5220000743865967,3.52,-0.15837,0.0491771936288996,3.5,-1.0106164821929555,-4.193532979071683,1.8649046147359793,1.4956439150325818,0.1943823130213481,2.0832274647467393,1,R1: Growth / trend
2023-04-21,2023-04-21,396.6625061035156,92.82354736328124,184.25,0.009048890211502,0.0197317764549544,0.0029850911900017,0.0472665025936494,0.006013149775882,-0.0072145503629158,-0.0164435917668495,-0.0080543448528968,16.770000457763672,-0.2999992370605469,3.569999933242798,3.57,-0.16957,0.0491771936288996,3.5,-2.1853581035369043,-4.318268019315247,1.5327789888547851,1.283555538645028,1.9523727622381377,1.7106249979899029,0,R0: Calm / risk-on
2023-04-28,2023-04-28,400.2518615722656,94.65512084960938,184.8000030517578,-0.0079338471953656,-0.0122610190224007,0.014393958972849,0.0298448233514396,0.007935568257052,0.0,0.0182476584033488,0.003360675194839,15.779999732971191,-0.9900007247924804,3.4519999027252197,3.44,-0.18305,0.0491771936288996,3.5,-1.2998697453552395,-3.6682598396669124,2.8336189342825904,0.30244360899110734,2.5540938045237738,0.4171375350879055,0,R0: Calm / risk-on
2023-05-05,2023-05-05,397.0763244628906,93.49455261230467,187.4600067138672,-0.0025205594756658,-0.0059108811950007,-0.0034674550943849,0.0083718683533376,0.0089953131428717,-0.0079338471953656,-0.03159397809883,0.0051878773343745,17.190000534057617,1.4100008010864258,3.446000099182129,3.44,-0.19385,0.0495007987912436,3.4,-1.2142020774559132,-2.5064302941428127,1.7116915125958108,0.7526906971172135,0.24325714164771642,2.2227630792857314,0,R0: Calm / risk-on
2023-05-12,2023-05-12,396.0754699707031,92.9419174194336,186.80999755859375,0.017080269283261,-0.0304016152245883,-0.0169691034225886,-0.0021116331310978,0.0085491201894846,-0.0104344089373047,-0.0052178985851645,0.002411754259826,17.030000686645508,-0.1599998474121093,3.4630000591278076,3.46,-0.20227,0.0495007987912436,3.4,-2.17537805732487,-3.045554415141067,2.030306171319532,0.7047644374036288,0.7100920170591302,0.7908195655829356,0,R0: Calm / risk-on
2023-05-19,2023-05-19,402.8405456542969,90.1163330078125,183.63999938964844,0.0033443232525616,-9.913875429568007e-05,-0.0148115945858385,0.0154550067298954,0.0092609874239058,-0.001455045926802,-0.0295989261116035,-0.0033162150120555,16.809999465942383,-0.220001220703125,3.691999912261963,3.7,-0.20896,0.0495007987912436,3.4,-2.360307627949786,-2.8267879050173823,0.44370801511103425,1.255885913650923,0.11543640790434438,1.7168015839834612,0,R0: Calm / risk-on
2023-05-26,2023-05-26,404.1877746582031,90.1073989868164,180.9199981689453,0.0188085930495283,0.0115846356780633,0.0007185766312638,0.009785555848459,0.0083385246916846,0.0,-0.0492376982356379,-0.0212192412325797,17.950000762939453,1.1400012969970703,3.809999942779541,3.8,-0.21308,0.0495007987912436,3.4,-2.2136591567943773,-2.4016235810495643,0.6046313297317308,0.8003334009461688,1.3675298100515534,0.34795982682941673,0,R0: Calm / risk-on
2023-06-02,2023-06-02,411.78997802734375,91.15126037597656,181.0500030517578,0.0046269568817183,-0.0006865104627978,0.0054680487030536,0.0547282211930449,0.0081949868266328,0.0,-0.0287142632555448,-0.0505639440786023,14.600000381469728,-4.539999008178713,3.690999984741211,3.69,-0.2151,0.0413185123138504,3.6,-2.1895909475797732,-3.85417065206557,1.3878444768819431,0.88128021279492,1.061193778062987,-1.4244612192619839,0,R0: Calm / risk-on
2023-06-09,2023-06-09,413.6953125,91.08868408203124,182.0399932861328,0.0260350275244083,0.006671984733285,-0.0022521886312965,0.0422135921627878,0.0073125861051645,0.0,-0.028545609272627,-0.0275771823156877,13.829999923706056,-0.7700004577636719,3.744999885559082,3.75,-0.2169,0.0413185123138504,3.6,-2.864261469307014,-3.811335450812224,0.6790483430203641,1.0233138451840462,1.735669971569636,-0.7116920170027722,0,R0: Calm / risk-on
2023-06-16,2023-06-16,424.46588134765625,91.69642639160156,181.6300048828125,-0.0142220469227684,0.0071148332691839,-0.0188845886822683,0.0508347079501452,0.0071431537757888,-0.0034060990503663,0.0102855718009868,-0.0011554817604582,13.539999961853027,-0.2899999618530291,3.7690000534057617,3.77,-0.21796,0.0413185123138504,3.6,-2.5596380728613815,-3.95266726988755,1.2360553180466252,0.5532442995366116,2.344900454493841,-1.1457543882851111,0,R0: Calm / risk-on
2023-06-23,2023-06-23,418.4291076660156,92.3488311767578,178.1999969482422,0.0232451334084793,-0.0037741816038633,0.0003928581673269,0.0561180584681803,0.0068160135474813,-0.0175797042726169,0.0301256196546281,-0.0208254093744167,13.4399995803833,-1.0600004196166992,3.739000082015991,3.74,-0.21997,0.0413185123138504,3.6,-2.199558245714263,-3.8355720122321757,1.1609240141984425,0.33552784380297623,2.231012401657649,-0.5562133681650583,0,R0: Calm / risk-on
2023-06-30,2023-06-30,428.1555480957031,92.0002899169922,178.27000427246094,-0.0106706431545251,-0.0348911844448415,0.0020754760100976,0.0533305811190157,0.0065956875200747,0.0,-0.0017471742745792,-0.0303312495576924,13.59000015258789,0.1500005722045898,3.819000005722046,3.81,-0.224,0.0413185123138504,3.6,-2.3596208948762722,-3.5079354379824177,0.6233020246647131,0.6808225243722599,2.135692864264269,-0.42020491884558403,0,R0: Calm / risk-on
2023-07-07,2023-07-07,423.58685302734375,88.79029083251953,178.63999938964844,0.0244671253667301,0.022305186639435,0.0156179651571051,0.0314517889367442,0.0063432268014783,-0.0118075384335203,-0.0152997185971432,-0.0084171991986694,14.829999923706056,1.2899999618530291,4.050000190734863,4.06,-0.2301,0.0307061707299709,3.6,-2.9961107942926826,-2.70151948605349,-1.359247999868744,1.4679042483620042,2.6103743728103463,1.5764512729804356,0,R0: Calm / risk-on
2023-07-14,2023-07-14,433.9508056640625,90.7707748413086,181.42999267578125,0.0064547072019802,0.0043441033487099,0.0041338258847878,0.0310089083213395,0.0063822871003277,-0.000622831738021,-0.0044767028682728,0.0043637669901557,13.34000015258789,-1.4899997711181658,3.819000005722046,3.83,-0.23886,0.0307061707299709,3.6,-2.909339293396301,-4.060356138913686,1.6886378328964624,0.38097093339008953,3.2998580802222697,-1.5079397840136126,0,R0: Calm / risk-on
2023-07-21,2023-07-21,436.7518310546875,91.16509246826172,182.17999267578125,0.0104826305923271,-0.018873495285162,-0.0017564610730836,0.035268897776404,0.0058309626398174,-0.0066345902834227,-0.0029808595245668,0.0248421231361635,13.600000381469728,0.2600002288818377,3.836999893188477,3.84,-0.25176,0.0307061707299709,3.6,-3.6513716110724075,-3.625579997393677,0.6929233126895895,0.621087269699236,3.303793061717958,-0.45082207416297765,0,R0: Calm / risk-on
2023-07-28,2023-07-28,441.33013916015625,89.44448852539062,181.86000061035156,-0.0221264645604682,-0.030196863302509,-0.0091828778364705,0.0420383721530519,0.0055124934054776,0.0,-0.0164478772435291,0.0265791064125895,13.329999923706056,-0.2700004577636719,3.9690001010894775,3.96,-0.26673,0.0307061707299709,3.6,-3.657806805737829,-2.961773578505236,-1.0718106707190511,1.4620763443900844,2.870400210464358,0.7989611735739156,0,R0: Calm / risk-on
2023-08-04,2023-08-04,431.5650634765625,86.74354553222656,180.19000244140625,-0.0025963255445452,-0.0120171685144221,-0.014373696114094,0.0186597066199931,0.0059639305208485,-0.0239848172146106,-0.0233212935765242,0.0086392591725434,17.100000381469727,3.77000045776367,4.059999942779541,4.05,-0.28273,0.0328774926842829,3.5,-2.6897543484026327,-0.11389650141765009,-1.753612521743654,-0.2632572466073169,3.370331253986751,4.262123362013866,0,R0: Calm / risk-on
2023-08-11,2023-08-11,430.444580078125,85.70113372802734,177.60000610351562,-0.0205315804369686,-0.016776522856411,-0.0127815551489218,-0.00811259493908,0.0058763773883771,-0.0265188703655404,-0.0574713162690026,-0.021335999087968,14.84000015258789,-2.260000228881836,4.168000221252441,4.16,-0.30019,0.0328774926842829,3.5,-4.237165788337234,-1.2825096883746119,-1.3319507704292863,0.5733543414899791,2.282207444576705,0.9521841526317907,0,R0: Calm / risk-on
2023-08-18,2023-08-18,421.60687255859375,84.26336669921875,175.3300018310547,0.0079494968373272,0.0154631670518936,0.0130610463823495,-0.0352918432308254,0.0063313645423518,-0.0465059764825015,-0.0787248539546164,-0.038325246187951,17.299999237060547,2.459999084472656,4.250999927520752,4.26,-0.31604,0.0328774926842829,3.5,-3.1419929308718726,-0.24110526665499715,-2.068857963413062,-0.17220309703494133,4.033789322053413,1.7363053646921947,0,R0: Calm / risk-on
2023-08-25,2023-08-25,424.95843505859375,85.56634521484375,177.6199951171875,0.0255018334599876,-0.000897876410834,0.0140187229006578,-0.0378018459705704,0.0072626866676189,-0.0389261787581386,-0.0443261504519588,-0.0235907543137886,15.68000030517578,-1.6199989318847674,4.238999843597412,4.25,-0.32851,0.0328774926842829,3.5,-2.687819420018481,-0.22583244930738738,0.10582631788767338,-0.6365194583993373,2.624606432347462,-0.043115834690755486,0,R0: Calm / risk-on
2023-09-01,2023-09-01,435.795654296875,85.48951721191406,180.11000061035156,-0.0125668130143152,-0.0050607383196603,-0.0112708831959229,0.0097551671024782,0.0076104486291828,-0.0144170342260747,-0.0145622502547833,-0.0004440845500517,13.09000015258789,-2.590000152587889,4.172999858856201,4.18,-0.33725,0.0372250480350528,3.7,-3.5122439651034028,-2.4874347458869397,0.3827641644643025,-0.2561617755093955,2.379244430271664,-0.965403405073543,0,R0: Calm / risk-on
2023-09-08,2023-09-08,430.319091796875,85.05687713623047,178.0800018310547,-0.0013155378996895,-0.0149411920357535,0.0014599871078313,-0.0008750348261312,0.0074038179016674,-0.0268026710670499,-0.0098499045051578,0.0026990328847262,13.84000015258789,0.2700004577636701,4.257999897003174,4.26,-0.34271,0.0372250480350528,3.7,-4.141131321423413,-1.942491969028408,-1.037772884299772,0.10561760368314657,2.677864782953539,-0.24361472389860653,0,R0: Calm / risk-on
2023-09-15,2023-09-15,429.75299072265625,83.78602600097656,178.33999633789062,-0.0292080482619623,-0.0164584745112958,0.0015700279524868,0.0196184848200639,0.0073872146846412,-0.0280829490371378,-0.0021554785718489,0.0171930108363469,13.789999961853027,-0.0500001907348632,4.322000026702881,4.33,-0.34234,0.0372250480350528,3.7,-3.5434926668147724,-1.34601532892367,-1.0600020800212355,-0.45560500394976716,4.0159870868682095,0.18280667192054503,0,R0: Calm / risk-on
2023-09-22,2023-09-22,417.20074462890625,82.40703582763672,178.6199951171875,-0.0068306000936007,-0.0299679990889947,-0.0401410724719888,-0.0113988267136837,0.0074526257341003,-0.0564707491682852,-0.0343603745526952,0.0043200842066279,17.200000762939453,3.410000801086426,4.438000202178955,4.44,-0.3375,0.0372250480350528,3.7,-2.704719133164302,0.46829604554081317,-1.9985119982124542,-0.711522362918365,4.123269733863839,1.2190155939699798,0,R0: Calm / risk-on
2023-09-29,2023-09-29,414.35101318359375,79.93746185302734,171.4499969482422,0.0048189447005306,-0.0409458764409242,-0.0102070576328344,-0.0485965682172577,0.00690358854243,-0.0629156201573313,-0.0828503748941951,-0.0487763184529624,17.520000457763672,0.3199996948242187,4.572999954223633,4.59,-0.32847,0.0372250480350528,3.7,-2.0153044032350285,1.2998454996509974,-4.834216638420551,-0.5165393350382539,1.908561756289809,2.86935475486997,0,R0: Calm / risk-on
2023-10-06,2023-10-06,416.3477478027344,76.66435241699219,169.6999969482422,0.0045630384721468,0.0332584303207925,0.0538008547259851,-0.0330061641504682,0.0081549615030524,-0.0583998623511383,-0.1038833415591248,-0.0482007435525087,17.450000762939453,-0.0699996948242187,4.783999919891357,4.78,-0.31616,0.0368720663811925,3.7,-1.3553416266128908,1.815316592995766,-6.141745593228581,0.3020985072296039,1.2327326396650964,1.6962453702104996,0,R0: Calm / risk-on
2023-10-13,2023-10-13,418.24755859375,79.2140884399414,178.8300018310547,-0.0238933783655994,-0.0498800462189734,0.0266174269311525,-0.0271371007975338,0.0077211158327341,-0.0541033046976676,-0.0561120720745272,0.0027438239667168,19.31999969482422,1.8699989318847656,4.629000186920166,4.63,-0.3049,0.0368720663811925,3.7,-0.5035498973373662,1.067893367805123,0.1583397763304896,-2.1873326743986983,1.8069286470067933,-0.4126897971767656,0,R0: Calm / risk-on
2023-10-20,2023-10-20,408.2542114257813,75.26288604736328,183.58999633789065,-0.0249531420783614,0.013575260138084,0.013944101583194,-0.0216774603514003,0.0082509610852207,-0.0767039723332965,-0.090683687405075,0.0274443736054732,21.709999084472656,2.3899993896484375,4.923999786376953,4.93,-0.29531,0.0368720663811925,3.7,-1.00388579378342,1.8124884791715723,-4.879695922350187,-0.4607547953674238,1.1454861560045269,1.8943917895625881,0,R0: Calm / risk-on
2023-10-27,2023-10-27,398.0669860839844,76.28459930419922,186.1499938964844,0.0584639867695595,0.0422052701455928,-0.0073059395914236,-0.0400931746620737,0.0085675302849998,-0.0865742185377298,-0.0467735281934573,0.0822611064213338,21.270000457763672,-0.4399986267089844,4.84499979019165,4.84,-0.28937,0.0368720663811925,3.7,-0.11406932645234603,2.314510708561978,-1.2950896354177868,-2.239719292755468,1.537958074148432,-0.6943359922200055,0,R0: Calm / risk-on
2023-11-03,2023-11-03,421.3395690917969,79.50421142578125,184.7899932861328,0.0136189195561062,0.0041085232040301,-0.0285729691603008,0.01191824270619,0.0098137055088587,-0.0331717057353451,0.0363731602322522,0.0851878545999885,14.90999984741211,-6.3600006103515625,4.558000087738037,4.57,-0.28842,0.0325126590986117,3.9,-1.060238743798468,-2.142553110810839,0.5911227828014465,0.37562059598885095,-0.0895061515874129,-4.474521273570744,0,R0: Calm / risk-on
2023-11-10,2023-11-10,427.0777587890625,79.83085632324219,179.50999450683594,0.0231044603002155,0.0232981223461545,0.023174217533336,0.0208925988857265,0.0102170574539076,-0.0200045489711874,0.0077559330916963,0.0037952419430728,14.170000076293944,-0.7399997711181658,4.627999782562256,4.61,-0.29318,0.0325126590986117,3.9,-0.8292233668381123,-1.6340618240577387,-1.3764793065660996,1.2946408852765507,0.3669512403379692,-2.4027460064259976,0,R0: Calm / risk-on
2023-11-17,2023-11-17,436.9451599121094,81.69076538085938,183.6699981689453,0.0100045265273991,-0.0026657334778319,0.0100724458101968,0.0679176474303933,0.0092677634977424,0.0,0.0819538325205773,0.0004356686462814,13.800000190734863,-0.3699998855590802,4.440999984741211,4.44,-0.30172,0.0325126590986117,3.9,-1.6761824104513048,-3.283326272522665,1.0021721629688585,0.8105323006371291,1.5836764444411584,-2.8034839317639655,0,R0: Calm / risk-on
2023-11-24,2023-11-24,441.3165893554687,81.4729995727539,185.52000427246097,0.0083462058319092,0.0388022881535043,0.034982697741013,0.0985991380258104,0.0074046127039806,0.0,0.0615425534647867,0.0081726418711752,12.460000038146973,-1.859999656677248,4.4720001220703125,4.47,-0.31227,0.0325126590986117,3.9,-3.1270775542386082,-4.578941864775777,0.1910787800342414,2.1544879018146026,0.6853921411738157,-3.344204364994075,0,R0: Calm / risk-on
2023-12-01,2023-12-01,444.9999084472656,84.63433837890625,192.0099945068359,0.0023960075593085,0.0166685116420954,-0.0331753309693505,0.0637169504494012,0.0060949335782828,0.0,0.0692854553579908,0.0419597329667737,12.630000114440918,0.1700000762939453,4.22599983215332,4.22,-0.32346,0.0313334627459118,3.7,-1.641453044074683,-2.2149371180436783,2.8775265723123846,-2.864570788906243,1.1841613541173395,-0.6371995468147197,0,R0: Calm / risk-on
2023-12-08,2023-12-08,446.0661315917969,86.0450668334961,185.63999938964844,0.0239739558087515,0.0521416774227643,0.0073260106379176,0.0589852909848508,0.0060584957516929,0.0,0.0805453935762691,0.0226087250498082,12.350000381469728,-0.2799997329711896,4.244999885559082,4.23,-0.33386,0.0313334627459118,3.7,-2.292594376171132,-2.4932574400221643,0.9422928754816752,-1.1925288233294167,-0.15674086276223398,-1.1587182412571786,0,R0: Calm / risk-on
2023-12-15,2023-12-15,456.7601013183594,90.53160095214844,187.0,0.0092047131327579,-0.006757452580692,0.0174866538634275,0.0455936161325068,0.004518824508669,-0.001646566789845,0.1074335569365178,0.0178590494057094,12.279999732971191,-0.0700006484985369,3.927999973297119,3.91,-0.34267,0.0313334627459118,3.7,-1.6022817532038693,-2.8780045371132235,3.1740351224465435,-2.223747496930647,0.5004812886438437,-1.5593656216492258,0,R0: Calm / risk-on
2023-12-22,2023-12-22,460.9644470214844,89.91983795166016,190.27000427246097,0.0035046944752898,0.0040616926578738,0.00473008817089,0.0435584110119496,0.0059504275896289,-0.0025059384540406,0.0986469122336144,0.0252814225301089,13.029999732971191,0.75,3.901000022888184,3.9,-0.35159,0.0313334627459118,3.7,-1.6426555738665873,-2.770325624293592,1.5618149627042748,-1.1384091094293878,0.5395829457939741,-1.083869268922088,0,R0: Calm / risk-on
2023-12-29,2023-12-29,462.5799865722656,90.28506469726562,191.1699981689453,-0.0155477492444329,-0.0261933485011294,-0.0095202808121664,0.0446438180891715,0.0059707873581122,-0.002894980406964,0.0832907241562302,0.012739686833644,12.449999809265137,-1.199999809265135,3.865999937057495,3.88,-0.36066,0.0313334627459118,3.7,-2.1015564848757515,-3.0042642851453594,1.4167688880589704,-1.0358403089663122,0.5777661907887298,-0.8537558358377856,0,R0: Calm / risk-on
2024-01-05,2024-01-05,455.3879089355469,87.92019653320312,189.3500061035156,0.018721094566058,0.0023883457267328,0.0019012442500518,0.0325736731502646,0.0063084850501411,-0.0183977192219619,0.0075882405193311,0.0080066694380097,13.350000381469728,0.8800001144409197,4.041999816894531,4.05,-0.369,0.0331590994271029,3.8,-3.5440126362059514,-0.32046739867321644,-1.0940379537751308,-2.565680509141385,0.14420329822302555,0.35969187297491795,0,R0: Calm / risk-on
2024-01-12,2024-01-12,463.9132690429687,88.13018035888672,189.7100067138672,0.0120626174636599,-0.0251761713018483,-0.0093828157455641,0.0170956571495457,0.0062014125473458,-2.10500972580574e-05,-9.32311138958422e-05,0.0110246612317066,12.699999809265137,-0.6500005722045916,3.950000047683716,3.96,-0.37752,0.0331590994271029,3.8,-4.181812967309184,-1.208731496666722,-0.0006793463417046398,-3.0020505938051727,-0.10836144966401744,-1.5941306534949533,0,R0: Calm / risk-on
2024-01-19,2024-01-19,469.50927734375,85.9113998413086,187.92999267578125,0.0103227324490018,-0.0032945019967445,-0.0048954302389215,0.0158580563362644,0.0069887316735623,0.0,-0.0497564114274912,-0.0063651210222044,13.300000190734863,0.8600006103515625,4.145999908447266,4.15,-0.38557,0.0331590994271029,3.8,-4.133881145201469,-0.21815948732922105,-1.9105192571222442,-2.3391842816131074,-0.39595905283011107,-1.0645714952835934,0,R0: Calm / risk-on
2024-01-26,2024-01-26,474.35589599609375,85.62836456298828,187.0099945068359,0.0142386359381496,0.0277147526689802,0.0085557250976613,0.0226169337162196,0.0058550434350895,-0.0012704111025141,-0.069305648863947,-0.0294014959340761,13.260000228881836,-0.0399999618530273,4.159999847412109,4.15,-0.39271,0.0331590994271029,3.8,-5.499901271997248,-1.26320813361043,-1.3244634738574488,-2.506125182586054,0.8837048176029854,-1.4144849461844966,0,R0: Calm / risk-on
2024-02-02,2024-02-02,481.1100769042969,88.00153350830078,188.61000061035156,0.0138563775549849,-0.0231080796741126,-0.005354936130468,0.056315259814535,0.0073014176430238,0.0,-0.0086869994080983,-0.0037573494258945,13.850000381469728,0.5900001525878924,4.0329999923706055,4.03,-0.39896,0.0308834298648557,3.7,-0.1912207742372372,-2.7416599659769383,1.3875412606577835,-0.3151753139133911,1.8022370221571729,1.9718217526046926,0,R0: Calm / risk-on
2024-02-09,2024-02-09,487.7765197753906,85.96798706054688,187.6000061035156,-0.0033717978853265,-0.0116143988691511,-0.0067164697474992,0.0508522086611075,0.0069931355031878,0.0,-0.0268066313303865,-0.0014381391819731,12.93000030517578,-0.9200000762939488,4.186999797821045,4.17,-0.40587,0.0308834298648557,3.7,-2.3964421749101867,-3.9946401223167736,-0.7462932700363029,1.6097917311933587,0.3766483326202992,1.7497755277684905,0,R0: Calm / risk-on
2024-02-16,2024-02-16,486.1318359375,84.96952056884766,186.33999633789065,0.0166964352077847,0.0119665533070698,0.0122356918756321,0.0347917959715906,0.0074958829443849,-0.0049799822528089,-0.0110239201522702,-0.0084965717259437,14.239999771118164,1.3099994659423846,4.295000076293945,4.3,-0.41271,0.0308834298648557,3.7,-1.3442945691133086,-2.056454029283297,-1.3410613859447968,0.6973174064309866,1.715991687410249,3.460710934158757,0,R0: Calm / risk-on
2024-02-23,2024-02-23,494.2485046386719,85.98631286621094,188.6199951171875,0.0098453061291274,0.0095538773342342,0.0226381316032164,0.0398093423772852,0.0087559925106584,0.0,0.0022542784457387,0.007877386642407,13.75,-0.2600002288818359,4.260000228881836,4.26,-0.42061,0.0308834298648557,3.7,-1.069184332322229,-2.1902489254560047,0.5290505235743612,0.1829223247115695,1.4468729922383192,1.956363230852756,0,R0: Calm / risk-on
2024-03-01,2024-03-01,499.1145324707031,86.80781555175781,192.88999938964844,-0.0022033649067852,0.0133375824414572,0.0453108275225238,0.0472118949330363,0.007395367351112,0.0,-0.0359940709417115,0.0129404138526563,13.109999656677246,-0.6400003433227539,4.179999828338623,4.19,-0.42873,0.0315707414164869,3.9,-1.6767869574783894,-2.528233626085667,0.641122192583216,-1.6383185529100546,0.88290652099814,0.6413883975311941,0,R0: Calm / risk-on
2024-03-08,2024-03-08,498.0148010253906,87.96562194824219,201.6300048828125,-0.0005978326177745,-0.0291445754187181,-0.0095223831892541,0.0265352104666702,0.0078680348815093,-0.0060021964380669,0.0209487352343898,0.0682386059374383,14.739999771118164,1.630000114440918,4.089000225067139,4.09,-0.43504,0.0315707414164869,3.9,-0.4661080522033907,-1.3394510568728784,3.176555775850749,-2.7557784522434745,3.2956639119911273,0.02461330931859333,0,R0: Calm / risk-on
2024-03-15,2024-03-15,497.7170715332031,85.40190124511719,199.7100067138672,0.0223210921594956,0.0111902144383881,0.0032046435738464,0.0185595079642688,0.0072852193425422,-0.010383478083794,-0.0007293344158019,0.0729492842022011,14.40999984741211,-0.3299999237060547,4.303999900817871,4.31,-0.43867,0.0315707414164869,3.9,-2.084902557894118,-1.2421371026493584,-0.018191775060528142,-1.137520068125337,1.0961945804939575,0.44113087674109974,0,R0: Calm / risk-on
2024-03-22,2024-03-22,508.82666015625,86.3575668334961,200.3500061035156,0.0035685942593493,0.0068100183946386,0.0268030693965288,0.0290689722289586,0.0059478256258009,-0.001895671443449,0.0043082996876098,0.0603314843177148,13.0600004196167,-1.3499994277954102,4.2179999351501465,4.22,-0.44003,0.0315707414164869,3.9,-3.076256454810525,-2.735878121513625,1.5595898008929068,-1.7114447605059795,0.2819776841543661,-0.6520323660660752,0,R0: Calm / risk-on
2024-04-12,2024-04-12,498.71282958984375,83.24132537841797,216.88999938964844,-0.0307134663442056,-0.0126258786518477,0.0190880142067353,-0.0048917530150336,0.0070669125929168,-0.0235486750034999,-0.0259472448438168,0.0793244422139907,17.309999465942383,1.279998779296875,4.499000072479248,4.5,-0.42794,0.0348683491208365,3.9,1.9792401426074742,1.8672406446369076,-0.12493495694559907,-2.901427374734241,0.6877872058419012,2.6652871817218036,0,R0: Calm / risk-on
2024-04-19,2024-04-19,483.3956298828125,82.1903305053711,221.02999877929688,0.0264560880025315,-0.0102075114563452,-0.0199520593877071,-0.0531694514078536,0.0067993340830395,-0.0535388799105349,-0.0399435979988531,0.0901792558242775,18.709999084472656,1.3999996185302734,4.614999771118164,4.62,-0.422,0.0348683491208365,3.9,2.4135239178628476,3.9040777673279883,-1.1323742668483339,-2.754556866485432,2.578375928428184,1.1924091527271359,0,R0: Calm / risk-on
2024-04-26,2024-04-26,496.1843872070313,81.35137176513672,216.6199951171875,0.0059615092468956,0.0216993765384552,-0.0168958936654962,-0.028722044649082,0.0080150117774986,-0.0284992212264736,-0.0665056694834548,0.0516286170261539,15.029999732971191,-3.679999351501465,4.669000148773193,4.67,-0.41684,0.0348683491208365,3.9,-0.8129817617281938,0.7965280268614332,-1.9914057137043728,-0.23614769165834412,-2.273554613393078,-2.1787012767421587,0,R0: Calm / risk-on
2024-05-03,2024-05-03,499.1423950195313,83.11664581298828,212.9600067138672,0.0186782774018274,0.0031165939143209,0.0270003748061751,-0.0138680190515054,0.0087807613671928,-0.0227076103504488,-0.0136082321354671,-0.0101845899936375,13.489999771118164,-1.5399999618530271,4.5,4.5,-0.41469,0.0336079512621967,3.9,0.6372995612225262,0.2666529604354433,-0.37481785603056883,-0.8385863143254125,-0.1577802061593321,-0.8820481435441181,0,R0: Calm / risk-on
2024-05-10,2024-05-10,508.4655151367187,83.37568664550781,218.7100067138672,0.0165309057499258,0.0140924165312221,0.0226326953330402,0.0193669580600407,0.008093545569969,-0.0044534719938795,0.0016128160574061,0.0083563723116288,12.550000190734863,-0.9399995803833008,4.504000186920166,4.5,-0.41456,0.0336079512621967,3.9,-2.0517861495076515,-2.356120882662009,0.8991713541899748,0.011606874604667894,0.05931417253836165,-1.2578375488772575,0,R0: Calm / risk-on
2024-05-17,2024-05-17,516.8709106445312,84.55065155029297,223.66000366210935,-1.8775654895386573e-05,-0.0001096350434385,-0.034606122536138,0.0669577262016047,0.0070312379166306,-0.0006229870049559,0.0283131200213009,0.0118286245850402,11.989999771118164,-0.5600004196166992,4.420000076293945,4.42,-0.41531,0.0336079512621967,3.9,-1.8914944130839964,-3.2945311726144597,2.332140918166403,-0.5725161287292166,0.3628162323316477,-1.1409049508769729,0,R0: Calm / risk-on
2024-05-24,2024-05-24,516.8612060546875,84.5413818359375,215.9199981689453,-0.0039098968925589,-0.0101771427292535,-0.0028714112747555,0.0408267721792601,0.0067520191328468,-0.0036130298750635,0.038463444323394,-0.0032366836371748,11.93000030517578,-0.0599994659423845,4.4670000076293945,4.46,-0.41568,0.0336079512621967,3.9,-1.817252653202275,-2.68015835207866,0.22141130940917464,-0.04479621615329454,-0.03865996545181586,-0.6840224760402961,0,R0: Calm / risk-on
2024-05-31,2024-05-31,514.84033203125,83.68099212646484,215.3000030517578,0.0125907749766926,0.0150652315527521,-0.0171853083873516,0.0432846296316941,0.0059272579965031,-0.0075088001933413,0.0168354053311463,0.0101300874615946,12.920000076293944,0.1499996185302716,4.513999938964844,4.51,-0.41507,0.0336079512621967,3.9,-0.37658491783866277,-0.8133146567707107,-0.9974272855826083,-0.5085242916218112,0.7602011738374974,1.3736853853432378,0,R0: Calm / risk-on
2024-06-07,2024-06-07,521.3225708007812,84.94166564941406,211.6000061035156,0.016423049801618,0.034644622154774,0.0195179088133061,0.026258926582033,0.0055162601746298,-0.0012343448623435,0.0129646540908056,-0.0249691693489828,12.220000267028809,-0.6999998092651349,4.429999828338623,4.43,-0.41158,0.0324427858400311,3.9,-1.0758026161309775,-1.71614660141463,-0.14825622673502364,-1.632239827642969,-2.359261643338936,0.43035474204737667,0,R0: Calm / risk-on
2024-06-14,2024-06-14,529.88427734375,87.88443756103516,215.72999572753903,0.0064235677564474,-0.0074996599152943,-0.0044036386550619,0.0263019672193191,0.0050592819747858,0.0,0.0319106711980299,-0.0197362891663111,12.65999984741211,0.4399995803833008,4.2129998207092285,4.2,-0.40591,0.0324427858400311,3.9,-0.9682601041795037,-3.0793373623918194,2.8389634942392328,-2.4201195947487086,0.7047935130164283,-1.4367142551756296,0,R0: Calm / risk-on
2024-06-21,2024-06-21,533.2880249023438,87.22533416748047,214.77999877929688,-0.0005326532828849,-0.0232014050102691,0.0010708433226847,0.0305509220508505,0.0053065646274897,-0.0040535951805509,0.0277578575835332,-0.0245131814203855,13.199999809265137,1.260000228881836,4.256999969482422,4.25,-0.39874,0.0324427858400311,3.9,-0.401538590724211,-2.52313506188552,0.6246666289018863,-1.5553052760544472,-1.167991900560588,0.640648613587902,0,R0: Calm / risk-on
2024-06-28,2024-06-28,533.0039672851562,85.20158386230469,215.0099945068359,0.019146689062089,0.0117063360943705,0.0275335952755308,0.0437387784774949,0.0042277496465707,-0.0045840893026555,0.0247750311681139,-0.0072293415128287,12.4399995803833,-0.7600002288818359,4.3429999351501465,4.36,-0.39103,0.0324427858400311,3.9,-0.6317175748272525,-1.6910283217461377,-1.3553251396838273,-0.9513687119901779,-1.0426273811906182,1.0423858032174658,0,R0: Calm / risk-on
2024-07-05,2024-07-05,543.209228515625,86.19898223876953,220.92999267578125,0.0096459077252206,0.0149093582709498,0.0098674150492981,0.0398904699939204,0.0035100122121113,0.0,-0.0053230831039784,0.0141768088385371,12.479999542236328,0.239999771118164,4.271999835968018,4.28,-0.38439,0.0297025794864709,4.1,-1.2945955592180047,-3.182821121372803,0.6196548870639575,-2.0697979408017138,-0.3594555650044786,-1.6458378867521186,0,R0: Calm / risk-on
2024-07-12,2024-07-12,548.448974609375,87.4841537475586,223.11000061035156,-0.0196431297956284,-0.0108580280521296,-0.0061853116356833,0.0370553695133089,0.0044430002084147,-0.002369456197479,0.0184071536319163,0.0383300666505619,12.460000038146973,-0.0199995040893554,4.189000129699707,4.18,-0.3791,0.0297025794864709,4.1,-0.16099961896916173,-3.0822492699054966,1.7244743566704999,-2.5786094415309657,0.5712718337735893,-2.3915656452533045,0,R0: Calm / risk-on
2024-07-19,2024-07-19,537.6757202148438,86.53424835205078,221.72999572753903,-0.008288078967643,0.0007533800490679,-0.0049609473951292,0.006852245301887,0.0060960186149713,-0.0280954164052827,-0.0079545478808503,0.0162316508724709,16.520000457763672,4.060000419616699,4.238999843597412,4.25,-0.37365,0.0297025794864709,4.1,2.2331793589245708,0.7158231172139032,-1.1697873683438553,-2.802254628245206,2.186821708267353,0.048459856742944764,0,R0: Calm / risk-on
2024-07-26,2024-07-26,533.2194213867188,86.59944152832031,220.6300048828125,-0.0211957807608215,0.0604108340920195,0.0213479189178273,-0.0035388377724089,0.0087691457127917,-0.03615063834313,-0.0025075219841105,0.0258955714826614,16.389999389648438,-0.1300010681152343,4.199999809265137,4.2,-0.36874,0.0297025794864709,4.1,3.4815108598039184,1.1541902555611088,-0.9267041759836858,-2.0909082380659485,1.5627681449278608,-3.1190174208686874,2,R2: Stress / risk-off
2024-08-02,2024-08-02,521.9174194335938,91.83098602294922,225.33999633789065,0.0001686333738544,-0.0205533665141551,-0.00346143069128,-0.0399851902185132,0.0105302493864015,-0.0565801780992668,0.0632914084244226,0.0197644803733616,23.38999938964844,7.0000000000000036,3.7920000553131104,3.8,-0.36504,0.029414757935583,4.2,11.233459761783427,2.368908343186363,3.479234506850573,-4.692836527732934,6.14218367805843,0.9759397783212684,2,R2: Stress / risk-off
2024-08-09,2024-08-09,522.0054321289062,89.94355010986328,224.55999755859375,0.0400008792712618,0.0122583770524606,0.0330869612368589,-0.0494162540343803,0.0133680062608757,-0.0564210860317385,0.0277245756082873,0.0064779950627001,20.3700008392334,-3.0199985504150426,3.941999912261963,3.94,-0.36313,0.029414757935583,4.2,8.349597760221595,0.5831200024079367,-0.6871861407115463,0.9618734706725408,-0.23133683447123995,-4.370724385356372,2,R2: Stress / risk-off
2024-08-16,2024-08-16,542.8861083984375,91.04611206054688,231.9900054931641,0.0141077002952112,0.0097497015987468,0.0001293106538495,0.0096439249071423,0.0140246733098317,-0.0186770998111857,0.0508258338325301,0.0452338847713553,14.800000190734863,-5.570000648498535,3.8919999599456783,3.89,-0.36427,0.029414757935583,4.2,3.7889023143015055,-3.9491230556384735,3.8323301389159408,0.9944698714346408,-1.9432445454525238,-4.825333154059744,1,R1: Growth / trend
2024-08-23,2024-08-23,550.5449829101562,91.93378448486328,232.02000427246097,0.0027572776398208,-0.0193109595106036,-0.0031463277859046,0.0319756538020548,0.0129471559859702,-0.0048328904424943,0.0597752173731647,0.0503364808099467,15.859999656677246,1.0599994659423828,3.806999921798706,3.81,-0.37252,0.029414757935583,4.2,3.29577541244478,-4.085035333630952,2.7234811849959852,0.25696795369763104,0.31389036207426646,-1.8462991400958362,1,R1: Growth / trend
2024-08-30,2024-08-30,552.06298828125,90.15845489501952,231.2899932861328,-0.0413712548369264,0.0351746840571778,-0.0028535104089169,0.0561527739234358,0.0111625072930679,-0.0020889384234262,-0.018381046831548,0.0260619488949531,15.0,-0.8599996566772461,3.91100001335144,3.91,-0.3828,0.029414757935583,4.2,1.7264402112397046,-4.151166805093242,-0.3817344203691442,1.150013848153611,0.4440768027459006,-0.279219346297981,1,R1: Growth / trend
2024-09-06,2024-09-06,529.2234497070312,93.32975006103516,230.6300048828125,0.0400659824004645,0.0085373750185668,0.0349043386486467,0.0181326904738513,0.0094983792360335,-0.0433737712564985,0.0467699697399326,0.0291240467544482,22.3799991607666,6.72999954223633,3.7100000381469727,3.72,-0.39431,0.0260714449069203,4.2,8.170207285369345,0.6387047592802279,0.8686210895161691,-3.6506333456817073,6.724567052267713,2.321398847232844,1,R1: Growth / trend
2024-09-13,2024-09-13,550.4273071289062,94.12654113769533,238.67999267578125,0.0142043851096245,-0.0152375460734937,0.0147897358237354,0.0160349279141687,0.008819292396136,-0.0050456016118387,0.0367693656870183,0.0505702327353102,16.559999465942383,-5.819999694824219,3.650000095367432,3.66,-0.40554,0.0260714449069203,4.2,1.046778209536046,-5.893019078875019,2.41393511591147,-0.40958603646463226,-0.1932513388210223,-3.9031266729062377,1,R1: Growth / trend
2024-09-20,2024-09-20,558.2457885742188,92.6922836303711,242.2100067138672,0.0056664449740819,-0.0031348145577673,0.0116014924268317,0.0244600482890344,0.0091454541749508,-0.0017286360158116,0.0147426529420005,0.0544687472592397,16.149999618530273,-0.4099998474121094,3.7279999256134033,3.73,-0.41541,0.0260714449069203,4.2,2.895755922577294,-6.933497245673778,-1.5081476780403733,-4.276209967154934,-0.11250143879509113,-0.35105442703461537,1,R1: Growth / trend
2024-09-27,2024-09-27,561.4090576171875,92.4017105102539,245.02000427246097,0.002642494786438,-0.0275056049002925,-8.164342548422354e-05,0.026288582588716,0.0087909678703005,-0.001450471568814,0.0138562854080481,0.0505160321408956,16.959999084472656,0.8099994659423828,3.749000072479248,3.75,-0.4234,0.0260714449069203,4.2,2.3032677121703546,-7.071512711159784,-1.4868800597196528,-4.725927960073503,0.4461239573560499,-0.5604632535064636,1,R1: Growth / trend
2024-10-04,2024-10-04,562.892578125,89.86014556884766,245.0,0.0115186536479747,-0.0193616161588717,0.0019183723294005,0.061678064439886,0.0059566032171109,-0.0013593956720671,-0.0378843979686785,0.060443494596518,19.209999084472656,2.25,3.9809999465942383,3.98,-0.42966,0.0242648303154167,4.1,1.4346839020428157,-5.8520354658605385,-3.5020411551208004,-3.0739606483759156,0.8485724591585455,1.8853138809610155,1,R1: Growth / trend
2024-10-11,2024-10-11,569.3763427734375,88.12030792236328,245.47000122070312,0.0086442192888969,0.0018144423795281,0.0236281542466081,0.0338467277088382,0.0061557869343869,0.0,-0.0659370430140893,0.0280510331803228,20.459999084472656,1.25,4.072999954223633,4.08,-0.43387,0.0242648303154167,4.1,0.7142149816458748,-4.9996507013908555,-4.1175620616314665,-2.414874532469539,1.020824788561738,0.5067791118202598,1,R1: Growth / trend
2024-10-18,2024-10-18,574.2981567382812,88.28019714355469,251.27000427246097,-0.0094939039573715,-0.0184297690220656,0.0081585665495309,0.0283493515715322,0.0056071251885063,0.0,-0.0487694143256343,0.0367229290212973,18.030000686645508,-2.4299983978271484,4.072999954223633,4.08,-0.43708,0.0242648303154167,4.1,0.2722421691680428,-5.629766552959316,-2.105586182971621,-2.45873488670687,1.0374075004882128,-1.0557521069860551,1,R1: Growth / trend
2024-10-25,2024-10-25,568.8458251953125,86.65321350097656,253.32000732421875,-0.0138159243001855,-0.0107813918352217,-0.003355463757064,0.0131596421541552,0.0059994961648715,-0.0094939039573715,-0.0642313890287384,0.0333136832579235,20.329999923706055,2.299999237060547,4.23199987411499,4.25,-0.44154,0.0242648303154167,4.1,2.143371074410276,-2.8424187196407322,-4.180681612794805,-2.7785492927623547,2.0278921870207975,1.4309464705244286,1,R1: Growth / trend
2024-11-01,2024-11-01,560.9866943359375,85.7189712524414,252.47000122070312,0.0475447944480844,0.0181637308008992,-0.0178634866916066,-0.0033916198344878,0.0070361829499056,-0.0231786611991687,-0.0471803543136729,0.0300342240658509,21.8799991607666,1.5499992370605469,4.361000061035156,4.37,-0.44615,0.0257884405387134,4.1,3.3942509393583067,0.037530066646173164,-5.117272405973118,-3.2000067922868802,1.7751701777283047,1.6791417604116134,1,R1: Growth / trend
2024-11-08,2024-11-08,587.65869140625,87.27594757080078,247.9600067138672,-0.0207959950977337,-0.0260566236106282,-0.0458542106312205,0.0316046962360702,0.0087786466852002,0.0,-0.0096281060492654,0.01009272476228,14.9399995803833,-6.939999580383301,4.306000232696533,4.3,-0.45226,0.0257884405387134,4.1,0.48404129577260047,-4.386355775896052,-2.71287975658497,-2.96109167575862,-4.676022765270549,-2.141538465917005,1,R1: Growth / trend
2024-11-15,2024-11-15,575.437744140625,85.0018310546875,236.58999633789065,0.0166623320476555,0.0034412315911163,0.0560040585193499,0.0019823470323208,0.0090955792908489,-0.0217282195618619,-0.0378430164700454,-0.0601994054532496,16.139999389648438,1.1999998092651367,4.427999973297119,4.43,-0.46029,0.0257884405387134,4.1,2.577395733697421,-0.10900740327167217,-7.545921868004928,-2.8933767350160786,1.4671335826736465,2.9121077984681625,1,R1: Growth / trend
2024-11-22,2024-11-22,585.02587890625,85.29434204101562,249.83999633789065,0.011821830297638,0.0396061611671154,-0.0170108872170018,0.028046643766752,0.0089120880907025,-0.0054279303233505,-0.0158059792826459,-0.013832842244136,15.239999771118164,-0.8999996185302734,4.409999847412109,4.41,-0.46779,0.0257884405387134,4.1,-0.5947567307138357,-3.404121178140217,-2.7557514811119743,-2.690821250894235,-0.125144025001391,-1.0148396235488517,1,R1: Growth / trend
2024-11-29,2024-11-29,591.9419555664062,88.67252349853516,245.58999633789065,0.0087297080738355,0.0079554415428371,-0.0107496210310467,0.0579229636846074,0.0074464192681506,0.0,0.019677324595834,-0.0317397843963302,13.510000228881836,-3.3600006103515625,4.177999973297119,4.18,-0.47289,0.0257884405387134,4.1,-0.45801057345633933,-4.444205135259383,-0.7560185697756252,-2.737152626397388,-1.9446708517421738,-1.1861338593121697,1,R1: Growth / trend
2024-12-06,2024-12-06,597.1094360351562,89.3779525756836,242.9499969482422,-0.0059230049224979,-0.0449197081301349,0.0055155231723509,0.0202764715856876,0.0046978930513663,0.0,0.0364202311125768,-0.0272042642076748,12.770000457763672,-0.7399997711181641,4.151000022888184,4.15,-0.47635,0.0271947246128483,4.2,-1.2373843877425494,-4.945225702732502,-1.7716628047322704,-2.7147950611206686,-0.17958323000948198,0.4377822621981906,1,R1: Growth / trend
2024-12-13,2024-12-13,593.57275390625,85.36312103271484,244.2899932861328,-0.0183219785182583,-0.0166023533533564,-0.0089647027827788,0.0181372980180339,0.0049984714027774,-0.0059230049224979,0.0015808762565084,0.0302537055030818,13.8100004196167,1.0399999618530271,4.39900016784668,4.4,-0.4787,0.0271947246128483,4.2,-0.45758492316060295,-3.0847590956485145,-4.873315076962805,-2.1466664680612113,-0.053376230057456654,1.974096695044686,1,R1: Growth / trend
2024-12-20,2024-12-20,582.6973266601562,83.94589233398438,242.1000061035156,0.0065294404589211,-0.0137020451595007,-0.0028914175521824,-0.0008935022235741,0.0084586622941704,-0.0241364622718027,-0.0153823712904338,-0.0186599958298988,18.36000061035156,4.55000019073486,4.52400016784668,4.52,-0.48027,0.0271947246128483,4.2,5.373745009025977,1.8893315277835911,-6.367407972915211,-4.386721407545568,2.6097575136755804,1.7878811259797638,1,R1: Growth / trend
2024-12-27,2024-12-27,586.5020141601562,82.79566192626953,241.3999938964844,-0.0051427536116506,0.0021817710024139,0.0086578775870884,-0.0030395264403286,0.0090944056678645,-0.0177646194061744,-0.0583058028640714,-0.0086206130980507,15.949999809265137,-8.140000343322754,4.61899995803833,4.62,-0.48144,0.0271947246128483,4.2,0.5567719975669325,-1.1899560497783097,-6.108644414815369,-1.661443307480479,-0.4110789067134236,-1.711331565581975,1,R1: Growth / trend
2025-01-03,2025-01-03,583.4857788085938,82.97630310058594,243.4900054931641,-0.019359756464314,-0.0209647596008411,0.0193847842384462,-0.0228333388525118,0.0096551578905907,-0.0228160139572143,-0.0708168877229099,-0.0048344598703735,16.1299991607666,1.3999996185302734,4.5960001945495605,4.6,-0.48549,0.0287069096750998,4.1,0.6864994797218072,0.9024469003211111,-5.057565442310844,-4.453913004940133,1.2811073648558469,-0.47324387623876957,0,R0: Calm / risk-on
2025-01-10,2025-01-10,572.1896362304688,81.23672485351562,248.2100067138672,0.0294407693854399,0.0202433164973994,0.0042705673821432,-0.0343529424714234,0.0105048929416805,-0.0417340579478303,-0.0815308986648404,-0.0015297491779043,19.540000915527344,1.6100006103515625,4.776000022888184,4.77,-0.49026,0.0287069096750998,4.1,1.331145427402213,3.1402900160994265,-6.2526655383777525,-4.270070597149244,2.197275482303052,0.08239784435330355,0,R0: Calm / risk-on
2025-01-17,2025-01-17,589.0353393554688,82.8812255859375,249.27000427246097,0.0173866189743703,0.0003442750194044,0.0255946945668195,-0.0078059395580242,0.0113883149226016,-0.013521971337951,-0.034926183675579,0.0216143600615754,15.970000267028809,-3.570000648498535,4.609000205993652,4.61,-0.49643,0.0287069096750998,4.1,-1.5895285413803675,-0.5977179997079697,-2.576025298208493,-4.027701645875902,-0.12407782957114903,-2.617619252183531,0,R0: Calm / risk-on
2025-01-24,2025-01-24,599.2766723632812,82.90975952148438,255.6499938964844,-0.0101154457751343,0.0061911368097682,0.0113827644497721,0.0220851353430255,0.008890288661132,-0.002919278551188,-0.0032049924029283,0.0591783251769862,14.850000381469728,-1.7499999999999982,4.625999927520752,4.63,-0.50177,0.0287069096750998,4.1,-3.1019013552974783,-2.165260053164497,-1.6895720431361136,-3.8190668522958178,-0.21714967464085752,-1.8483424432368116,0,R0: Calm / risk-on
2025-01-31,2025-01-31,593.2147216796875,83.42306518554688,258.55999755859375,-0.0017446855357883,0.0208352919786933,0.0206528325661841,0.0265022316949459,0.0087817091193466,-0.0130051945224354,0.0049116126668711,0.065652973719942,16.43000030517578,1.579999923706053,4.568999767303467,4.58,-0.50684,0.0287069096750998,4.1,-0.3556927045964915,0.09628928856747211,-1.781846323501113,-5.15610624114685,1.7508554759799995,0.4508237200642864,0,R0: Calm / risk-on
2025-02-07,2025-02-07,592.1797485351562,85.16120910644531,263.8999938964844,0.0148641457522376,-0.0013440838540617,0.0090565164975904,0.0189545198828058,0.0084630806272319,-0.0147271900834503,0.0405309702560243,0.0708079496594284,16.540000915527344,0.1100006103515625,4.486999988555908,4.49,-0.50985,0.0299097830789996,4.0,-1.368681844953109,0.21365267258277307,-0.1221238369280722,-5.8492277261873316,1.2100470130100875,-1.7517153789961208,0,R0: Calm / risk-on
2025-02-14,2025-02-14,600.9819946289062,85.04674530029297,266.2900085449219,-0.0160078379207044,0.0051598390167544,0.0167110351371009,0.0300686824350653,0.0070001592531097,-8.19514311339864e-05,0.0275142359942001,0.0607279057525156,14.770000457763672,-1.770000457763672,4.4720001220703125,4.47,-0.50892,0.0299097830789996,4.0,-2.7051487202711733,-1.7708745035575197,-0.8344094612731142,-4.706470651110283,-2.1674454074953435,-0.7254207280481229,0,R0: Calm / risk-on
2025-02-21,2025-02-21,591.361572265625,85.4855728149414,270.739990234375,-0.0096010184058653,0.0314694685698451,-0.0275910522647078,-0.0162193021175129,0.0074281144763408,-0.021193188729132,0.0350762338688824,0.0635490662583376,18.209999084472656,3.109998703002928,4.420000076293945,4.42,-0.50447,0.0299097830789996,4.0,1.0457578657978954,1.7975896264059004,-1.1128343607416074,-6.221953503337426,1.6603806750945143,0.46521305869617463,0,R0: Calm / risk-on
2025-02-28,2025-02-28,585.6838989257812,88.1757583618164,263.2699890136719,-0.0307313217335211,-0.0220315637472287,0.0194478134554856,-0.0181122637871071,0.0081310986040482,-0.03059073093993,0.0488199551200691,0.0200267625174597,19.6299991607666,1.420000076293945,4.230999946594238,4.24,-0.49505,0.0299097830789996,4.0,2.4606692636038963,2.5291890594110495,-0.8622115555438536,-5.913145257091348,0.869410698491642,-0.40096268437301175,2,R2: Stress / risk-off
2025-03-07,2025-03-07,567.68505859375,86.23310852050781,268.3900146484375,-0.0227635837707795,0.0006657674161658,0.0255224680952093,-0.0514391612887344,0.010035748223491,-0.0603819590788725,0.006031915320851,0.0186535509214857,23.3700008392334,3.740001678466797,4.316999912261963,4.32,-0.48168,0.0280158344776133,4.2,5.2408097055948195,3.521609004540186,-3.258849084540209,-4.204420355760107,1.2428645055751237,-1.204540489047844,2,R2: Stress / risk-off
2025-03-14,2025-03-14,554.7625122070312,86.29051971435547,275.239990234375,0.0050932812893151,0.0058778432453121,0.0118078771810468,-0.0800740121997939,0.0123508192196143,-0.0817710330659164,0.0198047899345859,0.0180739693572379,21.770000457763672,-1.6000003814697266,4.308000087738037,4.31,-0.46501,0.0280158344776133,4.2,5.411380174340249,3.638617853871293,-1.8777219985011884,-3.6942485509145984,-0.16986123160637892,-3.993861897151799,2,R2: Stress / risk-off
2025-03-21,2025-03-21,557.5880737304688,86.79772186279297,278.489990234375,-0.0147523026322631,-0.0061742583625149,0.020000745159749,-0.0588071570957516,0.0126069741818578,-0.0770942346493239,0.015232752803366,0.0282232023260935,19.280000686645508,-2.489999771118164,4.251999855041504,4.25,-0.44666,0.0280158344776133,4.2,3.3300559393577056,1.8626709125904957,-1.33846223109269,-3.0864045053177303,-0.7276658623968361,-3.6371952776770646,2,R2: Stress / risk-off
2025-03-28,2025-03-28,549.3623657226562,86.26181030273438,284.05999755859375,-0.0906669697524196,0.0337664821003973,-0.0152784495359836,-0.0640219517804001,0.0132370283797099,-0.0907092198008375,-0.021945099146025,0.0760053950510091,21.649999618530273,2.3699989318847656,4.255000114440918,4.27,-0.42873,0.0280158344776133,4.2,4.135294240737589,3.505537309401069,-1.1961265607313905,-2.8180725993116305,1.7408406298957009,-2.4384503766849166,2,R2: Stress / risk-off
2025-04-04,2025-04-04,499.5533447265625,89.17456817626953,279.7200012207031,0.0567209575155149,-0.0641895490434912,0.0651007842685877,-0.1278524020009791,0.0206245161267799,-0.1731518594653089,0.0335416953116471,0.0413479060414675,45.310001373291016,23.660001754760746,3.984999895095825,4.01,-0.41191,0.0238198146280554,4.2,13.024604741965337,7.62984707236328,0.4766365561635403,-6.110584326128485,6.009780199707721,0.9811497778113729,2,R2: Stress / risk-off
2025-04-11,2025-04-11,527.8884887695312,83.45049285888672,297.92999267578125,-0.0141026775003829,0.0073655906556422,0.027489687653968,-0.0496550503461908,0.0323605781879855,-0.1262522412142582,-0.0334661832539546,0.0792151261458071,37.560001373291016,-7.75,4.493000030517578,4.48,-0.39686,0.0238198146280554,4.2,9.3479487147775,5.396225828411153,-5.397275251591597,1.9441711368630825,-6.2211497594324,-3.3150294376162717,2,R2: Stress / risk-off
2025-05-02,2025-05-02,560.3365478515625,84.5672836303711,297.9800109863281,-0.0042698948233407,-0.0077511616999129,0.029733488908318,0.0544966327402428,0.0315508873271806,-0.0725450293635942,-0.0422200745079181,0.0395670950967108,22.68000030517578,-2.15999984741211,4.322000026702881,4.33,-0.39293,0.0232538823025783,4.2,3.8548356367640486,-1.07191311114213,-2.8915115563461646,2.3876108963275824,-4.268477141068028,-4.724086257283641,1,R1: Growth / trend
2025-05-09,2025-05-09,557.9439697265625,83.91178894042969,306.8399963378906,0.0529113083247843,-0.0086156403708655,-0.0410637669596389,0.0730588717175185,0.0127615228274892,-0.0765051645415961,0.0109364461999212,0.0483746916570745,21.899999618530273,-0.7800006866455078,4.375,4.37,-0.40623,0.0232538823025783,4.2,2.9958023136131615,-2.349080045287941,-1.8169120645296013,1.1963236975833713,-1.680438029282302,-4.681792257805314,1,R1: Growth / trend
2025-05-16,2025-05-16,587.4655151367188,83.18883514404297,294.239990234375,-0.0253954401204774,-0.0202782956689946,0.0527121067169373,0.1211355459647095,0.012294526180228,-0.0065882825527192,-0.0104790074468035,-0.0395814383243795,17.239999771118164,-4.659999847412109,4.440999984741211,4.43,-0.42346,0.0232538823025783,4.2,-0.07899058347564591,-4.194576695943207,-3.7388242096913125,2.5559755460830282,-3.819323273644111,-3.5619058830680657,1,R1: Growth / trend
2025-05-23,2025-05-23,572.5465698242188,81.50190734863281,309.75,0.0177515240757977,0.020461463659938,-0.0198547018449858,0.0504111065434338,0.009906716973883,-0.0264604126961327,-0.0463839101804066,0.0163393458123676,22.290000915527344,5.05000114440918,4.508999824523926,4.51,-0.44092,0.0232538823025783,4.2,1.50064898620162,-1.909814926050855,-2.9923416978379707,0.17999556918812332,1.2680101958500378,-1.4075169215497096,1,R1: Growth / trend
2025-05-30,2025-05-30,582.7101440429688,83.1695556640625,303.6000061035156,0.0165423656948799,-0.0070965581770814,0.0052041717407835,0.0538873345046574,0.0108357437323002,-0.009178601273366,-0.0275494347727601,0.0204313321871183,18.56999969482422,-1.710000991821289,4.415999889373779,4.41,-0.45557,0.0232538823025783,4.2,0.8612678530479082,-2.8393608676952744,-1.7412337119655197,0.06026211276670105,-0.06155559834948525,-3.0075910211951085,1,R1: Growth / trend
2025-06-06,2025-06-06,592.3495483398438,82.57933807373047,305.17999267578125,-0.0035717468886059,0.0114823400458932,0.0364047976137928,0.0585633320713211,0.0102851427469545,0.0,-0.0145121069804798,0.0018038010012795,16.770000457763672,-1.7999992370605469,4.510000228881836,4.51,-0.46745,0.0237726510736808,4.3,0.05416973109247091,-4.169518924915439,-2.6596539878191985,1.141329035044768,-1.421006407246645,-2.537787453789491,1,R1: Growth / trend
2025-06-13,2025-06-13,590.2338256835938,83.52754211425781,316.2900085449219,-0.0016132749958093,0.0018531945478867,-0.019475808579753,0.0110152248333581,0.0080490456478093,-0.0111800643964674,0.006732162801638,0.0601031240041642,20.81999969482422,4.049999237060547,4.423999786376953,4.41,-0.47661,0.0237726510736808,4.3,1.4789679453084714,-2.8169593383578087,-0.5719850740574692,-1.2169483734339188,2.7658796481547117,-1.6414379492262998,1,R1: Growth / trend
2025-06-20,2025-06-20,589.2816162109375,83.68233489990234,310.1300048828125,0.0347141677861455,0.010405882857599,-0.0287298988225153,0.0223553986824213,0.007397329223762,-0.0127753028739344,0.0332847632376977,0.0139948626281929,20.6200008392334,2.6000003814697266,4.375,4.38,-0.4841,0.0237726510736808,4.3,1.0093465094740182,-3.011511122102114,-2.0888354323263423,-0.40784052625342376,1.4725982139294105,-2.100649416575441,1,R1: Growth / trend
2025-06-27,2025-06-27,609.738037109375,84.5531234741211,301.2200012207031,0.016961950152293,-0.0010933407275421,0.0196534539663479,0.0442205568660893,0.0062834297193127,0.0,0.0180065965947075,-0.0144688325020505,16.31999969482422,-4.30000114440918,4.2829999923706055,4.29,-0.49055,0.0237726510736808,4.3,-0.8671935046163073,-4.3091769692260256,-1.3489889802465627,-0.42311778009053513,-0.341160508054347,-1.814787658185007,1,R1: Growth / trend
2025-07-18,2025-07-18,622.301513671875,82.78057861328125,308.3900146484375,0.0151694013253316,0.0139606437328068,-0.0032102879630578,0.0521691270453571,0.0049232016958445,-0.0007324129021104,-0.0126827574501116,-0.006045423870158,16.40999984741211,0.0100002288818359,4.432000160217285,4.44,-0.51085,0.0268045386591022,4.1,-4.102880324781606,-3.22390586242802,-2.2594528239571545,-1.090814416475367,1.5331448002798225,-1.558255800318736,0,R0: Calm / risk-on
2025-07-25,2025-07-25,631.741455078125,83.93624877929688,307.3999938964844,-0.0241407814847119,0.0199665651428888,0.0055627569584597,0.0404068331456659,0.0041315666086983,0.0,-0.0137100089359652,0.0020189369083273,14.93000030517578,-1.47999954223633,4.386000156402588,4.4,-0.51594,0.0268045386591022,4.1,-3.8500555179571734,-2.744592699058128,-0.6756895759623862,-1.4346822272787272,0.41656158542963245,-1.3863020755772462,0,R0: Calm / risk-on
2025-08-01,2025-08-01,616.49072265625,85.61216735839844,309.1099853515625,0.0248665819718938,-0.0060350093099248,0.0127462800560296,-0.0058058460375535,0.0054803088720497,-0.0241407814847119,0.0135413369507169,0.0063934358247491,20.3799991607666,5.449998855590822,4.21999979019165,4.23,-0.5202,0.0274261805216713,4.3,-0.1050690072084071,-0.4664700795995856,1.1491213563754255,-4.066556274261426,3.213869554071566,0.34250133426736806,0,R0: Calm / risk-on
2025-08-08,2025-08-08,631.8207397460938,85.09549713134766,313.04998779296875,0.0098246180766905,-0.0101959567090088,-0.0179523888718506,0.0215109408309299,0.0065273825024822,0.0,0.0211488754125953,0.0125685870887985,15.149999618530272,-5.22999954223633,4.284999847412109,4.27,-0.52308,0.0274261805216713,4.3,-3.2789780929156995,-2.9785418817322613,0.4291453345155516,-1.54149367204655,-0.3557519420576973,-2.726092617363788,0,R0: Calm / risk-on
2025-08-15,2025-08-15,638.0281372070312,84.22786712646484,307.42999267578125,0.0029063123926611,0.0075232463293422,0.0102462153060205,0.0249576606225862,0.0067429919076416,-0.0023411946420227,0.0173323539215357,-0.003117868009951,15.09000015258789,-0.059999465942381,4.328000068664551,4.33,-0.52487,0.0274261805216713,4.3,-2.9776759281723124,-2.4465064394159777,-1.0251403642072965,-1.2805494219844662,0.33721686539799056,-1.104909816291239,0,R0: Calm / risk-on
2025-08-22,2025-08-22,639.8824462890625,84.86153411865234,310.5799865722656,-0.0004030014210449,-0.005169572050489,0.0241162376063479,0.0128042614291377,0.0075349100031188,0.0,0.0109633502448233,0.0102916626574531,14.220000267028809,-0.869999885559082,4.260000228881836,4.26,-0.5274,0.0274261805216713,4.3,-2.0440591957019087,-1.6281670891695286,0.4231024863958345,-2.4286370661016816,0.5618266529598139,-0.8662438405722839,0,R0: Calm / risk-on
2025-08-29,2025-08-29,639.6245727539062,84.42283630371094,318.07000732421875,0.0033950694152806,0.0265208798180285,0.0408085646865756,0.0368381250788094,0.0065436400380998,-0.0059636816039791,-0.0139894777611661,0.0285743541539537,15.359999656677246,1.1399993896484375,4.2270002365112305,4.23,-0.52851,0.0274261805216713,4.3,-2.7512270693276686,-2.3280994633667413,0.31868216939290406,-2.4486060072148916,2.3422012687048728,-0.3192618567759284,0,R0: Calm / risk-on
2025-09-05,2025-09-05,641.796142578125,86.66180419921875,331.04998779296875,0.0157128907253012,0.0156954841545018,0.0132005008183191,0.023432333569453,0.0060864150077333,-0.0028961484885351,0.0138953627656443,0.0556828964434714,15.18000030517578,0.75,4.085999965667725,4.1,-0.52938,0.0293859174303161,4.3,-0.7556988634816532,-1.8553479927498242,2.943586998852626,-3.7548014717797504,1.8253312838422826,-1.0525236818506651,0,R0: Calm / risk-on
2025-09-12,2025-09-12,651.880615234375,88.02200317382812,335.4200134277344,0.0123668450243306,-0.0103391458254241,0.0112097641688782,0.0191351155911193,0.0056809874583229,-0.0003346129118277,0.0369107428833477,0.0877217694899357,14.760000228881836,-0.4200000762939435,4.060999870300293,4.06,-0.5294,0.0293859174303161,4.3,-2.2591364889175027,-3.5281072402080724,2.6800138552791837,-2.4176588770536465,0.8225836333033801,-2.2971984392795437,0,R0: Calm / risk-on
2025-09-19,2025-09-19,659.9423217773438,87.11193084716797,339.17999267578125,-0.0028325562231473,-0.0013477918730488,0.0222890433452549,0.0461081212038917,0.0053538639026873,0.0,0.0335523587250637,0.0987389633974481,15.449999809265137,0.6899995803833008,4.138999938964844,4.14,-0.52949,0.0293859174303161,4.3,-1.5436944556580428,-4.477441250221749,0.7182387851071678,-2.365033942003215,-0.07547919623688253,-1.7517311943747378,0,R0: Calm / risk-on
2025-09-26,2025-09-26,658.072998046875,86.99452209472656,346.739990234375,0.0111661541395238,0.0088986266751303,0.0314357291372557,0.0224529299200543,0.0048941204030444,-0.0075279494026362,0.0228732433249187,0.0959073228824941,15.289999961853027,-0.1599998474121093,4.186999797821045,4.2,-0.52818,0.0293859174303161,4.3,-1.547931855793098,-2.734832234999221,0.6164996927834017,-2.44883883841147,-0.02873556997663025,-1.546640495831724,0,R0: Calm / risk-on
2025-10-03,2025-10-03,665.421142578125,87.7686538696289,357.6400146484375,-0.0241927820470251,0.0138735935016762,0.0320992618234703,0.0361494189777929,0.0036409976323612,-1.476736222161268e-05,0.0126911840851589,0.0772575503285512,16.649999618530273,1.359999656677246,4.11899995803833,4.13,-0.5271,0.0302257158471332,4.4,-2.012071488658995,-3.462400074762489,1.7842736897026432,-3.0275029394930426,1.276250313341105,-2.891112590555024,0,R0: Calm / risk-on
2025-10-10,2025-10-10,649.32275390625,88.98632049560547,369.1199951171875,0.0174114706353449,0.006400159813231,0.0538307200369332,-0.0039315370425893,0.0074313808306731,-0.0298465364344309,0.010895836331536,0.0957382632611111,21.65999984741211,5.010000228881836,4.051000118255615,4.05,-0.52566,0.0302257158471332,4.4,4.970360860162665,1.2266026826614815,2.0423463254507337,-5.0154175495984825,2.7622202437936054,-0.48532961427861043,1,R1: Growth / trend
2025-10-17,2025-10-17,660.62841796875,89.55584716796875,388.989990234375,0.0193560707689102,0.0029607444507977,-0.0294866230716944,0.0010390904969924,0.0082842780414515,-0.0129547378917808,0.0276685681778616,0.137022692920708,20.780000686645508,-0.8799991607666016,4.006999969482422,4.02,-0.52337,0.0302257158471332,4.4,2.794578506754397,-2.4295925098208793,2.821985923286352,-3.7350858964324134,-0.9737529247920735,-1.8559109972345003,1,R1: Growth / trend
2025-10-24,2025-10-24,673.4155883789062,89.82099914550781,377.5199890136719,0.0071022648739387,-0.0129006003388425,-0.0248993276383676,0.0230467907718947,0.0085736363479743,0.0,0.0319736392183941,0.0850483269231906,16.3700008392334,-4.409999847412109,3.996999979019165,4.02,-0.51954,0.0302257158471332,4.4,0.7021334404747711,-3.7078889263793373,1.5011694589742306,-1.7567567431146727,-4.239782364125749,-2.414620011877526,1,R1: Growth / trend
2025-10-31,2025-10-31,678.1983642578125,88.6622543334961,368.1199951171875,-0.0162596716477065,-0.0043905334924571,0.0005161426815345,0.0190196804831783,0.0093134154975659,-0.0077539413100081,0.0101298362543224,0.028882023880742,17.440000534057617,1.0699996948242188,4.10099983215332,4.11,-0.51616,0.0302257158471332,4.4,1.4922712519371182,-3.6050833076726247,-1.28560658562616,-2.2849322371398246,-4.01247829747137,-1.0920551541690136,1,R1: Growth / trend
2025-12-05,2025-12-05,681.8078002929688,87.20355224609375,386.44000244140625,-0.0057314918914496,-0.0094136944153007,0.0232895143958722,0.0226853165507011,0.0086659134033276,-0.0024731136514266,-0.0143081551329783,0.0541520310145828,15.40999984741211,-0.9400005340576172,4.138999938964844,4.14,-0.50863,0.0269644391649395,4.5,-0.7374832416880213,-4.3258637118072985,-1.640462462880543,-1.5434581764995778,-1.0068646988470307,-0.47275086864398946,1,R1: Growth / trend
2025-12-12,2025-12-12,677.9000244140625,86.38264465332031,395.44000244140625,0.0012337582474888,0.00630567198706,0.0090531725423912,0.0143598429564157,0.0075803903037457,-0.0107520579950962,-0.019523691717562,0.0323035819505129,15.739999771118164,0.3299999237060547,4.193999767303467,4.19,-0.51206,0.0269644391649395,4.5,0.77694982329582,-3.707070519352208,-1.8412487708890186,-3.8687116580201097,0.29552108936171395,0.8816106270242802,1,R1: Growth / trend
2025-12-19,2025-12-19,678.7363891601562,86.9273452758789,399.0199890136719,0.0142816586824037,0.0021701388507953,0.0444088058458043,0.045053490668231,0.0067327255621557,-0.0095315651878363,-0.0115583618819849,0.0624855511820123,14.90999984741211,-0.8299999237060547,4.151000022888184,4.16,-0.51722,0.0269644391649395,4.5,-0.01876056098679774,-4.857419772341302,-0.9605733603613977,-3.0477032389972045,1.2415049412795465,-1.989607709106602,1,R1: Growth / trend
2025-12-26,2025-12-26,688.4298706054688,87.1159896850586,416.739990234375,-0.0103431660037227,-0.008092066999887,-0.0442961844019246,0.0184691549938118,0.0054805404350222,-0.0001014150322431,-0.0250688534775693,0.0841142594191887,13.600000381469728,-3.27000045776367,4.136000156402588,4.14,-0.52538,0.0269644391649395,4.5,-1.2117532514102483,-5.749207392867396,-0.08868334707774302,-2.6689268565814412,-0.350782039030377,-2.2050286979748055,1,R1: Growth / trend
2026-01-02,2026-01-02,681.309326171875,86.41104125976562,398.2799987792969,0.0159550146686624,0.0103412764253225,0.0406498003691564,0.001897150168322,0.0055937697054784,-0.0104435320834521,-0.0191731018753675,0.0290406924075185,14.510000228881836,1.0399999618530271,4.186999797821045,4.19,-0.5361,0.0265330411455775,4.4,-0.314537330426129,-3.8047761263521167,-2.281613001401799,-2.9175952428531984,-0.41781050280246146,1.4717635648955727,1,R1: Growth / trend
2026-01-09,2026-01-09,692.1796264648438,87.30464172363281,414.4700012207031,-0.0034722813138657,-0.0014784333814492,0.0164547670618677,0.0123596432003583,0.0059050908068228,0.0,-0.0004280231229281,0.0632927598577844,14.489999771118164,-0.0200004577636718,4.171000003814697,4.18,-0.54618,0.0265330411455775,4.4,-1.0232260722509927,-3.982070415823911,0.1971837055275803,-3.4976235043721204,-0.6656024880329056,-0.262594333324849,1,R1: Growth / trend
2026-01-16,2026-01-16,689.7761840820312,87.17556762695312,421.2900085449219,-0.0035133148038901,0.0014806223830057,0.087137104394831,0.0326799387797443,0.004594933711587,-0.0050348281605612,0.0038843002847259,0.0536334616017863,15.859999656677246,1.369999885559082,4.230999946594238,4.24,-0.55538,0.0265330411455775,4.4,-1.2153178905224615,-3.797419968507314,-1.2118890336660315,-3.1782655499883132,-0.20158480177403482,1.460584278628338,1,R1: Growth / trend
2026-01-23,2026-01-23,687.352783203125,87.30464172363281,458.0,0.0039754606543944,-0.0090982465210325,-0.0284934231287525,0.0018442461165135,0.0066449750495259,-0.0085304540281399,0.0049023272385551,0.1018731183839176,16.09000015258789,0.25,4.238999843597412,4.24,-0.5604,0.0265330411455775,4.4,-0.07601055633498953,-2.5584154208527163,0.006744846924373994,-3.5236088429805377,-0.6682829818710018,-0.20594934888793334,1,R1: Growth / trend
2026-01-30,2026-01-30,690.0853271484375,86.51032257080078,444.9500122070313,-0.001950937693641,0.0085486645699064,0.023620584244768,0.0146301877711904,0.0064924743222209,-0.005061214605267,-0.0003443248834932,0.1157652166107635,17.440000534057617,1.3500003814697266,4.241000175476074,4.26,-0.56126,0.0265330411455775,4.4,0.7532142009850294,-2.994819156479583,-2.127158029076124,-3.2429427463563405,-3.471754617732752,2.893406886731189,1,R1: Growth / trend
2026-03-06,2026-03-06,670.5487060546875,88.45999908447266,473.510009765625,-0.0150063670381302,-0.0217047048249667,-0.0267576464413196,-0.007763062183592,0.0083791378540777,-0.0332283720523803,0.014460001122359,0.0691346892970476,29.489999771118164,9.629999160766603,4.132999897003174,4.15,-0.51651,0.0243400411037322,4.4,4.145309310327469,0.6309822820666667,-2.0849061096501207,-3.2231076249759085,-1.7219839666235288,3.194108348942755,1,R1: Growth / trend
2026-03-13,2026-03-13,660.4862060546875,86.54000091552734,460.8399963378906,-0.018041555783047,-0.0082042879242131,-0.1029858341989052,-0.0282552329538581,0.0072908945236556,-0.0477361019434131,-0.0272908432786955,0.0207191599342085,27.190000534057617,-2.299999237060547,4.284999847412109,4.28,-0.50151,0.0243400411037322,4.4,3.325174630138976,1.0934958055912254,-4.132917103014562,-1.931834769401725,-2.468401919869224,1.4491344219039048,1,R1: Growth / trend
