regime_filtered,n_weeks,next_return_spy,next_return_tlt,next_return_gld,vix_level,spy_ret_5d,spy_ret_20d,spy_vol_20d,spy_drawdown_60d,tlt_ret_5d,gld_ret_5d,nfci_level,dff_level,cpi_yoy,unrate_level,avg_duration_wks
0,318,0.002119510965016007,0.0016950406882034546,0.0006374971887155378,15.798742147361708,0.002413275521093494,0.009119565443261968,0.007916236564983824,-0.022189942166394253,0.0014298666640744715,0.0009789167828283183,-0.5176356918238993,0.9626729559748427,0.015519653059277628,4.7808176100628925,106.0
1,21,0.008763321551012584,0.0012868145911964235,0.009621406803203444,35.357142766316734,-0.0014948948840109325,0.007136460536441617,0.02421029569970302,-0.09963260111729118,0.0033981559519145233,0.007384889771378962,-0.13386714285714285,0.17,0.009019729998524914,9.995238095238095,10.5
