regime_filtered,n_weeks,next_return_spy,next_return_tlt,next_return_gld,vix_level,spy_ret_5d,spy_ret_20d,spy_vol_20d,spy_drawdown_60d,tlt_ret_5d,gld_ret_5d,nfci_level,dff_level,cpi_yoy,unrate_level,avg_duration_wks
0,21,0.021647057258029748,0.0059138971790273,0.01014066957256549,35.78952380589077,-0.018677301137418275,-0.01771686012721438,0.024358120217712352,-0.12069302724248672,0.0034676055927148237,0.0022617937884978757,-0.17542238095238097,0.5061904761904762,0.012739640977847624,8.20952380952381,2.625
1,86,3.880804981459267e-05,0.0017190101475744151,0.002104016792311377,19.95034873208334,0.005793916612308861,0.00892286986941418,0.011123442697105657,-0.037033958398057676,0.0032888215549385963,0.003532377328746244,-0.5200401162790698,1.5322093023255816,0.017349064314050148,5.272093023255814,9.555555555555555
2,232,0.0017246057963089438,0.0012673247060898728,4.6871309121377556e-05,14.220646595132761,0.0027154108550462206,0.011442132483295097,0.0067139777622223,-0.014781087232979767,0.00073448492669895,0.0004961038892574612,-0.5129829310344828,0.7211206896551725,0.014504793152052567,4.7603448275862075,77.33333333333333
