regime_filtered,n_weeks,next_return_spy,next_return_tlt,next_return_gld,vix_level,spy_ret_5d,spy_ret_20d,spy_vol_20d,spy_drawdown_60d,tlt_ret_5d,gld_ret_5d,nfci_level,dff_level,cpi_yoy,unrate_level,avg_duration_wks
0,93,0.008272256201871796,0.0005171306620759396,0.0030545573005565235,25.746021516861454,-0.0005374197471614138,-0.005746365540526522,0.015527190648009231,-0.06335119588157515,0.003607702248791273,0.005835036848572549,-0.3842461290322581,0.49591397849462365,0.011125941580185804,6.643010752688172,7.75
1,246,0.0003606276937897465,0.0021054995678486225,0.0004906496745002301,13.707804877583573,0.0031951579659736298,0.014570323079233928,0.006429880923145371,-0.013239939086951215,0.0007745632724727585,-0.0003100821332474948,-0.5353027235772357,1.0714634146341462,0.016625818844967596,4.521951219512196,20.5
