,to_0,to_1
from_0,0.9936908517350158,0.006309148264984227
from_1,0.09523809523809523,0.9047619047619048
