,to_0,to_1
from_0,0.8804347826086957,0.11956521739130435
from_1,0.04878048780487805,0.9512195121951219
