,to_0,to_1,to_2
from_0,0.6190476190476191,0.38095238095238093,0.0
from_1,0.07058823529411765,0.9058823529411765,0.023529411764705882
from_2,0.008620689655172414,0.004310344827586207,0.9870689655172413
