week_end,week_last_trade_date,regime_filtered,regime_viterbi,hmm_selection_role,hmm_selection_reason,hmm_feature_preset,hmm_selection_mode,hmm_n_states,hmm_n_pca,hmm_cov_type,hmm_selected_seed,filtered_prob_regime_0,smoothed_prob_regime_0,filtered_prob_regime_1,smoothed_prob_regime_1
2014-03-28,2014-03-28,1,1,project,Best interpretable candidate also has the best validation log-likelihood among survivors — no interpretability/likelihood trade-off to resolve.,regime_core,pipeline,2,8,diag,7,1.1910123249447967e-15,8.485891405068505e-16,0.9999999999999982,1.0
2014-04-04,2014-04-04,1,1,project,Best interpretable candidate also has the best validation log-likelihood among survivors — no interpretability/likelihood trade-off to resolve.,regime_core,pipeline,2,8,diag,7,0.041078243085313645,0.026553966829183786,0.9589217569146847,0.9734460331712098
2014-04-11,2014-04-11,1,1,project,Best interpretable candidate also has the best validation log-likelihood among survivors — no interpretability/likelihood trade-off to resolve.,regime_core,pipeline,2,8,diag,7,0.04290745375980753,0.045312281075664505,0.957092546240194,0.954687718923634
2014-04-18,2014-04-17,1,1,project,Best interpretable candidate also has the best validation log-likelihood among survivors — no interpretability/likelihood trade-off to resolve.,regime_core,pipeline,2,8,diag,7,0.36818856432296465,0.08095890622842333,0.6318114356770357,0.9190410937720327
2014-04-25,2014-04-25,1,1,project,Best interpretable candidate also has the best validation log-likelihood among survivors — no interpretability/likelihood trade-off to resolve.,regime_core,pipeline,2,8,diag,7,0.08059394110448129,0.03177612602535657,0.9194060588955255,0.9682238739744026
2014-05-02,2014-05-02,1,1,project,Best interpretable candidate also has the best validation log-likelihood among survivors — no interpretability/likelihood trade-off to resolve.,regime_core,pipeline,2,8,diag,7,0.23907091182872742,0.035322377033265386,0.7609290881712711,0.9646776229666947
2014-05-09,2014-05-09,1,1,project,Best interpretable candidate also has the best validation log-likelihood among survivors — no interpretability/likelihood trade-off to resolve.,regime_core,pipeline,2,8,diag,7,0.04715355825545458,0.007061183552012329,0.9528464417445521,0.9929388164476585
2014-05-16,2014-05-16,1,1,project,Best interpretable candidate also has the best validation log-likelihood among survivors — no interpretability/likelihood trade-off to resolve.,regime_core,pipeline,2,8,diag,7,0.0331315912000765,0.004382389833553078,0.9668684087999243,0.9956176101662384
2014-05-23,2014-05-23,1,1,project,Best interpretable candidate also has the best validation log-likelihood among survivors — no interpretability/likelihood trade-off to resolve.,regime_core,pipeline,2,8,diag,7,0.019487943301199143,0.0024938208650605877,0.9805120566987958,0.997506179134389
2014-05-30,2014-05-30,1,1,project,Best interpretable candidate also has the best validation log-likelihood among survivors — no interpretability/likelihood trade-off to resolve.,regime_core,pipeline,2,8,diag,7,0.01104358139945865,0.0018649802404956228,0.9889564186005319,0.9981350197600669
2014-06-06,2014-06-06,1,1,project,Best interpretable candidate also has the best validation log-likelihood among survivors — no interpretability/likelihood trade-off to resolve.,regime_core,pipeline,2,8,diag,7,0.036715641768593564,0.003858186215275908,0.9632843582313971,0.9961418137841604
2014-06-13,2014-06-13,1,1,project,Best interpretable candidate also has the best validation log-likelihood among survivors — no interpretability/likelihood trade-off to resolve.,regime_core,pipeline,2,8,diag,7,0.0036992038984834034,0.0004447491536778324,0.9963007961015125,0.9995552508471041
2014-06-20,2014-06-20,1,1,project,Best interpretable candidate also has the best validation log-likelihood among survivors — no interpretability/likelihood trade-off to resolve.,regime_core,pipeline,2,8,diag,7,0.00870555440578775,0.001109279280063105,0.9912944455942236,0.9988907207202811
2014-06-27,2014-06-27,1,1,project,Best interpretable candidate also has the best validation log-likelihood among survivors — no interpretability/likelihood trade-off to resolve.,regime_core,pipeline,2,8,diag,7,0.005383033492302531,0.0015720786236443568,0.9946169665076838,0.9984279213761723
2014-07-04,2014-07-03,1,1,project,Best interpretable candidate also has the best validation log-likelihood among survivors — no interpretability/likelihood trade-off to resolve.,regime_core,pipeline,2,8,diag,7,0.07196864912889853,0.00943607189182265,0.9280313508710908,0.990563928108565
2014-07-11,2014-07-11,1,1,project,Best interpretable candidate also has the best validation log-likelihood among survivors — no interpretability/likelihood trade-off to resolve.,regime_core,pipeline,2,8,diag,7,0.02115728018564797,0.003199902665219662,0.9788427198143593,0.9968000973353517
2014-07-18,2014-07-18,1,1,project,Best interpretable candidate also has the best validation log-likelihood among survivors — no interpretability/likelihood trade-off to resolve.,regime_core,pipeline,2,8,diag,7,0.02154271157182975,0.0033832672887699087,0.9784572884281777,0.9966167327112296
2014-07-25,2014-07-25,1,1,project,Best interpretable candidate also has the best validation log-likelihood among survivors — no interpretability/likelihood trade-off to resolve.,regime_core,pipeline,2,8,diag,7,0.009011103259858285,0.0037720382489334825,0.9909888967401403,0.9962279617516127
2014-08-01,2014-08-01,1,1,project,Best interpretable candidate also has the best validation log-likelihood among survivors — no interpretability/likelihood trade-off to resolve.,regime_core,pipeline,2,8,diag,7,0.09340747480548979,0.016658876292524948,0.9065925251945202,0.9833411237075115
2014-08-08,2014-08-08,1,1,project,Best interpretable candidate also has the best validation log-likelihood among survivors — no interpretability/likelihood trade-off to resolve.,regime_core,pipeline,2,8,diag,7,0.04867070236398999,0.009841602876161672,0.951329297636012,0.9901583971234672
2014-08-15,2014-08-15,1,1,project,Best interpretable candidate also has the best validation log-likelihood among survivors — no interpretability/likelihood trade-off to resolve.,regime_core,pipeline,2,8,diag,7,0.06355959982086361,0.009179396141074696,0.9364404001791189,0.9908206038581525
2014-08-22,2014-08-22,1,1,project,Best interpretable candidate also has the best validation log-likelihood among survivors — no interpretability/likelihood trade-off to resolve.,regime_core,pipeline,2,8,diag,7,0.04031795025503611,0.004449014723531203,0.9596820497449515,0.9955509852758224
2014-08-29,2014-08-29,1,1,project,Best interpretable candidate also has the best validation log-likelihood among survivors — no interpretability/likelihood trade-off to resolve.,regime_core,pipeline,2,8,diag,7,0.007994251843664604,0.0008695653201404484,0.992005748156308,0.9991304346800597
2014-09-05,2014-09-05,1,1,project,Best interpretable candidate also has the best validation log-likelihood among survivors — no interpretability/likelihood trade-off to resolve.,regime_core,pipeline,2,8,diag,7,0.0047379072927795605,0.0006068704481939881,0.995262092707212,0.9993931295525528
2014-09-12,2014-09-12,1,1,project,Best interpretable candidate also has the best validation log-likelihood among survivors — no interpretability/likelihood trade-off to resolve.,regime_core,pipeline,2,8,diag,7,0.013243268302426685,0.0015033829982419487,0.9867567316975532,0.9984966170023521
2014-09-19,2014-09-19,1,1,project,Best interpretable candidate also has the best validation log-likelihood among survivors — no interpretability/likelihood trade-off to resolve.,regime_core,pipeline,2,8,diag,7,0.0034249015342168914,0.0009067901110469965,0.9965750984657745,0.9990932098883082
2014-09-26,2014-09-26,1,1,project,Best interpretable candidate also has the best validation log-likelihood among survivors — no interpretability/likelihood trade-off to resolve.,regime_core,pipeline,2,8,diag,7,0.0019773481253205524,0.007808863564305767,0.9980226518747076,0.9921911364361098
2014-10-03,2014-10-03,1,1,project,Best interpretable candidate also has the best validation log-likelihood among survivors — no interpretability/likelihood trade-off to resolve.,regime_core,pipeline,2,8,diag,7,0.009491400546575579,0.17334190519742027,0.9905085994534323,0.8266580948034571
2014-10-10,2014-10-10,1,0,project,Best interpretable candidate also has the best validation log-likelihood among survivors — no interpretability/likelihood trade-off to resolve.,regime_core,pipeline,2,8,diag,7,0.4846561602051267,0.949204184059504,0.5153438397948658,0.05079581594126466
2014-10-17,2014-10-17,0,0,project,Best interpretable candidate also has the best validation log-likelihood among survivors — no interpretability/likelihood trade-off to resolve.,regime_core,pipeline,2,8,diag,7,0.988316471449503,0.9917961206305264,0.011683528550504073,0.008203879369513495
2014-10-24,2014-10-24,0,0,project,Best interpretable candidate also has the best validation log-likelihood among survivors — no interpretability/likelihood trade-off to resolve.,regime_core,pipeline,2,8,diag,7,0.9921003562211643,0.929387803367963,0.007899643778814167,0.07061219663157262
2014-10-31,2014-10-31,1,1,project,Best interpretable candidate also has the best validation log-likelihood among survivors — no interpretability/likelihood trade-off to resolve.,regime_core,pipeline,2,8,diag,7,0.4624461172781586,0.07725839832121792,0.537553882721818,0.9227416016789035
2014-11-07,2014-11-07,1,1,project,Best interpretable candidate also has the best validation log-likelihood among survivors — no interpretability/likelihood trade-off to resolve.,regime_core,pipeline,2,8,diag,7,0.010207490957124936,0.0010014382825599365,0.9897925090428732,0.9989985617182564
2014-11-14,2014-11-14,1,1,project,Best interpretable candidate also has the best validation log-likelihood among survivors — no interpretability/likelihood trade-off to resolve.,regime_core,pipeline,2,8,diag,7,0.000556638594009935,5.740253834673189e-05,0.9994433614059893,0.9999425974615797
2014-11-21,2014-11-21,1,1,project,Best interpretable candidate also has the best validation log-likelihood among survivors — no interpretability/likelihood trade-off to resolve.,regime_core,pipeline,2,8,diag,7,0.0007618117795151051,0.00030299182707302895,0.9992381882204839,0.9996970081738303
2014-11-28,2014-11-28,1,1,project,Best interpretable candidate also has the best validation log-likelihood among survivors — no interpretability/likelihood trade-off to resolve.,regime_core,pipeline,2,8,diag,7,0.002415877682766386,0.013212123588717548,0.9975841223172401,0.9867878764121047
2014-12-05,2014-12-05,1,1,project,Best interpretable candidate also has the best validation log-likelihood among survivors — no interpretability/likelihood trade-off to resolve.,regime_core,pipeline,2,8,diag,7,0.014233256709484856,0.24398773322929795,0.9857667432905359,0.7560122667701452
2014-12-12,2014-12-12,0,0,project,Best interpretable candidate also has the best validation log-likelihood among survivors — no interpretability/likelihood trade-off to resolve.,regime_core,pipeline,2,8,diag,7,0.9049932209270559,0.9688098522681586,0.09500677907297242,0.03119014773164882
2014-12-19,2014-12-19,0,0,project,Best interpretable candidate also has the best validation log-likelihood among survivors — no interpretability/likelihood trade-off to resolve.,regime_core,pipeline,2,8,diag,7,0.94266104033989,0.948396048187253,0.05733895966013649,0.05160395181272896
2014-12-26,2014-12-26,1,0,project,Best interpretable candidate also has the best validation log-likelihood among survivors — no interpretability/likelihood trade-off to resolve.,regime_core,pipeline,2,8,diag,7,0.44547501731269,0.872704115587278,0.5545249826873001,0.12729588441316048
2015-01-02,2015-01-02,1,0,project,Best interpretable candidate also has the best validation log-likelihood among survivors — no interpretability/likelihood trade-off to resolve.,regime_core,pipeline,2,8,diag,7,0.4345642277415915,0.9127211476232236,0.5654357722584334,0.08727885237710473
2015-01-09,2015-01-09,0,0,project,Best interpretable candidate also has the best validation log-likelihood among survivors — no interpretability/likelihood trade-off to resolve.,regime_core,pipeline,2,8,diag,7,0.5184928560215122,0.9608281089196569,0.4815071439784935,0.03917189108110889
2015-01-16,2015-01-16,0,0,project,Best interpretable candidate also has the best validation log-likelihood among survivors — no interpretability/likelihood trade-off to resolve.,regime_core,pipeline,2,8,diag,7,0.9775367763350468,0.9990146562105233,0.02246322366493926,0.000985343789794364
2015-01-23,2015-01-23,0,0,project,Best interpretable candidate also has the best validation log-likelihood among survivors — no interpretability/likelihood trade-off to resolve.,regime_core,pipeline,2,8,diag,7,0.9999506195349207,0.9999978687196719,4.938046509026914e-05,2.131279930818487e-06
2015-01-30,2015-01-30,0,0,project,Best interpretable candidate also has the best validation log-likelihood among survivors — no interpretability/likelihood trade-off to resolve.,regime_core,pipeline,2,8,diag,7,0.9999913237969703,0.9999754231922167,8.676203023459287e-06,2.457680698453052e-05
2015-02-06,2015-02-06,0,0,project,Best interpretable candidate also has the best validation log-likelihood among survivors — no interpretability/likelihood trade-off to resolve.,regime_core,pipeline,2,8,diag,7,0.9640787160725899,0.7306906412594929,0.0359212839273662,0.2693093587398284
2015-02-13,2015-02-13,1,1,project,Best interpretable candidate also has the best validation log-likelihood among survivors — no interpretability/likelihood trade-off to resolve.,regime_core,pipeline,2,8,diag,7,0.25254648936050456,0.03608761520678369,0.7474535106394878,0.963912384793468
2015-02-20,2015-02-20,1,1,project,Best interpretable candidate also has the best validation log-likelihood among survivors — no interpretability/likelihood trade-off to resolve.,regime_core,pipeline,2,8,diag,7,0.03544883522900501,0.005409425683415043,0.9645511647710026,0.9945905743173717
2015-02-27,2015-02-27,1,1,project,Best interpretable candidate also has the best validation log-likelihood among survivors — no interpretability/likelihood trade-off to resolve.,regime_core,pipeline,2,8,diag,7,0.013726246937171773,0.004125638761479304,0.9862737530628326,0.9958743612393324
2015-03-06,2015-03-06,1,1,project,Best interpretable candidate also has the best validation log-likelihood among survivors — no interpretability/likelihood trade-off to resolve.,regime_core,pipeline,2,8,diag,7,0.07200302454189778,0.0114516795507771,0.9279969754580544,0.9885483204493722
2015-03-13,2015-03-13,1,1,project,Best interpretable candidate also has the best validation log-likelihood among survivors — no interpretability/likelihood trade-off to resolve.,regime_core,pipeline,2,8,diag,7,0.020427369798045457,0.006359950127180876,0.9795726302019063,0.993640049872213
2015-03-20,2015-03-20,1,1,project,Best interpretable candidate also has the best validation log-likelihood among survivors — no interpretability/likelihood trade-off to resolve.,regime_core,pipeline,2,8,diag,7,0.10247284828824112,0.01341035198627214,0.8975271517117259,0.9865896480129085
2015-03-27,2015-03-27,1,1,project,Best interpretable candidate also has the best validation log-likelihood among survivors — no interpretability/likelihood trade-off to resolve.,regime_core,pipeline,2,8,diag,7,0.022351347453732344,0.003567361515409306,0.9776486525462416,0.9964326384845994
2015-04-03,2015-04-02,1,1,project,Best interpretable candidate also has the best validation log-likelihood among survivors — no interpretability/likelihood trade-off to resolve.,regime_core,pipeline,2,8,diag,7,0.03317721895735431,0.003978866804366361,0.966822781042594,0.9960211331957136
2015-04-10,2015-04-10,1,1,project,Best interpretable candidate also has the best validation log-likelihood among survivors — no interpretability/likelihood trade-off to resolve.,regime_core,pipeline,2,8,diag,7,0.013408849287762039,0.0015664894994799501,0.9865911507122682,0.9984335105004295
2015-04-17,2015-04-17,1,1,project,Best interpretable candidate also has the best validation log-likelihood among survivors — no interpretability/likelihood trade-off to resolve.,regime_core,pipeline,2,8,diag,7,0.011012856482677136,0.0010937537280762116,0.9889871435172916,0.9989062462712344
2015-04-24,2015-04-24,1,1,project,Best interpretable candidate also has the best validation log-likelihood among survivors — no interpretability/likelihood trade-off to resolve.,regime_core,pipeline,2,8,diag,7,0.0011444751706471304,0.00011930703687025482,0.9988555248293521,0.9998806929633607
2015-05-01,2015-05-01,1,1,project,Best interpretable candidate also has the best validation log-likelihood among survivors — no interpretability/likelihood trade-off to resolve.,regime_core,pipeline,2,8,diag,7,0.003580007862692689,0.0003542741043803613,0.9964199921373136,0.9996457258950894
2015-05-08,2015-05-08,1,1,project,Best interpretable candidate also has the best validation log-likelihood among survivors — no interpretability/likelihood trade-off to resolve.,regime_core,pipeline,2,8,diag,7,0.0011660569814523358,0.00011719105337977907,0.9988339430185172,0.999882808947218
2015-05-15,2015-05-15,1,1,project,Best interpretable candidate also has the best validation log-likelihood among survivors — no interpretability/likelihood trade-off to resolve.,regime_core,pipeline,2,8,diag,7,0.0018761623888375763,0.00018884326328549668,0.9981238376111284,0.9998111567363035
2015-05-22,2015-05-22,1,1,project,Best interpretable candidate also has the best validation log-likelihood among survivors — no interpretability/likelihood trade-off to resolve.,regime_core,pipeline,2,8,diag,7,0.0017584134180681323,0.00019581875629505076,0.9982415865819703,0.9998041812442633
2015-05-29,2015-05-29,1,1,project,Best interpretable candidate also has the best validation log-likelihood among survivors — no interpretability/likelihood trade-off to resolve.,regime_core,pipeline,2,8,diag,7,0.0038662471859505403,0.0006752336569048823,0.99613375281409,0.9993247663431496
2015-06-05,2015-06-05,1,1,project,Best interpretable candidate also has the best validation log-likelihood among survivors — no interpretability/likelihood trade-off to resolve.,regime_core,pipeline,2,8,diag,7,0.03518172510277584,0.003660087638897872,0.9648182748971798,0.996339912361998
2015-06-12,2015-06-12,1,1,project,Best interpretable candidate also has the best validation log-likelihood among survivors — no interpretability/likelihood trade-off to resolve.,regime_core,pipeline,2,8,diag,7,0.0034561416627342263,0.0003663467343079619,0.9965438583372124,0.9996336532664953
2015-06-19,2015-06-19,1,1,project,Best interpretable candidate also has the best validation log-likelihood among survivors — no interpretability/likelihood trade-off to resolve.,regime_core,pipeline,2,8,diag,7,0.003880486670235683,0.00044416685678980855,0.9961195133298172,0.9995558331431862
2015-06-26,2015-06-26,1,1,project,Best interpretable candidate also has the best validation log-likelihood among survivors — no interpretability/likelihood trade-off to resolve.,regime_core,pipeline,2,8,diag,7,0.00813881095619748,0.000842654216851347,0.9918611890438287,0.9991573457831832
2015-07-03,2015-07-02,1,1,project,Best interpretable candidate also has the best validation log-likelihood among survivors — no interpretability/likelihood trade-off to resolve.,regime_core,pipeline,2,8,diag,7,0.0032633408656551717,0.0003410214362639053,0.9967366591343012,0.9996589785630318
2015-07-10,2015-07-10,1,1,project,Best interpretable candidate also has the best validation log-likelihood among survivors — no interpretability/likelihood trade-off to resolve.,regime_core,pipeline,2,8,diag,7,0.0026254186222510003,0.00037390575708972853,0.9973745813777241,0.9996260942426115
2015-07-17,2015-07-17,1,1,project,Best interpretable candidate also has the best validation log-likelihood among survivors — no interpretability/likelihood trade-off to resolve.,regime_core,pipeline,2,8,diag,7,0.012597686804464586,0.002101091127833065,0.987402313195543,0.9978989088722588
2015-07-24,2015-07-24,1,1,project,Best interpretable candidate also has the best validation log-likelihood among survivors — no interpretability/likelihood trade-off to resolve.,regime_core,pipeline,2,8,diag,7,0.01474704692067086,0.003842963843318305,0.9852529530793338,0.9961570361562646
2015-07-31,2015-07-31,1,1,project,Best interpretable candidate also has the best validation log-likelihood among survivors — no interpretability/likelihood trade-off to resolve.,regime_core,pipeline,2,8,diag,7,0.013479910851985756,0.009355325999531977,0.9865200891480513,0.990644673999625
2015-08-07,2015-08-07,1,1,project,Best interpretable candidate also has the best validation log-likelihood among survivors — no interpretability/likelihood trade-off to resolve.,regime_core,pipeline,2,8,diag,7,0.012187638699893245,0.03348123046039383,0.9878123613001154,0.966518769539959
2015-08-14,2015-08-14,1,1,project,Best interpretable candidate also has the best validation log-likelihood among survivors — no interpretability/likelihood trade-off to resolve.,regime_core,pipeline,2,8,diag,7,0.007245239562415028,0.14537499770660714,0.9927547604375588,0.8546250022930105
2015-08-21,2015-08-21,0,0,project,Best interpretable candidate also has the best validation log-likelihood among survivors — no interpretability/likelihood trade-off to resolve.,regime_core,pipeline,2,8,diag,7,0.9999900371848915,0.9999995673953007,9.962815065752972e-06,4.3260397478518214e-07
2015-08-28,2015-08-28,0,0,project,Best interpretable candidate also has the best validation log-likelihood among survivors — no interpretability/likelihood trade-off to resolve.,regime_core,pipeline,2,8,diag,7,0.9988370826294332,0.9999500342860765,0.0011629173705400616,4.9965713154464593e-05
2015-09-04,2015-09-04,0,0,project,Best interpretable candidate also has the best validation log-likelihood among survivors — no interpretability/likelihood trade-off to resolve.,regime_core,pipeline,2,8,diag,7,0.9999685781233931,0.999998618107429,3.1421876550487626e-05,1.3818930166220383e-06
2015-09-11,2015-09-11,0,0,project,Best interpretable candidate also has the best validation log-likelihood among survivors — no interpretability/likelihood trade-off to resolve.,regime_core,pipeline,2,8,diag,7,0.997720210976281,0.9998963442060563,0.002279789023684225,0.00010365579477844923
2015-09-18,2015-09-18,0,0,project,Best interpretable candidate also has the best validation log-likelihood among survivors — no interpretability/likelihood trade-off to resolve.,regime_core,pipeline,2,8,diag,7,0.9951244893849925,0.9997564843376913,0.004875510614974472,0.00024351566315620088
2015-09-25,2015-09-25,0,0,project,Best interpretable candidate also has the best validation log-likelihood among survivors — no interpretability/likelihood trade-off to resolve.,regime_core,pipeline,2,8,diag,7,0.9927535649364979,0.9993091725262178,0.007246435063498367,0.0006908274730040919
2015-10-02,2015-10-02,0,0,project,Best interpretable candidate also has the best validation log-likelihood among survivors — no interpretability/likelihood trade-off to resolve.,regime_core,pipeline,2,8,diag,7,0.9984276140314369,0.9946235204870532,0.001572385968656378,0.005376479513343512
2015-10-09,2015-10-09,0,0,project,Best interpretable candidate also has the best validation log-likelihood among survivors — no interpretability/likelihood trade-off to resolve.,regime_core,pipeline,2,8,diag,7,0.9218189120233022,0.669251164463275,0.07818108797664339,0.3307488355366171
2015-10-16,2015-10-16,0,1,project,Best interpretable candidate also has the best validation log-likelihood among survivors — no interpretability/likelihood trade-off to resolve.,regime_core,pipeline,2,8,diag,7,0.797430611625892,0.29666285307644225,0.20256938837412092,0.7033371469237808
2015-10-23,2015-10-23,1,1,project,Best interpretable candidate also has the best validation log-likelihood among survivors — no interpretability/likelihood trade-off to resolve.,regime_core,pipeline,2,8,diag,7,0.23709542395721664,0.030967141465070267,0.7629045760428768,0.9690328585346176
2015-10-30,2015-10-30,1,1,project,Best interpretable candidate also has the best validation log-likelihood among survivors — no interpretability/likelihood trade-off to resolve.,regime_core,pipeline,2,8,diag,7,0.019998915782551224,0.0023053957523101005,0.9800010842173414,0.9976946042479016
2015-11-06,2015-11-06,1,1,project,Best interpretable candidate also has the best validation log-likelihood among survivors — no interpretability/likelihood trade-off to resolve.,regime_core,pipeline,2,8,diag,7,0.0032705080562190885,0.001084777217835529,0.9967294919436895,0.9989152227815499
2015-11-13,2015-11-13,1,1,project,Best interpretable candidate also has the best validation log-likelihood among survivors — no interpretability/likelihood trade-off to resolve.,regime_core,pipeline,2,8,diag,7,0.08558044509211157,0.010878753416960946,0.9144195549077881,0.9891212465825608
2015-11-20,2015-11-20,1,1,project,Best interpretable candidate also has the best validation log-likelihood among survivors — no interpretability/likelihood trade-off to resolve.,regime_core,pipeline,2,8,diag,7,0.020652398527278133,0.002899552217419021,0.9793476014726432,0.9971004477817708
2015-11-27,2015-11-27,1,1,project,Best interpretable candidate also has the best validation log-likelihood among survivors — no interpretability/likelihood trade-off to resolve.,regime_core,pipeline,2,8,diag,7,0.003890283349466013,0.0026761817514803533,0.9961097166504871,0.9973238182481196
2015-12-04,2015-12-04,1,1,project,Best interpretable candidate also has the best validation log-likelihood among survivors — no interpretability/likelihood trade-off to resolve.,regime_core,pipeline,2,8,diag,7,0.0015137336448421688,0.02770211658879303,0.9984862663551748,0.9722978834116479
2015-12-11,2015-12-11,0,0,project,Best interpretable candidate also has the best validation log-likelihood among survivors — no interpretability/likelihood trade-off to resolve.,regime_core,pipeline,2,8,diag,7,0.8483432437071853,0.810869273665264,0.15165675629291195,0.1891307263345903
2015-12-18,2015-12-18,0,0,project,Best interpretable candidate also has the best validation log-likelihood among survivors — no interpretability/likelihood trade-off to resolve.,regime_core,pipeline,2,8,diag,7,0.7455278496762131,0.7175668974567038,0.2544721503238996,0.2824331025434149
2015-12-25,2015-12-24,1,0,project,Best interpretable candidate also has the best validation log-likelihood among survivors — no interpretability/likelihood trade-off to resolve.,regime_core,pipeline,2,8,diag,7,0.26716666659044674,0.650050124160443,0.7328333334095286,0.349949875840239
2016-01-01,2015-12-31,1,0,project,Best interpretable candidate also has the best validation log-likelihood among survivors — no interpretability/likelihood trade-off to resolve.,regime_core,pipeline,2,8,diag,7,0.09752178494397287,0.7157957030981877,0.9024782150559573,0.28420429690123167
2016-01-08,2016-01-08,0,0,project,Best interpretable candidate also has the best validation log-likelihood among survivors — no interpretability/likelihood trade-off to resolve.,regime_core,pipeline,2,8,diag,7,0.9998446590486108,0.9999933334278767,0.0001553409514384091,6.6665726174503995e-06
2016-01-15,2016-01-15,0,0,project,Best interpretable candidate also has the best validation log-likelihood among survivors — no interpretability/likelihood trade-off to resolve.,regime_core,pipeline,2,8,diag,7,0.9999877054945946,0.9999994684059451,1.2294505367390643e-05,5.31593755040752e-07
2016-01-22,2016-01-22,0,0,project,Best interpretable candidate also has the best validation log-likelihood among survivors — no interpretability/likelihood trade-off to resolve.,regime_core,pipeline,2,8,diag,7,0.9992494407477331,0.9999677611862318,0.0007505592521609179,3.223881442878089e-05
2016-01-29,2016-01-29,0,0,project,Best interpretable candidate also has the best validation log-likelihood among survivors — no interpretability/likelihood trade-off to resolve.,regime_core,pipeline,2,8,diag,7,0.9999584381918482,0.9999982162896678,4.156180816931064e-05,1.7837098896523004e-06
2016-02-05,2016-02-05,0,0,project,Best interpretable candidate also has the best validation log-likelihood among survivors — no interpretability/likelihood trade-off to resolve.,regime_core,pipeline,2,8,diag,7,0.9999741849113651,0.9999988924052327,2.5815088589376533e-05,1.107595362354021e-06
2016-02-12,2016-02-12,0,0,project,Best interpretable candidate also has the best validation log-likelihood among survivors — no interpretability/likelihood trade-off to resolve.,regime_core,pipeline,2,8,diag,7,0.9999999218096067,0.9999999966385076,7.819037818798968e-08,3.3608675480385763e-09
2016-02-19,2016-02-19,0,0,project,Best interpretable candidate also has the best validation log-likelihood among survivors — no interpretability/likelihood trade-off to resolve.,regime_core,pipeline,2,8,diag,7,0.9999333489141243,0.9999923487413833,6.665108589465914e-05,7.651259400092523e-06
2016-02-26,2016-02-26,0,0,project,Best interpretable candidate also has the best validation log-likelihood among survivors — no interpretability/likelihood trade-off to resolve.,regime_core,pipeline,2,8,diag,7,0.9970962217623345,0.9930563978813574,0.0029037782377710226,0.006943602119125578
2016-03-04,2016-03-04,0,0,project,Best interpretable candidate also has the best validation log-likelihood among survivors — no interpretability/likelihood trade-off to resolve.,regime_core,pipeline,2,8,diag,7,0.9550638183034437,0.7671170705547307,0.04493618169665873,0.2328829294459672
2016-03-11,2016-03-11,0,1,project,Best interpretable candidate also has the best validation log-likelihood among survivors — no interpretability/likelihood trade-off to resolve.,regime_core,pipeline,2,8,diag,7,0.7728945809173607,0.29311079875846807,0.22710541908256013,0.7068892012423814
2016-03-18,2016-03-18,1,1,project,Best interpretable candidate also has the best validation log-likelihood among survivors — no interpretability/likelihood trade-off to resolve.,regime_core,pipeline,2,8,diag,7,0.400958559797903,0.06289149758745816,0.5990414402020445,0.9371085024123955
2016-03-25,2016-03-24,1,1,project,Best interpretable candidate also has the best validation log-likelihood among survivors — no interpretability/likelihood trade-off to resolve.,regime_core,pipeline,2,8,diag,7,0.02646982224585715,0.002773678737296041,0.9735301777541132,0.9972263212621264
2016-04-01,2016-04-01,1,1,project,Best interpretable candidate also has the best validation log-likelihood among survivors — no interpretability/likelihood trade-off to resolve.,regime_core,pipeline,2,8,diag,7,0.004128061166546027,0.0004329025944343182,0.9958719388334029,0.999567097406309
2016-04-08,2016-04-08,1,1,project,Best interpretable candidate also has the best validation log-likelihood among survivors — no interpretability/likelihood trade-off to resolve.,regime_core,pipeline,2,8,diag,7,0.004003607066313709,0.0003944004962120763,0.9959963929337224,0.9996055995033852
2016-04-15,2016-04-15,1,1,project,Best interpretable candidate also has the best validation log-likelihood among survivors — no interpretability/likelihood trade-off to resolve.,regime_core,pipeline,2,8,diag,7,0.0009604336559919553,9.546136087885134e-05,0.9990395663439647,0.9999045386395418
2016-04-22,2016-04-22,1,1,project,Best interpretable candidate also has the best validation log-likelihood among survivors — no interpretability/likelihood trade-off to resolve.,regime_core,pipeline,2,8,diag,7,0.0011098894930604056,0.0001400225018491173,0.9988901105068961,0.9998599774987126
2016-04-29,2016-04-29,1,1,project,Best interpretable candidate also has the best validation log-likelihood among survivors — no interpretability/likelihood trade-off to resolve.,regime_core,pipeline,2,8,diag,7,0.012925245297215296,0.0013216576860492736,0.9870747547027315,0.9986783423145408
2016-05-06,2016-05-06,1,1,project,Best interpretable candidate also has the best validation log-likelihood among survivors — no interpretability/likelihood trade-off to resolve.,regime_core,pipeline,2,8,diag,7,0.002613562451472887,0.0002772474562527932,0.9973864375485126,0.9997227525431538
2016-05-13,2016-05-13,1,1,project,Best interpretable candidate also has the best validation log-likelihood among survivors — no interpretability/likelihood trade-off to resolve.,regime_core,pipeline,2,8,diag,7,0.00424287450270427,0.0004434553836987907,0.9957571254973556,0.9995565446160299
2016-05-20,2016-05-20,1,1,project,Best interpretable candidate also has the best validation log-likelihood among survivors — no interpretability/likelihood trade-off to resolve.,regime_core,pipeline,2,8,diag,7,0.0037959395337365705,0.000378315589014643,0.9962040604661527,0.9996216844105025
2016-05-27,2016-05-27,1,1,project,Best interpretable candidate also has the best validation log-likelihood among survivors — no interpretability/likelihood trade-off to resolve.,regime_core,pipeline,2,8,diag,7,0.0009752571146371469,0.00014975237010977766,0.9990247428854718,0.9998502476300288
2016-06-03,2016-06-03,1,1,project,Best interpretable candidate also has the best validation log-likelihood among survivors — no interpretability/likelihood trade-off to resolve.,regime_core,pipeline,2,8,diag,7,0.0025987859672249617,0.002524191764474408,0.9974012140328219,0.9974758082362801
2016-06-10,2016-06-10,1,1,project,Best interpretable candidate also has the best validation log-likelihood among survivors — no interpretability/likelihood trade-off to resolve.,regime_core,pipeline,2,8,diag,7,0.005829573161055794,0.039889060961995904,0.9941704268390421,0.9601109390384125
2016-06-17,2016-06-17,1,1,project,Best interpretable candidate also has the best validation log-likelihood among survivors — no interpretability/likelihood trade-off to resolve.,regime_core,pipeline,2,8,diag,7,0.020673249890243293,0.3286031719373102,0.9793267501098489,0.6713968280632123
2016-06-24,2016-06-24,0,0,project,Best interpretable candidate also has the best validation log-likelihood among survivors — no interpretability/likelihood trade-off to resolve.,regime_core,pipeline,2,8,diag,7,0.92752666376365,0.9964438047368828,0.07247333623641128,0.0035561952630811795
2016-07-01,2016-07-01,0,0,project,Best interpretable candidate also has the best validation log-likelihood among survivors — no interpretability/likelihood trade-off to resolve.,regime_core,pipeline,2,8,diag,7,0.9989641529054732,0.9995167694085861,0.0010358470944157089,0.00048323059224970866
2016-07-08,2016-07-08,0,0,project,Best interpretable candidate also has the best validation log-likelihood among survivors — no interpretability/likelihood trade-off to resolve.,regime_core,pipeline,2,8,diag,7,0.9947183740085029,0.958714903378533,0.00528162599155752,0.041285096621114584
2016-07-15,2016-07-15,0,1,project,Best interpretable candidate also has the best validation log-likelihood among survivors — no interpretability/likelihood trade-off to resolve.,regime_core,pipeline,2,8,diag,7,0.6602535880773773,0.21219310281141024,0.33974641192270927,0.787806897189209
2016-07-22,2016-07-22,1,1,project,Best interpretable candidate also has the best validation log-likelihood among survivors — no interpretability/likelihood trade-off to resolve.,regime_core,pipeline,2,8,diag,7,0.3951876085898833,0.06673041896656018,0.6048123914101784,0.9332695810326492
2016-07-29,2016-07-29,1,1,project,Best interpretable candidate also has the best validation log-likelihood among survivors — no interpretability/likelihood trade-off to resolve.,regime_core,pipeline,2,8,diag,7,0.08158518774359501,0.008679131501921726,0.9184148122563396,0.9913208684975703
2016-08-05,2016-08-05,1,1,project,Best interpretable candidate also has the best validation log-likelihood among survivors — no interpretability/likelihood trade-off to resolve.,regime_core,pipeline,2,8,diag,7,0.003181457059142992,0.0003184832333154382,0.996818542940813,0.999681516767339
2016-08-12,2016-08-12,1,1,project,Best interpretable candidate also has the best validation log-likelihood among survivors — no interpretability/likelihood trade-off to resolve.,regime_core,pipeline,2,8,diag,7,0.0017425807876973287,0.00017077045402435776,0.998257419212397,0.999829229545963
2016-08-19,2016-08-19,1,1,project,Best interpretable candidate also has the best validation log-likelihood among survivors — no interpretability/likelihood trade-off to resolve.,regime_core,pipeline,2,8,diag,7,0.0007785184711674855,7.691072707637035e-05,0.9992214815289057,0.9999230892736843
2016-08-26,2016-08-26,1,1,project,Best interpretable candidate also has the best validation log-likelihood among survivors — no interpretability/likelihood trade-off to resolve.,regime_core,pipeline,2,8,diag,7,0.0011571844007579048,0.0001137316539680537,0.9988428155991952,0.9998862683456261
2016-09-02,2016-09-02,1,1,project,Best interpretable candidate also has the best validation log-likelihood among survivors — no interpretability/likelihood trade-off to resolve.,regime_core,pipeline,2,8,diag,7,0.0007774692578996012,9.076814563996909e-05,0.9992225307420393,0.9999092318536289
2016-09-09,2016-09-09,1,1,project,Best interpretable candidate also has the best validation log-likelihood among survivors — no interpretability/likelihood trade-off to resolve.,regime_core,pipeline,2,8,diag,7,0.008970229235546292,0.0009008277647161863,0.9910297707644926,0.9990991722350462
2016-09-16,2016-09-16,1,1,project,Best interpretable candidate also has the best validation log-likelihood among survivors — no interpretability/likelihood trade-off to resolve.,regime_core,pipeline,2,8,diag,7,0.0017896515663805299,0.00018161260861886423,0.9982103484335579,0.9998183873911953
2016-09-23,2016-09-23,1,1,project,Best interpretable candidate also has the best validation log-likelihood among survivors — no interpretability/likelihood trade-off to resolve.,regime_core,pipeline,2,8,diag,7,0.0023173411701668885,0.00023277356924920257,0.9976826588297882,0.9997672264310826
2016-09-30,2016-09-30,1,1,project,Best interpretable candidate also has the best validation log-likelihood among survivors — no interpretability/likelihood trade-off to resolve.,regime_core,pipeline,2,8,diag,7,0.0018844360020588622,0.0001866222333069624,0.9981155639979036,0.9998133777673499
2016-10-07,2016-10-07,1,1,project,Best interpretable candidate also has the best validation log-likelihood among survivors — no interpretability/likelihood trade-off to resolve.,regime_core,pipeline,2,8,diag,7,0.0012260121242411576,0.0001230577908600475,0.9987739878757909,0.9998769422088628
2016-10-14,2016-10-14,1,1,project,Best interpretable candidate also has the best validation log-likelihood among survivors — no interpretability/likelihood trade-off to resolve.,regime_core,pipeline,2,8,diag,7,0.0018327433130103181,0.00018312330274860154,0.9981672566869352,0.9998168766977338
2016-10-21,2016-10-21,1,1,project,Best interpretable candidate also has the best validation log-likelihood among survivors — no interpretability/likelihood trade-off to resolve.,regime_core,pipeline,2,8,diag,7,0.0011408657071883574,0.0001627769076328046,0.9988591342927324,0.9998372230930614
2016-10-28,2016-10-28,1,1,project,Best interpretable candidate also has the best validation log-likelihood among survivors — no interpretability/likelihood trade-off to resolve.,regime_core,pipeline,2,8,diag,7,0.0028858976271492497,0.0020523100601540153,0.9971141023728572,0.9979476899403932
2016-11-04,2016-11-04,1,1,project,Best interpretable candidate also has the best validation log-likelihood among survivors — no interpretability/likelihood trade-off to resolve.,regime_core,pipeline,2,8,diag,7,0.05072453018719606,0.028198216723672672,0.9492754698128029,0.9718017832763317
2016-11-11,2016-11-11,1,1,project,Best interpretable candidate also has the best validation log-likelihood among survivors — no interpretability/likelihood trade-off to resolve.,regime_core,pipeline,2,8,diag,7,0.26918328431001354,0.04201251991906356,0.7308167156899497,0.9579874800810315
2016-11-18,2016-11-18,1,1,project,Best interpretable candidate also has the best validation log-likelihood among survivors — no interpretability/likelihood trade-off to resolve.,regime_core,pipeline,2,8,diag,7,0.07480553935055333,0.009072821289413046,0.9251944606495015,0.9909271787096832
2016-11-25,2016-11-25,1,1,project,Best interpretable candidate also has the best validation log-likelihood among survivors — no interpretability/likelihood trade-off to resolve.,regime_core,pipeline,2,8,diag,7,0.011880342841968684,0.0021071221915960375,0.988119657157945,0.9978928778075515
2016-12-02,2016-12-02,1,1,project,Best interpretable candidate also has the best validation log-likelihood among survivors — no interpretability/likelihood trade-off to resolve.,regime_core,pipeline,2,8,diag,7,0.04191964972798735,0.004375337093771948,0.9580803502719957,0.9956246629069784
2016-12-09,2016-12-09,1,1,project,Best interpretable candidate also has the best validation log-likelihood among survivors — no interpretability/likelihood trade-off to resolve.,regime_core,pipeline,2,8,diag,7,0.0037771709438797823,0.00037337391847535066,0.996222829056039,0.9996266260818505
2016-12-16,2016-12-16,1,1,project,Best interpretable candidate also has the best validation log-likelihood among survivors — no interpretability/likelihood trade-off to resolve.,regime_core,pipeline,2,8,diag,7,0.0011497509401776503,0.00011177700505076068,0.9988502490597989,0.9998882229949371
2016-12-23,2016-12-23,1,1,project,Best interpretable candidate also has the best validation log-likelihood among survivors — no interpretability/likelihood trade-off to resolve.,regime_core,pipeline,2,8,diag,7,0.0004466823671465632,4.3734267252379744e-05,0.999553317632744,0.9999562657335818
2016-12-30,2016-12-30,1,1,project,Best interpretable candidate also has the best validation log-likelihood among survivors — no interpretability/likelihood trade-off to resolve.,regime_core,pipeline,2,8,diag,7,0.0007800366143307422,7.577642634526061e-05,0.9992199633856131,0.9999242235743568
2017-01-06,2017-01-06,1,1,project,Best interpretable candidate also has the best validation log-likelihood among survivors — no interpretability/likelihood trade-off to resolve.,regime_core,pipeline,2,8,diag,7,0.00041200483462981887,4.155900096942823e-05,0.9995879951653306,0.9999584409993416
2017-01-13,2017-01-13,1,1,project,Best interpretable candidate also has the best validation log-likelihood among survivors — no interpretability/likelihood trade-off to resolve.,regime_core,pipeline,2,8,diag,7,0.0019608601676954947,0.0002045947569014418,0.9980391398322344,0.9997954052427085
2017-01-20,2017-01-20,1,1,project,Best interpretable candidate also has the best validation log-likelihood among survivors — no interpretability/likelihood trade-off to resolve.,regime_core,pipeline,2,8,diag,7,0.003687263071482928,0.0003615872304785764,0.996312736928454,0.9996384127692493
2017-01-27,2017-01-27,1,1,project,Best interpretable candidate also has the best validation log-likelihood among survivors — no interpretability/likelihood trade-off to resolve.,regime_core,pipeline,2,8,diag,7,0.0007770753110676374,7.526181706140338e-05,0.9992229246890446,0.9999247381821631
2017-02-03,2017-02-03,1,1,project,Best interpretable candidate also has the best validation log-likelihood among survivors — no interpretability/likelihood trade-off to resolve.,regime_core,pipeline,2,8,diag,7,0.0002967795254466927,2.8767146017749735e-05,0.9997032204744507,0.9999712328544396
2017-02-10,2017-02-10,1,1,project,Best interpretable candidate also has the best validation log-likelihood among survivors — no interpretability/likelihood trade-off to resolve.,regime_core,pipeline,2,8,diag,7,0.0003475178298275351,3.367299295533101e-05,0.9996524821700851,0.999966327007647
2017-02-17,2017-02-17,1,1,project,Best interpretable candidate also has the best validation log-likelihood among survivors — no interpretability/likelihood trade-off to resolve.,regime_core,pipeline,2,8,diag,7,0.0003188159233451964,3.1986639852793527e-05,0.9996811840767675,0.9999680133610054
2017-02-24,2017-02-24,1,1,project,Best interpretable candidate also has the best validation log-likelihood among survivors — no interpretability/likelihood trade-off to resolve.,regime_core,pipeline,2,8,diag,7,0.0018383851385601231,0.00018106309216502385,0.9981616148613416,0.9998189369082722
2017-03-03,2017-03-03,1,1,project,Best interpretable candidate also has the best validation log-likelihood among survivors — no interpretability/likelihood trade-off to resolve.,regime_core,pipeline,2,8,diag,7,0.0010185666084320377,9.875121302958497e-05,0.9989814333915752,0.9999012487873759
2017-03-10,2017-03-10,1,1,project,Best interpretable candidate also has the best validation log-likelihood among survivors — no interpretability/likelihood trade-off to resolve.,regime_core,pipeline,2,8,diag,7,0.0003347818518148445,3.233402917964365e-05,0.9996652181482895,0.9999676659706677
2017-03-17,2017-03-17,1,1,project,Best interpretable candidate also has the best validation log-likelihood among survivors — no interpretability/likelihood trade-off to resolve.,regime_core,pipeline,2,8,diag,7,0.00019044457247753506,1.8425040546092492e-05,0.9998095554276004,0.9999815749603245
2017-03-24,2017-03-24,1,1,project,Best interpretable candidate also has the best validation log-likelihood among survivors — no interpretability/likelihood trade-off to resolve.,regime_core,pipeline,2,8,diag,7,0.0002687940764532172,2.605355483664114e-05,0.9997312059234602,0.9999739464448557
2017-03-31,2017-03-31,1,1,project,Best interpretable candidate also has the best validation log-likelihood among survivors — no interpretability/likelihood trade-off to resolve.,regime_core,pipeline,2,8,diag,7,0.0003414641245951848,3.360707027780367e-05,0.9996585358754926,0.9999663929292433
2017-04-07,2017-04-07,1,1,project,Best interpretable candidate also has the best validation log-likelihood among survivors — no interpretability/likelihood trade-off to resolve.,regime_core,pipeline,2,8,diag,7,0.0008878657512136095,9.819734456988573e-05,0.9991121342486832,0.99990180265512
2017-04-14,2017-04-13,1,1,project,Best interpretable candidate also has the best validation log-likelihood among survivors — no interpretability/likelihood trade-off to resolve.,regime_core,pipeline,2,8,diag,7,0.006427266550620917,0.0006324220869888702,0.9935727334492772,0.9993675779131235
2017-04-21,2017-04-21,1,1,project,Best interpretable candidate also has the best validation log-likelihood among survivors — no interpretability/likelihood trade-off to resolve.,regime_core,pipeline,2,8,diag,7,0.0008567251890387182,8.409885123135165e-05,0.999143274810933,0.999915901148079
2017-04-28,2017-04-28,1,1,project,Best interpretable candidate also has the best validation log-likelihood among survivors — no interpretability/likelihood trade-off to resolve.,regime_core,pipeline,2,8,diag,7,0.0008890479946223941,8.605503735902409e-05,0.9991109520053183,0.9999139449623121
2017-05-05,2017-05-05,1,1,project,Best interpretable candidate also has the best validation log-likelihood among survivors — no interpretability/likelihood trade-off to resolve.,regime_core,pipeline,2,8,diag,7,0.0002673118858877973,2.5858083173128024e-05,0.9997326881140525,0.9999741419174782
2017-05-12,2017-05-12,1,1,project,Best interpretable candidate also has the best validation log-likelihood among survivors — no interpretability/likelihood trade-off to resolve.,regime_core,pipeline,2,8,diag,7,0.00026054860337000027,2.5212094410076977e-05,0.9997394513966111,0.9999747879059742
2017-05-19,2017-05-19,1,1,project,Best interpretable candidate also has the best validation log-likelihood among survivors — no interpretability/likelihood trade-off to resolve.,regime_core,pipeline,2,8,diag,7,0.00027439325818313926,2.6605697304380145e-05,0.9997256067418686,0.9999733943033414
2017-05-26,2017-05-26,1,1,project,Best interpretable candidate also has the best validation log-likelihood among survivors — no interpretability/likelihood trade-off to resolve.,regime_core,pipeline,2,8,diag,7,0.0003534890777618928,3.507943025041333e-05,0.9996465109222037,0.9999649205697341
2017-06-02,2017-06-02,1,1,project,Best interpretable candidate also has the best validation log-likelihood among survivors — no interpretability/likelihood trade-off to resolve.,regime_core,pipeline,2,8,diag,7,0.0013633814764938946,0.00013366164807588767,0.9986366185235978,0.999866338352606
2017-06-09,2017-06-09,1,1,project,Best interpretable candidate also has the best validation log-likelihood among survivors — no interpretability/likelihood trade-off to resolve.,regime_core,pipeline,2,8,diag,7,0.0008192589602292091,7.944816051377672e-05,0.9991807410398406,0.9999205518399759
2017-06-16,2017-06-16,1,1,project,Best interpretable candidate also has the best validation log-likelihood among survivors — no interpretability/likelihood trade-off to resolve.,regime_core,pipeline,2,8,diag,7,0.0003499877629252645,3.40278324897897e-05,0.9996500122370839,0.999965972167568
2017-06-23,2017-06-23,1,1,project,Best interpretable candidate also has the best validation log-likelihood among survivors — no interpretability/likelihood trade-off to resolve.,regime_core,pipeline,2,8,diag,7,0.00047024209964154637,4.63096480299105e-05,0.9995297579003594,0.9999536903515343
2017-06-30,2017-06-30,1,1,project,Best interpretable candidate also has the best validation log-likelihood among survivors — no interpretability/likelihood trade-off to resolve.,regime_core,pipeline,2,8,diag,7,0.0010287635167013846,0.00010060042762414809,0.9989712364832268,0.9998993995724479
2017-07-07,2017-07-07,1,1,project,Best interpretable candidate also has the best validation log-likelihood among survivors — no interpretability/likelihood trade-off to resolve.,regime_core,pipeline,2,8,diag,7,0.0007146500656351183,6.91727653135685e-05,0.9992853499343017,0.9999308272350683
2017-07-14,2017-07-14,1,1,project,Best interpretable candidate also has the best validation log-likelihood among survivors — no interpretability/likelihood trade-off to resolve.,regime_core,pipeline,2,8,diag,7,0.0002721933261992167,2.633162762783115e-05,0.9997278066738225,0.9999736683723153
2017-07-21,2017-07-21,1,1,project,Best interpretable candidate also has the best validation log-likelihood among survivors — no interpretability/likelihood trade-off to resolve.,regime_core,pipeline,2,8,diag,7,0.0002620791662971256,2.5410524321462043e-05,0.9997379208337823,0.9999745894756238
2017-07-28,2017-07-28,1,1,project,Best interpretable candidate also has the best validation log-likelihood among survivors — no interpretability/likelihood trade-off to resolve.,regime_core,pipeline,2,8,diag,7,0.0003583333832273754,3.492191680838407e-05,0.9996416666168089,0.9999650780832462
2017-08-04,2017-08-04,1,1,project,Best interpretable candidate also has the best validation log-likelihood among survivors — no interpretability/likelihood trade-off to resolve.,regime_core,pipeline,2,8,diag,7,0.0005447006654414915,5.630633025741575e-05,0.9994552993345261,0.9999436936696046
2017-08-11,2017-08-11,1,1,project,Best interpretable candidate also has the best validation log-likelihood among survivors — no interpretability/likelihood trade-off to resolve.,regime_core,pipeline,2,8,diag,7,0.003212343655761442,0.0003137546609012751,0.9967876563442901,0.9996862453393782
2017-08-18,2017-08-18,1,1,project,Best interpretable candidate also has the best validation log-likelihood among survivors — no interpretability/likelihood trade-off to resolve.,regime_core,pipeline,2,8,diag,7,0.0005943500639650901,5.832256585950569e-05,0.9994056499361464,0.9999416774335979
2017-08-25,2017-08-25,1,1,project,Best interpretable candidate also has the best validation log-likelihood among survivors — no interpretability/likelihood trade-off to resolve.,regime_core,pipeline,2,8,diag,7,0.0008666586301275406,8.50337012930794e-05,0.9991333413697896,0.9999149662993307
2017-09-01,2017-09-01,1,1,project,Best interpretable candidate also has the best validation log-likelihood among survivors — no interpretability/likelihood trade-off to resolve.,regime_core,pipeline,2,8,diag,7,0.0008549851426759046,8.399629542218052e-05,0.9991450148572645,0.9999160037049951
2017-09-08,2017-09-08,1,1,project,Best interpretable candidate also has the best validation log-likelihood among survivors — no interpretability/likelihood trade-off to resolve.,regime_core,pipeline,2,8,diag,7,0.0009078596881111433,8.956343521926213e-05,0.9990921403120738,0.9999104365653597
2017-09-15,2017-09-15,1,1,project,Best interpretable candidate also has the best validation log-likelihood among survivors — no interpretability/likelihood trade-off to resolve.,regime_core,pipeline,2,8,diag,7,0.001109131909737244,0.00010750564428601124,0.9988908680903189,0.9998924943558797
2017-09-22,2017-09-22,1,1,project,Best interpretable candidate also has the best validation log-likelihood among survivors — no interpretability/likelihood trade-off to resolve.,regime_core,pipeline,2,8,diag,7,0.00031967382261153935,3.101588575558689e-05,0.9996803261772277,0.9999689841141552
2017-09-29,2017-09-29,1,1,project,Best interpretable candidate also has the best validation log-likelihood among survivors — no interpretability/likelihood trade-off to resolve.,regime_core,pipeline,2,8,diag,7,0.00038382995708881497,3.7617650798947694e-05,0.999616170043051,0.9999623823495969
2017-10-06,2017-10-06,1,1,project,Best interpretable candidate also has the best validation log-likelihood among survivors — no interpretability/likelihood trade-off to resolve.,regime_core,pipeline,2,8,diag,7,0.0008271997912703743,8.012023546941382e-05,0.9991728002089187,0.9999198797642836
2017-10-13,2017-10-13,1,1,project,Best interpretable candidate also has the best validation log-likelihood among survivors — no interpretability/likelihood trade-off to resolve.,regime_core,pipeline,2,8,diag,7,0.0002957292351210377,2.8805317186890986e-05,0.9997042707648732,0.9999711946822268
2017-10-20,2017-10-20,1,1,project,Best interpretable candidate also has the best validation log-likelihood among survivors — no interpretability/likelihood trade-off to resolve.,regime_core,pipeline,2,8,diag,7,0.0005593716186887199,5.4202973149897403e-05,0.9994406283812203,0.9999457970272672
2017-10-27,2017-10-27,1,1,project,Best interpretable candidate also has the best validation log-likelihood among survivors — no interpretability/likelihood trade-off to resolve.,regime_core,pipeline,2,8,diag,7,0.0003248109193276348,3.150938820130851e-05,0.999675189080766,0.9999684906122929
2017-11-03,2017-11-03,1,1,project,Best interpretable candidate also has the best validation log-likelihood among survivors — no interpretability/likelihood trade-off to resolve.,regime_core,pipeline,2,8,diag,7,0.00038084733946258084,3.694567150097205e-05,0.9996191526605946,0.9999630543283508
2017-11-10,2017-11-10,1,1,project,Best interpretable candidate also has the best validation log-likelihood among survivors — no interpretability/likelihood trade-off to resolve.,regime_core,pipeline,2,8,diag,7,0.0003792998525542529,3.6811952108666997e-05,0.9996207001472457,0.9999631880482441
2017-11-17,2017-11-17,1,1,project,Best interpretable candidate also has the best validation log-likelihood among survivors — no interpretability/likelihood trade-off to resolve.,regime_core,pipeline,2,8,diag,7,0.00039525537571146824,3.8695215131962884e-05,0.9996047446240813,0.999961304785012
2017-11-24,2017-11-24,1,1,project,Best interpretable candidate also has the best validation log-likelihood among survivors — no interpretability/likelihood trade-off to resolve.,regime_core,pipeline,2,8,diag,7,0.000778503924022679,7.545748151648687e-05,0.9992214960758536,0.9999245425191242
2017-12-01,2017-12-01,1,1,project,Best interpretable candidate also has the best validation log-likelihood among survivors — no interpretability/likelihood trade-off to resolve.,regime_core,pipeline,2,8,diag,7,0.00032981221782656854,3.198880221010712e-05,0.9996701877821076,0.9999680111982961
2017-12-08,2017-12-08,1,1,project,Best interpretable candidate also has the best validation log-likelihood among survivors — no interpretability/likelihood trade-off to resolve.,regime_core,pipeline,2,8,diag,7,0.00037311302416707037,3.6173748189409225e-05,0.9996268869757653,0.9999638262519465
2017-12-15,2017-12-15,1,1,project,Best interpretable candidate also has the best validation log-likelihood among survivors — no interpretability/likelihood trade-off to resolve.,regime_core,pipeline,2,8,diag,7,0.0003500618182741273,3.4317142481668096e-05,0.9996499381819421,0.9999656828580953
2017-12-22,2017-12-22,1,1,project,Best interpretable candidate also has the best validation log-likelihood among survivors — no interpretability/likelihood trade-off to resolve.,regime_core,pipeline,2,8,diag,7,0.0008365301405839491,8.130056069790626e-05,0.9991634698592652,0.9999186994391154
2017-12-29,2017-12-29,1,1,project,Best interpretable candidate also has the best validation log-likelihood among survivors — no interpretability/likelihood trade-off to resolve.,regime_core,pipeline,2,8,diag,7,0.00044198778463625925,4.32883053848905e-05,0.9995580122151426,0.9999567116939986
2018-01-05,2018-01-05,1,1,project,Best interpretable candidate also has the best validation log-likelihood among survivors — no interpretability/likelihood trade-off to resolve.,regime_core,pipeline,2,8,diag,7,0.0007712501633596987,7.71329670308982e-05,0.9992287498364334,0.9999228670321259
2018-01-12,2018-01-12,1,1,project,Best interpretable candidate also has the best validation log-likelihood among survivors — no interpretability/likelihood trade-off to resolve.,regime_core,pipeline,2,8,diag,7,0.001561517596286671,0.00016717248930097654,0.9984384824034864,0.9998328275101276
2018-01-19,2018-01-19,1,1,project,Best interpretable candidate also has the best validation log-likelihood among survivors — no interpretability/likelihood trade-off to resolve.,regime_core,pipeline,2,8,diag,7,0.0016819097447808946,0.00048125060398844564,0.9983180902553773,0.99951874939642
2018-01-26,2018-01-26,1,1,project,Best interpretable candidate also has the best validation log-likelihood among survivors — no interpretability/likelihood trade-off to resolve.,regime_core,pipeline,2,8,diag,7,0.0010097309275877752,0.00848765261051461,0.9989902690724487,0.991512347389825
2018-02-02,2018-02-02,1,1,project,Best interpretable candidate also has the best validation log-likelihood among survivors — no interpretability/likelihood trade-off to resolve.,regime_core,pipeline,2,8,diag,7,0.039521573782342376,0.3660914516384664,0.9604784262177711,0.6339085483613237
2018-02-09,2018-02-09,0,1,project,Best interpretable candidate also has the best validation log-likelihood among survivors — no interpretability/likelihood trade-off to resolve.,regime_core,pipeline,2,8,diag,7,0.9304290838503604,0.7457604954774655,0.0695709161495515,0.25423950452326527
2018-02-16,2018-02-16,0,1,project,Best interpretable candidate also has the best validation log-likelihood among survivors — no interpretability/likelihood trade-off to resolve.,regime_core,pipeline,2,8,diag,7,0.8809414847433109,0.4219920957370672,0.11905851525664242,0.5780079042622484
2018-02-23,2018-02-23,1,1,project,Best interpretable candidate also has the best validation log-likelihood among survivors — no interpretability/likelihood trade-off to resolve.,regime_core,pipeline,2,8,diag,7,0.09402529925805743,0.010975397546660295,0.9059747007420427,0.9890246024529125
2018-03-02,2018-03-02,1,1,project,Best interpretable candidate also has the best validation log-likelihood among survivors — no interpretability/likelihood trade-off to resolve.,regime_core,pipeline,2,8,diag,7,0.01568192558471924,0.0015729617823883972,0.9843180744154787,0.9984270382180624
2018-03-09,2018-03-09,1,1,project,Best interpretable candidate also has the best validation log-likelihood among survivors — no interpretability/likelihood trade-off to resolve.,regime_core,pipeline,2,8,diag,7,0.0013215189033617698,0.00016267930012138038,0.9986784810966733,0.9998373207005177
2018-03-16,2018-03-16,1,1,project,Best interpretable candidate also has the best validation log-likelihood among survivors — no interpretability/likelihood trade-off to resolve.,regime_core,pipeline,2,8,diag,7,0.00034798590793927637,0.0011912800209186417,0.9996520140918478,0.998808719979096
2018-03-23,2018-03-23,0,1,project,Best interpretable candidate also has the best validation log-likelihood among survivors — no interpretability/likelihood trade-off to resolve.,regime_core,pipeline,2,8,diag,7,0.6010580531141396,0.14445840482837446,0.39894194688607254,0.8555415951723692
2018-03-30,2018-03-29,1,1,project,Best interpretable candidate also has the best validation log-likelihood among survivors — no interpretability/likelihood trade-off to resolve.,regime_core,pipeline,2,8,diag,7,0.11488387309119717,0.021222558634995885,0.8851161269086113,0.9787774413641921
2018-04-06,2018-04-06,1,1,project,Best interpretable candidate also has the best validation log-likelihood among survivors — no interpretability/likelihood trade-off to resolve.,regime_core,pipeline,2,8,diag,7,0.09350406908526326,0.012038297649057823,0.9064959309146136,0.9879617023515639
2018-04-13,2018-04-13,1,1,project,Best interpretable candidate also has the best validation log-likelihood among survivors — no interpretability/likelihood trade-off to resolve.,regime_core,pipeline,2,8,diag,7,0.030999153735669395,0.0031878062910860473,0.9690008462645384,0.9968121937088362
2018-04-20,2018-04-20,1,1,project,Best interpretable candidate also has the best validation log-likelihood among survivors — no interpretability/likelihood trade-off to resolve.,regime_core,pipeline,2,8,diag,7,0.0029572899362960035,0.0002876669309269893,0.9970427100638983,0.9997123330688413
2018-04-27,2018-04-27,1,1,project,Best interpretable candidate also has the best validation log-likelihood among survivors — no interpretability/likelihood trade-off to resolve.,regime_core,pipeline,2,8,diag,7,0.000421186829952725,4.076431630227643e-05,0.9995788131701965,0.9999592356831002
2018-05-04,2018-05-04,1,1,project,Best interpretable candidate also has the best validation log-likelihood among survivors — no interpretability/likelihood trade-off to resolve.,regime_core,pipeline,2,8,diag,7,0.00027702461066809515,2.6919221112553384e-05,0.9997229753894344,0.9999730807779857
2018-05-11,2018-05-11,1,1,project,Best interpretable candidate also has the best validation log-likelihood among survivors — no interpretability/likelihood trade-off to resolve.,regime_core,pipeline,2,8,diag,7,0.0004540888194341412,4.420734003255067e-05,0.9995459111807017,0.9999557926607061
2018-05-18,2018-05-18,1,1,project,Best interpretable candidate also has the best validation log-likelihood among survivors — no interpretability/likelihood trade-off to resolve.,regime_core,pipeline,2,8,diag,7,0.0005320793819433899,5.160090916576221e-05,0.9994679206181512,0.9999483990903717
2018-05-25,2018-05-25,1,1,project,Best interpretable candidate also has the best validation log-likelihood among survivors — no interpretability/likelihood trade-off to resolve.,regime_core,pipeline,2,8,diag,7,0.0003623812265621317,3.507987289746203e-05,0.9996376187732164,0.9999649201277352
2018-06-01,2018-06-01,1,1,project,Best interpretable candidate also has the best validation log-likelihood among survivors — no interpretability/likelihood trade-off to resolve.,regime_core,pipeline,2,8,diag,7,0.000287335915335222,2.794772404803726e-05,0.9997126640847422,0.9999720522768336
2018-06-08,2018-06-08,1,1,project,Best interpretable candidate also has the best validation log-likelihood among survivors — no interpretability/likelihood trade-off to resolve.,regime_core,pipeline,2,8,diag,7,0.0004966626606301835,4.818137741642467e-05,0.9995033373395683,0.9999518186234754
2018-06-15,2018-06-15,1,1,project,Best interpretable candidate also has the best validation log-likelihood among survivors — no interpretability/likelihood trade-off to resolve.,regime_core,pipeline,2,8,diag,7,0.0003770903149169926,3.651722797149102e-05,0.9996229096849161,0.9999634827719288
2018-06-22,2018-06-22,1,1,project,Best interpretable candidate also has the best validation log-likelihood among survivors — no interpretability/likelihood trade-off to resolve.,regime_core,pipeline,2,8,diag,7,0.00030348847316787384,2.9452024887229757e-05,0.999696511526641,0.9999705479757536
2018-06-29,2018-06-29,1,1,project,Best interpretable candidate also has the best validation log-likelihood among survivors — no interpretability/likelihood trade-off to resolve.,regime_core,pipeline,2,8,diag,7,0.00039240909444762445,3.859397705384873e-05,0.9996075909054936,0.9999614060224118
2018-07-06,2018-07-06,1,1,project,Best interpretable candidate also has the best validation log-likelihood among survivors — no interpretability/likelihood trade-off to resolve.,regime_core,pipeline,2,8,diag,7,0.0009742800914273014,9.51121689635842e-05,0.9990257199086408,0.999904887830403
2018-07-13,2018-07-13,1,1,project,Best interpretable candidate also has the best validation log-likelihood among survivors — no interpretability/likelihood trade-off to resolve.,regime_core,pipeline,2,8,diag,7,0.0006376660103726554,6.204922637554277e-05,0.9993623339898039,0.9999379507741705
2018-07-20,2018-07-20,1,1,project,Best interpretable candidate also has the best validation log-likelihood among survivors — no interpretability/likelihood trade-off to resolve.,regime_core,pipeline,2,8,diag,7,0.0005018162119814973,4.9052178146747134e-05,0.9994981837881564,0.9999509478209981
2018-07-27,2018-07-27,1,1,project,Best interpretable candidate also has the best validation log-likelihood among survivors — no interpretability/likelihood trade-off to resolve.,regime_core,pipeline,2,8,diag,7,0.0007022952922575953,6.869805964351333e-05,0.999297704707582,0.9999313019403865
2018-08-03,2018-08-03,1,1,project,Best interpretable candidate also has the best validation log-likelihood among survivors — no interpretability/likelihood trade-off to resolve.,regime_core,pipeline,2,8,diag,7,0.000733499054108075,7.130536879881662e-05,0.9992665009456806,0.9999286946307092
2018-08-10,2018-08-10,1,1,project,Best interpretable candidate also has the best validation log-likelihood among survivors — no interpretability/likelihood trade-off to resolve.,regime_core,pipeline,2,8,diag,7,0.0004582569624101654,4.46679477302538e-05,0.9995417430374776,0.9999553320530317
2018-08-17,2018-08-17,1,1,project,Best interpretable candidate also has the best validation log-likelihood among survivors — no interpretability/likelihood trade-off to resolve.,regime_core,pipeline,2,8,diag,7,0.0005837034869658233,5.679678290067145e-05,0.9994162965132014,0.9999432032177632
2018-08-24,2018-08-24,1,1,project,Best interpretable candidate also has the best validation log-likelihood among survivors — no interpretability/likelihood trade-off to resolve.,regime_core,pipeline,2,8,diag,7,0.0005042714140582701,4.908460930049916e-05,0.9994957285859831,0.9999509153900085
2018-08-31,2018-08-31,1,1,project,Best interpretable candidate also has the best validation log-likelihood among survivors — no interpretability/likelihood trade-off to resolve.,regime_core,pipeline,2,8,diag,7,0.0005180614404128932,5.075935271764289e-05,0.9994819385593958,0.9999492406464018
2018-09-07,2018-09-07,1,1,project,Best interpretable candidate also has the best validation log-likelihood among survivors — no interpretability/likelihood trade-off to resolve.,regime_core,pipeline,2,8,diag,7,0.0008005555794255184,7.869010752807864e-05,0.9991994444205716,0.9999213098929792
2018-09-14,2018-09-14,1,1,project,Best interpretable candidate also has the best validation log-likelihood among survivors — no interpretability/likelihood trade-off to resolve.,regime_core,pipeline,2,8,diag,7,0.0009258325863557322,9.191733453086901e-05,0.999074167413743,0.9999080826647148
2018-09-21,2018-09-21,1,1,project,Best interpretable candidate also has the best validation log-likelihood among survivors — no interpretability/likelihood trade-off to resolve.,regime_core,pipeline,2,8,diag,7,0.0013772148181634583,0.00013506672883250768,0.9986227851819203,0.9998649332720652
2018-09-28,2018-09-28,1,1,project,Best interpretable candidate also has the best validation log-likelihood among survivors — no interpretability/likelihood trade-off to resolve.,regime_core,pipeline,2,8,diag,7,0.0006617439979477602,8.099553080369518e-05,0.9993382560020506,0.9999190044697976
2018-10-05,2018-10-05,1,1,project,Best interpretable candidate also has the best validation log-likelihood among survivors — no interpretability/likelihood trade-off to resolve.,regime_core,pipeline,2,8,diag,7,0.008329698651405445,0.0011459421106650473,0.9916703013487971,0.9988540578889725
2018-10-12,2018-10-12,1,1,project,Best interpretable candidate also has the best validation log-likelihood among survivors — no interpretability/likelihood trade-off to resolve.,regime_core,pipeline,2,8,diag,7,0.013606816005111787,0.0020816832684534352,0.9863931839949966,0.997918316730685
2018-10-19,2018-10-19,1,1,project,Best interpretable candidate also has the best validation log-likelihood among survivors — no interpretability/likelihood trade-off to resolve.,regime_core,pipeline,2,8,diag,7,0.0034724475815631948,0.0031300676392179575,0.9965275524183056,0.9968699323610749
2018-10-26,2018-10-26,1,1,project,Best interpretable candidate also has the best validation log-likelihood among survivors — no interpretability/likelihood trade-off to resolve.,regime_core,pipeline,2,8,diag,7,0.11341525636936411,0.03737821671292735,0.8865847436305102,0.9626217832864572
2018-11-02,2018-11-02,1,1,project,Best interpretable candidate also has the best validation log-likelihood among survivors — no interpretability/likelihood trade-off to resolve.,regime_core,pipeline,2,8,diag,7,0.26501664841247496,0.03424795495669548,0.7349833515875589,0.9657520450427446
2018-11-09,2018-11-09,1,1,project,Best interpretable candidate also has the best validation log-likelihood among survivors — no interpretability/likelihood trade-off to resolve.,regime_core,pipeline,2,8,diag,7,0.007598144581539986,0.0008690119553697493,0.9924018554185321,0.9991309880445014
2018-11-16,2018-11-16,1,1,project,Best interpretable candidate also has the best validation log-likelihood among survivors — no interpretability/likelihood trade-off to resolve.,regime_core,pipeline,2,8,diag,7,0.0018840952832374063,0.0008863013729421587,0.9981159047166975,0.9991136986273776
2018-11-23,2018-11-23,1,1,project,Best interpretable candidate also has the best validation log-likelihood among survivors — no interpretability/likelihood trade-off to resolve.,regime_core,pipeline,2,8,diag,7,0.011604540916083681,0.01679811890896825,0.988395459083786,0.9832018810917781
2018-11-30,2018-11-30,1,1,project,Best interpretable candidate also has the best validation log-likelihood among survivors — no interpretability/likelihood trade-off to resolve.,regime_core,pipeline,2,8,diag,7,0.003537230385636641,0.07332048910692605,0.9964627696143924,0.9266795108931516
2018-12-07,2018-12-07,0,0,project,Best interpretable candidate also has the best validation log-likelihood among survivors — no interpretability/likelihood trade-off to resolve.,regime_core,pipeline,2,8,diag,7,0.6177797735089935,0.9593138974834441,0.382220226491009,0.04068610251570114
2018-12-14,2018-12-14,0,0,project,Best interpretable candidate also has the best validation log-likelihood among survivors — no interpretability/likelihood trade-off to resolve.,regime_core,pipeline,2,8,diag,7,0.7047212404141584,0.98234068510117,0.29527875958566446,0.01765931489906537
2018-12-21,2018-12-21,0,0,project,Best interpretable candidate also has the best validation log-likelihood among survivors — no interpretability/likelihood trade-off to resolve.,regime_core,pipeline,2,8,diag,7,0.9999994769970275,0.999999977557309,5.230031486622272e-07,2.2443511131730314e-08
2018-12-28,2018-12-28,0,0,project,Best interpretable candidate also has the best validation log-likelihood among survivors — no interpretability/likelihood trade-off to resolve.,regime_core,pipeline,2,8,diag,7,0.9999880984067863,0.9999991430762781,1.1901593324326929e-05,8.569232646074593e-07
2019-01-04,2019-01-04,0,0,project,Best interpretable candidate also has the best validation log-likelihood among survivors — no interpretability/likelihood trade-off to resolve.,regime_core,pipeline,2,8,diag,7,0.999515345666881,0.9971911025773634,0.000484654333266203,0.002808897422035035
2019-01-11,2019-01-11,0,1,project,Best interpretable candidate also has the best validation log-likelihood among survivors — no interpretability/likelihood trade-off to resolve.,regime_core,pipeline,2,8,diag,7,0.8751435053844799,0.4421629681027077,0.12485649461532788,0.5578370318974968
2019-01-18,2019-01-18,1,1,project,Best interpretable candidate also has the best validation log-likelihood among survivors — no interpretability/likelihood trade-off to resolve.,regime_core,pipeline,2,8,diag,7,0.41197838932477815,0.06698258635379098,0.5880216106752387,0.9330174136468051
2019-01-25,2019-01-25,1,1,project,Best interpretable candidate also has the best validation log-likelihood among survivors — no interpretability/likelihood trade-off to resolve.,regime_core,pipeline,2,8,diag,7,0.037603188966615984,0.0044162919443433745,0.9623968110331855,0.9955837080558569
2019-02-01,2019-02-01,1,1,project,Best interpretable candidate also has the best validation log-likelihood among survivors — no interpretability/likelihood trade-off to resolve.,regime_core,pipeline,2,8,diag,7,0.014352720857951933,0.0014260439174323483,0.9856472791419438,0.9985739560817047
2019-02-08,2019-02-08,1,1,project,Best interpretable candidate also has the best validation log-likelihood among survivors — no interpretability/likelihood trade-off to resolve.,regime_core,pipeline,2,8,diag,7,0.0011418848681005727,0.00011190408350021311,0.9988581151318079,0.9998880959163616
2019-02-15,2019-02-15,1,1,project,Best interpretable candidate also has the best validation log-likelihood among survivors — no interpretability/likelihood trade-off to resolve.,regime_core,pipeline,2,8,diag,7,0.0007946707614417249,7.826433379412539e-05,0.9992053292387217,0.9999217356667925
2019-02-22,2019-02-22,1,1,project,Best interpretable candidate also has the best validation log-likelihood among survivors — no interpretability/likelihood trade-off to resolve.,regime_core,pipeline,2,8,diag,7,0.0010058728790755002,0.00010035200135905126,0.9989941271208909,0.9998996479977902
2019-03-01,2019-03-01,1,1,project,Best interpretable candidate also has the best validation log-likelihood among survivors — no interpretability/likelihood trade-off to resolve.,regime_core,pipeline,2,8,diag,7,0.0015614925363701604,0.00015637838550638125,0.998438507463619,0.9998436216148912
2019-03-08,2019-03-08,1,1,project,Best interpretable candidate also has the best validation log-likelihood among survivors — no interpretability/likelihood trade-off to resolve.,regime_core,pipeline,2,8,diag,7,0.0017666235062879412,0.00017309783705292175,0.9982333764938304,0.9998269021636207
2019-03-15,2019-03-15,1,1,project,Best interpretable candidate also has the best validation log-likelihood among survivors — no interpretability/likelihood trade-off to resolve.,regime_core,pipeline,2,8,diag,7,0.0007566261341583782,7.612739907111476e-05,0.9992433738659744,0.9999238726015446
2019-03-22,2019-03-22,1,1,project,Best interpretable candidate also has the best validation log-likelihood among survivors — no interpretability/likelihood trade-off to resolve.,regime_core,pipeline,2,8,diag,7,0.001940284745573293,0.00019363581941995043,0.998059715254357,0.9998063641811881
2019-03-29,2019-03-29,1,1,project,Best interpretable candidate also has the best validation log-likelihood among survivors — no interpretability/likelihood trade-off to resolve.,regime_core,pipeline,2,8,diag,7,0.0015818796962943128,0.00015733932391303988,0.9984181203038246,0.9998426606753105
2019-04-05,2019-04-05,1,1,project,Best interpretable candidate also has the best validation log-likelihood among survivors — no interpretability/likelihood trade-off to resolve.,regime_core,pipeline,2,8,diag,7,0.0014515451905665147,0.00014261758002707663,0.9985484548092488,0.9998573824204616
2019-04-12,2019-04-12,1,1,project,Best interpretable candidate also has the best validation log-likelihood among survivors — no interpretability/likelihood trade-off to resolve.,regime_core,pipeline,2,8,diag,7,0.0009017529939801495,8.883967647377087e-05,0.9990982470058224,0.999911160323971
2019-04-19,2019-04-18,1,1,project,Best interpretable candidate also has the best validation log-likelihood among survivors — no interpretability/likelihood trade-off to resolve.,regime_core,pipeline,2,8,diag,7,0.0010154885131850528,0.00010160173095341724,0.9989845114870045,0.9998983982690927
2019-04-26,2019-04-26,1,1,project,Best interpretable candidate also has the best validation log-likelihood among survivors — no interpretability/likelihood trade-off to resolve.,regime_core,pipeline,2,8,diag,7,0.0017149036772954461,0.000168975510903123,0.9982850963226203,0.9998310244889528
2019-05-03,2019-05-03,1,1,project,Best interpretable candidate also has the best validation log-likelihood among survivors — no interpretability/likelihood trade-off to resolve.,regime_core,pipeline,2,8,diag,7,0.0010081347375268917,0.00010090448021147427,0.9989918652624848,0.9998990955189886
2019-05-10,2019-05-10,1,1,project,Best interpretable candidate also has the best validation log-likelihood among survivors — no interpretability/likelihood trade-off to resolve.,regime_core,pipeline,2,8,diag,7,0.001706356953544661,0.00017065933206042775,0.998293643046496,0.9998293406672423
2019-05-17,2019-05-17,1,1,project,Best interpretable candidate also has the best validation log-likelihood among survivors — no interpretability/likelihood trade-off to resolve.,regime_core,pipeline,2,8,diag,7,0.0013181383499190381,0.00016713228189608743,0.9986818616500713,0.9998328677176235
2019-05-24,2019-05-24,1,1,project,Best interpretable candidate also has the best validation log-likelihood among survivors — no interpretability/likelihood trade-off to resolve.,regime_core,pipeline,2,8,diag,7,0.0026337908408909944,0.001355046540697243,0.9973662091590865,0.9986449534586187
2019-05-31,2019-05-31,1,1,project,Best interpretable candidate also has the best validation log-likelihood among survivors — no interpretability/likelihood trade-off to resolve.,regime_core,pipeline,2,8,diag,7,0.13403799524109275,0.019076778355627273,0.8659620047586957,0.9809232216437712
2019-06-07,2019-06-07,1,1,project,Best interpretable candidate also has the best validation log-likelihood among survivors — no interpretability/likelihood trade-off to resolve.,regime_core,pipeline,2,8,diag,7,0.052393001071355035,0.005747177440685532,0.9476069989288328,0.9942528225599288
2019-06-14,2019-06-14,1,1,project,Best interpretable candidate also has the best validation log-likelihood among survivors — no interpretability/likelihood trade-off to resolve.,regime_core,pipeline,2,8,diag,7,0.006811714970989424,0.0008252955649876881,0.9931882850288027,0.9991747044349282
2019-06-21,2019-06-21,1,1,project,Best interpretable candidate also has the best validation log-likelihood among survivors — no interpretability/likelihood trade-off to resolve.,regime_core,pipeline,2,8,diag,7,0.009842393084136142,0.0012134078205018137,0.9901576069159456,0.9987865921803382
2019-06-28,2019-06-28,1,1,project,Best interpretable candidate also has the best validation log-likelihood among survivors — no interpretability/likelihood trade-off to resolve.,regime_core,pipeline,2,8,diag,7,0.01315964688294031,0.0013827281524027132,0.9868403531171965,0.998617271847696
2019-07-05,2019-07-05,1,1,project,Best interpretable candidate also has the best validation log-likelihood among survivors — no interpretability/likelihood trade-off to resolve.,regime_core,pipeline,2,8,diag,7,0.004189689705005584,0.0004345370614258026,0.9958103102950385,0.9995654629386312
2019-07-12,2019-07-12,1,1,project,Best interpretable candidate also has the best validation log-likelihood among survivors — no interpretability/likelihood trade-off to resolve.,regime_core,pipeline,2,8,diag,7,0.002833971560085091,0.0003403333866037459,0.997166028439696,0.9996596666141297
2019-07-19,2019-07-19,1,1,project,Best interpretable candidate also has the best validation log-likelihood among survivors — no interpretability/likelihood trade-off to resolve.,regime_core,pipeline,2,8,diag,7,0.0019999257456909843,0.0010865640232088425,0.9980000742544509,0.9989134359766542
2019-07-26,2019-07-26,1,1,project,Best interpretable candidate also has the best validation log-likelihood among survivors — no interpretability/likelihood trade-off to resolve.,regime_core,pipeline,2,8,diag,7,0.001288214735240766,0.02012045103970042,0.9987117852647331,0.9798795489611761
2019-08-02,2019-08-02,1,0,project,Best interpretable candidate also has the best validation log-likelihood among survivors — no interpretability/likelihood trade-off to resolve.,regime_core,pipeline,2,8,diag,7,0.1079565052496644,0.6880417361166538,0.8920434947502004,0.31195826388303083
2019-08-09,2019-08-09,1,0,project,Best interpretable candidate also has the best validation log-likelihood among survivors — no interpretability/likelihood trade-off to resolve.,regime_core,pipeline,2,8,diag,7,0.36730139635968184,0.9308857289196436,0.6326986036400987,0.06911427108059817
2019-08-16,2019-08-16,0,0,project,Best interpretable candidate also has the best validation log-likelihood among survivors — no interpretability/likelihood trade-off to resolve.,regime_core,pipeline,2,8,diag,7,0.9922236363642347,0.9996632320919625,0.007776363635918094,0.0003367679076099436
2019-08-23,2019-08-23,0,0,project,Best interpretable candidate also has the best validation log-likelihood among survivors — no interpretability/likelihood trade-off to resolve.,regime_core,pipeline,2,8,diag,7,0.9999401739948894,0.9999916044423571,5.982600523491151e-05,8.39555815444735e-06
2019-08-30,2019-08-30,0,0,project,Best interpretable candidate also has the best validation log-likelihood among survivors — no interpretability/likelihood trade-off to resolve.,regime_core,pipeline,2,8,diag,7,0.9866263972588706,0.9905903982757358,0.013373602741277737,0.009409601724697797
2019-09-06,2019-09-06,0,0,project,Best interpretable candidate also has the best validation log-likelihood among survivors — no interpretability/likelihood trade-off to resolve.,regime_core,pipeline,2,8,diag,7,0.5777827121593015,0.9282247332147514,0.4222172878408247,0.0717752667846709
2019-09-13,2019-09-13,0,0,project,Best interpretable candidate also has the best validation log-likelihood among survivors — no interpretability/likelihood trade-off to resolve.,regime_core,pipeline,2,8,diag,7,0.9943364044798665,0.9515130677929754,0.0056635955200897035,0.048486932206656695
2019-09-20,2019-09-20,0,1,project,Best interpretable candidate also has the best validation log-likelihood among survivors — no interpretability/likelihood trade-off to resolve.,regime_core,pipeline,2,8,diag,7,0.5786232839160963,0.133784666993457,0.4213767160839251,0.86621533300716
2019-09-27,2019-09-27,1,1,project,Best interpretable candidate also has the best validation log-likelihood among survivors — no interpretability/likelihood trade-off to resolve.,regime_core,pipeline,2,8,diag,7,0.15444377199859133,0.02013346451635805,0.8455562280012419,0.9798665354829067
2019-10-04,2019-10-04,1,1,project,Best interpretable candidate also has the best validation log-likelihood among survivors — no interpretability/likelihood trade-off to resolve.,regime_core,pipeline,2,8,diag,7,0.025746315000813,0.003631626902317018,0.9742536849992462,0.9963683730969748
2019-10-11,2019-10-11,1,1,project,Best interpretable candidate also has the best validation log-likelihood among survivors — no interpretability/likelihood trade-off to resolve.,regime_core,pipeline,2,8,diag,7,0.028838411765425724,0.002899084488160108,0.9711615882344086,0.9971009155118116
2019-10-18,2019-10-18,1,1,project,Best interpretable candidate also has the best validation log-likelihood among survivors — no interpretability/likelihood trade-off to resolve.,regime_core,pipeline,2,8,diag,7,0.0013190654111246587,0.00012971595483274493,0.9986809345887931,0.9998702840449525
2019-10-25,2019-10-25,1,1,project,Best interpretable candidate also has the best validation log-likelihood among survivors — no interpretability/likelihood trade-off to resolve.,regime_core,pipeline,2,8,diag,7,0.0009365688115901825,9.295671195873427e-05,0.9990634311882227,0.9999070432883919
2019-11-01,2019-11-01,1,1,project,Best interpretable candidate also has the best validation log-likelihood among survivors — no interpretability/likelihood trade-off to resolve.,regime_core,pipeline,2,8,diag,7,0.0011943614247800027,0.00013381182601487156,0.9988056385752577,0.9998661881732811
2019-11-08,2019-11-08,1,1,project,Best interpretable candidate also has the best validation log-likelihood among survivors — no interpretability/likelihood trade-off to resolve.,regime_core,pipeline,2,8,diag,7,0.007057712230285808,0.0006990646569354253,0.9929422877694987,0.9993009353422251
2019-11-15,2019-11-15,1,1,project,Best interpretable candidate also has the best validation log-likelihood among survivors — no interpretability/likelihood trade-off to resolve.,regime_core,pipeline,2,8,diag,7,0.0011739001724990984,0.00011495585718549426,0.9988260998273286,0.9998850441420446
2019-11-22,2019-11-22,1,1,project,Best interpretable candidate also has the best validation log-likelihood among survivors — no interpretability/likelihood trade-off to resolve.,regime_core,pipeline,2,8,diag,7,0.0007659816154159366,7.496764066361354e-05,0.9992340183847302,0.9999250323597725
2019-11-29,2019-11-29,1,1,project,Best interpretable candidate also has the best validation log-likelihood among survivors — no interpretability/likelihood trade-off to resolve.,regime_core,pipeline,2,8,diag,7,0.000747092275644695,7.344120400137402e-05,0.9992529077243479,0.999926558795154
2019-12-06,2019-12-06,1,1,project,Best interpretable candidate also has the best validation log-likelihood among survivors — no interpretability/likelihood trade-off to resolve.,regime_core,pipeline,2,8,diag,7,0.0009467147845294904,9.237868043167233e-05,0.9990532852154801,0.9999076213187496
2019-12-13,2019-12-13,1,1,project,Best interpretable candidate also has the best validation log-likelihood among survivors — no interpretability/likelihood trade-off to resolve.,regime_core,pipeline,2,8,diag,7,0.0006076944058695906,6.0143162475467626e-05,0.9993923055940115,0.9999398568367328
2019-12-20,2019-12-20,1,1,project,Best interpretable candidate also has the best validation log-likelihood among survivors — no interpretability/likelihood trade-off to resolve.,regime_core,pipeline,2,8,diag,7,0.0012372623173355522,0.00012173788484188523,0.9987627376826188,0.9998782621151844
2019-12-27,2019-12-27,1,1,project,Best interpretable candidate also has the best validation log-likelihood among survivors — no interpretability/likelihood trade-off to resolve.,regime_core,pipeline,2,8,diag,7,0.000939294041508099,9.548234875972765e-05,0.9990607059583593,0.9999045176504081
2020-01-03,2020-01-03,1,1,project,Best interpretable candidate also has the best validation log-likelihood among survivors — no interpretability/likelihood trade-off to resolve.,regime_core,pipeline,2,8,diag,7,0.002378166907481954,0.00023942076584945347,0.9976218330926834,0.9997605792344076
2020-01-10,2020-01-10,1,1,project,Best interpretable candidate also has the best validation log-likelihood among survivors — no interpretability/likelihood trade-off to resolve.,regime_core,pipeline,2,8,diag,7,0.0016580016618264572,0.00019687617079653034,0.9983419983382196,0.9998031238296399
2020-01-17,2020-01-17,1,1,project,Best interpretable candidate also has the best validation log-likelihood among survivors — no interpretability/likelihood trade-off to resolve.,regime_core,pipeline,2,8,diag,7,0.0018167541399233245,0.0010040062664690248,0.9981832458600504,0.998995993732734
2020-01-24,2020-01-24,1,1,project,Best interpretable candidate also has the best validation log-likelihood among survivors — no interpretability/likelihood trade-off to resolve.,regime_core,pipeline,2,8,diag,7,0.006200207679774013,0.020460656238812082,0.9937997923201869,0.9795393437604659
2020-01-31,2020-01-31,1,1,project,Best interpretable candidate also has the best validation log-likelihood among survivors — no interpretability/likelihood trade-off to resolve.,regime_core,pipeline,2,8,diag,7,0.14671344730206315,0.15718627683912056,0.8532865526979212,0.8428137231606595
2020-02-07,2020-02-07,1,1,project,Best interpretable candidate also has the best validation log-likelihood among survivors — no interpretability/likelihood trade-off to resolve.,regime_core,pipeline,2,8,diag,7,0.13323439458823008,0.17974386044679583,0.866765605411928,0.820256139553542
2020-02-14,2020-02-14,1,1,project,Best interpretable candidate also has the best validation log-likelihood among survivors — no interpretability/likelihood trade-off to resolve.,regime_core,pipeline,2,8,diag,7,0.02169657483752795,0.21529745358153815,0.9783034251622996,0.7847025464176498
2020-02-21,2020-02-21,1,0,project,Best interpretable candidate also has the best validation log-likelihood among survivors — no interpretability/likelihood trade-off to resolve.,regime_core,pipeline,2,8,diag,7,0.06793971101789906,0.6294869726533597,0.9320602889819399,0.3705130273462485
2020-02-28,2020-02-28,0,0,project,Best interpretable candidate also has the best validation log-likelihood among survivors — no interpretability/likelihood trade-off to resolve.,regime_core,pipeline,2,8,diag,7,1.0,1.0,3.2995092901722317e-19,1.4156170396694678e-20
2020-03-06,2020-03-06,0,0,project,Best interpretable candidate also has the best validation log-likelihood among survivors — no interpretability/likelihood trade-off to resolve.,regime_core,pipeline,2,8,diag,7,1.0,1.0,1.0957986814511606e-19,4.70139996311188e-21
2020-03-13,2020-03-13,0,0,project,Best interpretable candidate also has the best validation log-likelihood among survivors — no interpretability/likelihood trade-off to resolve.,regime_core,pipeline,2,8,diag,7,1.0,1.0,2.917811939157479e-38,1.251854120225438e-39
2020-03-20,2020-03-20,0,0,project,Best interpretable candidate also has the best validation log-likelihood among survivors — no interpretability/likelihood trade-off to resolve.,regime_core,pipeline,2,8,diag,7,1.0,1.0,2.3827070326144136e-67,1.022273428948189e-68
2020-03-27,2020-03-27,0,0,project,Best interpretable candidate also has the best validation log-likelihood among survivors — no interpretability/likelihood trade-off to resolve.,regime_core,pipeline,2,8,diag,7,1.0,1.0,8.360330663275403e-46,3.5869050526624074e-47
2020-04-03,2020-04-03,0,0,project,Best interpretable candidate also has the best validation log-likelihood among survivors — no interpretability/likelihood trade-off to resolve.,regime_core,pipeline,2,8,diag,7,1.0,1.0,6.389407414465741e-45,2.741302785919487e-46
2020-04-10,2020-04-09,0,0,project,Best interpretable candidate also has the best validation log-likelihood among survivors — no interpretability/likelihood trade-off to resolve.,regime_core,pipeline,2,8,diag,7,1.0,1.0,4.0147820990309556e-27,1.722496726068219e-28
2020-04-17,2020-04-17,0,0,project,Best interpretable candidate also has the best validation log-likelihood among survivors — no interpretability/likelihood trade-off to resolve.,regime_core,pipeline,2,8,diag,7,1.0,1.0,2.2716138162050837e-25,9.746101444096727e-27
2020-04-24,2020-04-24,0,0,project,Best interpretable candidate also has the best validation log-likelihood among survivors — no interpretability/likelihood trade-off to resolve.,regime_core,pipeline,2,8,diag,7,1.0,1.0,2.2065992364883945e-18,9.46716376342076e-20
2020-05-01,2020-05-01,0,0,project,Best interpretable candidate also has the best validation log-likelihood among survivors — no interpretability/likelihood trade-off to resolve.,regime_core,pipeline,2,8,diag,7,1.0,1.0,4.6381398870471204e-20,1.989941315267848e-21
2020-05-08,2020-05-08,0,0,project,Best interpretable candidate also has the best validation log-likelihood among survivors — no interpretability/likelihood trade-off to resolve.,regime_core,pipeline,2,8,diag,7,0.9999999999977263,1.0,2.0649796263379983e-12,8.859560887828496e-14
2020-05-15,2020-05-15,0,0,project,Best interpretable candidate also has the best validation log-likelihood among survivors — no interpretability/likelihood trade-off to resolve.,regime_core,pipeline,2,8,diag,7,1.0,1.0,8.228105286669791e-16,3.5301754163016786e-17
2020-05-22,2020-05-22,0,0,project,Best interpretable candidate also has the best validation log-likelihood among survivors — no interpretability/likelihood trade-off to resolve.,regime_core,pipeline,2,8,diag,7,0.9999999955743988,0.9999999998108251,4.425481040930243e-09,1.8987033532020604e-10
2020-05-29,2020-05-29,0,0,project,Best interpretable candidate also has the best validation log-likelihood among survivors — no interpretability/likelihood trade-off to resolve.,regime_core,pipeline,2,8,diag,7,0.9999999544493231,0.9999999980464054,4.555053569324108e-08,1.9543104776742917e-09
2020-06-05,2020-06-05,0,0,project,Best interpretable candidate also has the best validation log-likelihood among survivors — no interpretability/likelihood trade-off to resolve.,regime_core,pipeline,2,8,diag,7,0.9999991939420008,0.999999965417374,8.06057959616866e-07,3.4583029249312116e-08
2020-06-12,2020-06-12,0,0,project,Best interpretable candidate also has the best validation log-likelihood among survivors — no interpretability/likelihood trade-off to resolve.,regime_core,pipeline,2,8,diag,7,1.0,1.0,1.4077224680668357e-15,6.039674169920464e-17
2020-06-19,2020-06-19,0,0,project,Best interpretable candidate also has the best validation log-likelihood among survivors — no interpretability/likelihood trade-off to resolve.,regime_core,pipeline,2,8,diag,7,0.999999990777269,0.9999999996034603,9.22295099971112e-09,3.957002559916859e-10
2020-06-26,2020-06-26,0,0,project,Best interpretable candidate also has the best validation log-likelihood among survivors — no interpretability/likelihood trade-off to resolve.,regime_core,pipeline,2,8,diag,7,0.999999999990905,1.0,8.909619426010305e-12,3.822576525709568e-13
2020-07-03,2020-07-02,0,0,project,Best interpretable candidate also has the best validation log-likelihood among survivors — no interpretability/likelihood trade-off to resolve.,regime_core,pipeline,2,8,diag,7,0.9999998646872064,0.9999999941937858,1.3531262713929305e-07,5.806062935855941e-09
2020-07-10,2020-07-10,0,0,project,Best interpretable candidate also has the best validation log-likelihood among survivors — no interpretability/likelihood trade-off to resolve.,regime_core,pipeline,2,8,diag,7,0.9999895694703006,0.9999995524504903,1.0430529550094845e-05,4.4755036855278685e-07
2020-07-17,2020-07-17,0,0,project,Best interpretable candidate also has the best validation log-likelihood among survivors — no interpretability/likelihood trade-off to resolve.,regime_core,pipeline,2,8,diag,7,0.9999922643482002,0.9999996681054295,7.73565167191454e-06,3.3189447752149693e-07
2020-07-24,2020-07-24,0,0,project,Best interpretable candidate also has the best validation log-likelihood among survivors — no interpretability/likelihood trade-off to resolve.,regime_core,pipeline,2,8,diag,7,0.9999992267047025,0.9999999668216338,7.73295384067558e-07,3.3177613489421904e-08
2020-07-31,2020-07-31,0,0,project,Best interpretable candidate also has the best validation log-likelihood among survivors — no interpretability/likelihood trade-off to resolve.,regime_core,pipeline,2,8,diag,7,0.999999338120452,0.9999999716001189,6.618793817594517e-07,2.8399393625566857e-08
2020-08-07,2020-08-07,0,0,project,Best interpretable candidate also has the best validation log-likelihood among survivors — no interpretability/likelihood trade-off to resolve.,regime_core,pipeline,2,8,diag,7,0.9999925551250917,0.9999996804054319,7.4448750668418445e-06,3.195949474974998e-07
2020-08-14,2020-08-14,0,0,project,Best interpretable candidate also has the best validation log-likelihood among survivors — no interpretability/likelihood trade-off to resolve.,regime_core,pipeline,2,8,diag,7,0.9999463169055016,0.999997682240931,5.3683094310299e-05,2.3177594908593097e-06
2020-08-21,2020-08-21,0,0,project,Best interpretable candidate also has the best validation log-likelihood among survivors — no interpretability/likelihood trade-off to resolve.,regime_core,pipeline,2,8,diag,7,0.9993992440718997,0.9999740424759039,0.0006007559278859623,2.5957523935598427e-05
2020-08-28,2020-08-28,0,0,project,Best interpretable candidate also has the best validation log-likelihood among survivors — no interpretability/likelihood trade-off to resolve.,regime_core,pipeline,2,8,diag,7,0.9993678777561735,0.9999728623996585,0.0006321222439054524,2.7137600092851466e-05
2020-09-04,2020-09-04,0,0,project,Best interpretable candidate also has the best validation log-likelihood among survivors — no interpretability/likelihood trade-off to resolve.,regime_core,pipeline,2,8,diag,7,0.9999975144877646,0.9999998933508379,2.485512406387278e-06,1.0664880668749147e-07
2020-09-11,2020-09-11,0,0,project,Best interpretable candidate also has the best validation log-likelihood among survivors — no interpretability/likelihood trade-off to resolve.,regime_core,pipeline,2,8,diag,7,0.999990532740207,0.9999995936851436,9.46725975358351e-06,4.0631557722070465e-07
2020-09-18,2020-09-18,0,0,project,Best interpretable candidate also has the best validation log-likelihood among survivors — no interpretability/likelihood trade-off to resolve.,regime_core,pipeline,2,8,diag,7,0.9999691392477785,0.9999986759057391,3.086075235101224e-05,1.324094981020676e-06
2020-09-25,2020-09-25,0,0,project,Best interpretable candidate also has the best validation log-likelihood among survivors — no interpretability/likelihood trade-off to resolve.,regime_core,pipeline,2,8,diag,7,0.9999992499991178,0.9999999677966122,7.50000989430328e-07,3.220379205564942e-08
2020-10-02,2020-10-02,0,0,project,Best interpretable candidate also has the best validation log-likelihood among survivors — no interpretability/likelihood trade-off to resolve.,regime_core,pipeline,2,8,diag,7,0.9999273670158845,0.9999966759660986,7.263298396337323e-05,3.3240344939285424e-06
2020-10-09,2020-10-09,0,0,project,Best interpretable candidate also has the best validation log-likelihood among survivors — no interpretability/likelihood trade-off to resolve.,regime_core,pipeline,2,8,diag,7,0.9937134854575951,0.999723940876588,0.006286514542342955,0.0002760591236778945
2020-10-16,2020-10-16,0,0,project,Best interpretable candidate also has the best validation log-likelihood among survivors — no interpretability/likelihood trade-off to resolve.,regime_core,pipeline,2,8,diag,7,0.9982476882114107,0.9999233728378187,0.0017523117886317245,7.662716303095348e-05
2020-10-23,2020-10-23,0,0,project,Best interpretable candidate also has the best validation log-likelihood among survivors — no interpretability/likelihood trade-off to resolve.,regime_core,pipeline,2,8,diag,7,0.9982801110564326,0.999926088450064,0.001719888943387847,7.391155073757182e-05
2020-10-30,2020-10-30,0,0,project,Best interpretable candidate also has the best validation log-likelihood among survivors — no interpretability/likelihood trade-off to resolve.,regime_core,pipeline,2,8,diag,7,0.9999999993433448,0.9999999999708962,6.566945180061637e-10,2.8212727461098927e-11
2020-11-06,2020-11-06,0,0,project,Best interpretable candidate also has the best validation log-likelihood among survivors — no interpretability/likelihood trade-off to resolve.,regime_core,pipeline,2,8,diag,7,0.9999117867025449,0.9999944153070339,8.821329747858753e-05,5.584692306525118e-06
2020-11-13,2020-11-13,0,0,project,Best interpretable candidate also has the best validation log-likelihood among survivors — no interpretability/likelihood trade-off to resolve.,regime_core,pipeline,2,8,diag,7,0.9640271027984463,0.9980290681709302,0.03597289720164142,0.0019709318286960462
2020-11-20,2020-11-20,0,0,project,Best interpretable candidate also has the best validation log-likelihood among survivors — no interpretability/likelihood trade-off to resolve.,regime_core,pipeline,2,8,diag,7,0.9917462563696551,0.9986601515399484,0.008253743630380351,0.0013398484609142218
2020-11-27,2020-11-27,0,0,project,Best interpretable candidate also has the best validation log-likelihood among survivors — no interpretability/likelihood trade-off to resolve.,regime_core,pipeline,2,8,diag,7,0.8875459799588007,0.9876084005733526,0.11245402004117844,0.012391599426242917
2020-12-04,2020-12-04,0,0,project,Best interpretable candidate also has the best validation log-likelihood among survivors — no interpretability/likelihood trade-off to resolve.,regime_core,pipeline,2,8,diag,7,0.8904648542492059,0.9875976016372241,0.10953514575091955,0.012402398363409183
2020-12-11,2020-12-11,0,0,project,Best interpretable candidate also has the best validation log-likelihood among survivors — no interpretability/likelihood trade-off to resolve.,regime_core,pipeline,2,8,diag,7,0.934708962242231,0.9871376020346782,0.06529103775783908,0.012862397964608953
2020-12-18,2020-12-18,0,0,project,Best interpretable candidate also has the best validation log-likelihood among survivors — no interpretability/likelihood trade-off to resolve.,regime_core,pipeline,2,8,diag,7,0.8056538877721318,0.9763687311635265,0.1943461122277041,0.02363126883603172
2020-12-25,2020-12-24,0,0,project,Best interpretable candidate also has the best validation log-likelihood among survivors — no interpretability/likelihood trade-off to resolve.,regime_core,pipeline,2,8,diag,7,0.8306863341384341,0.9810052431954692,0.16931366586163887,0.01899475680433058
2021-01-01,2020-12-31,0,0,project,Best interpretable candidate also has the best validation log-likelihood among survivors — no interpretability/likelihood trade-off to resolve.,regime_core,pipeline,2,8,diag,7,0.8783988978867089,0.9846080053010072,0.12160110211317315,0.015391994698632958
2021-01-08,2021-01-08,0,0,project,Best interpretable candidate also has the best validation log-likelihood among survivors — no interpretability/likelihood trade-off to resolve.,regime_core,pipeline,2,8,diag,7,0.9102108013839376,0.9837616714290344,0.08978919861604648,0.01623832857088181
2021-01-15,2021-01-15,0,0,project,Best interpretable candidate also has the best validation log-likelihood among survivors — no interpretability/likelihood trade-off to resolve.,regime_core,pipeline,2,8,diag,7,0.9090628859300529,0.9760599856768651,0.0909371140702974,0.023940014323766506
2021-01-22,2021-01-22,0,0,project,Best interpretable candidate also has the best validation log-likelihood among survivors — no interpretability/likelihood trade-off to resolve.,regime_core,pipeline,2,8,diag,7,0.5146716898343743,0.9611087969420778,0.4853283101659566,0.03889120305761897
2021-01-29,2021-01-29,0,0,project,Best interpretable candidate also has the best validation log-likelihood among survivors — no interpretability/likelihood trade-off to resolve.,regime_core,pipeline,2,8,diag,7,0.9998508108923002,0.9999923655578118,0.00014918910803875333,7.634442321770745e-06
2021-02-05,2021-02-05,0,0,project,Best interpretable candidate also has the best validation log-likelihood among survivors — no interpretability/likelihood trade-off to resolve.,regime_core,pipeline,2,8,diag,7,0.9982294139179863,0.9992012812985586,0.0017705860820434796,0.000798718701646529
2021-02-12,2021-02-12,0,0,project,Best interpretable candidate also has the best validation log-likelihood among survivors — no interpretability/likelihood trade-off to resolve.,regime_core,pipeline,2,8,diag,7,0.6185045568645189,0.959945811961392,0.38149544313573835,0.04005418803882446
2021-02-19,2021-02-19,0,0,project,Best interpretable candidate also has the best validation log-likelihood among survivors — no interpretability/likelihood trade-off to resolve.,regime_core,pipeline,2,8,diag,7,0.8578842691596041,0.9829956020658418,0.14211573084054,0.0170043979342452
2021-02-26,2021-02-26,0,0,project,Best interpretable candidate also has the best validation log-likelihood among survivors — no interpretability/likelihood trade-off to resolve.,regime_core,pipeline,2,8,diag,7,0.9946905582114712,0.9841033666497323,0.005309441788501347,0.01589663335007677
2021-03-05,2021-03-05,0,0,project,Best interpretable candidate also has the best validation log-likelihood among survivors — no interpretability/likelihood trade-off to resolve.,regime_core,pipeline,2,8,diag,7,0.9354415576840085,0.700869308826945,0.06455844231612086,0.2991306911722016
2021-03-12,2021-03-12,0,1,project,Best interpretable candidate also has the best validation log-likelihood among survivors — no interpretability/likelihood trade-off to resolve.,regime_core,pipeline,2,8,diag,7,0.7702891996411081,0.2862349527387975,0.22971080035848446,0.7137650472620521
2021-03-19,2021-03-19,1,1,project,Best interpretable candidate also has the best validation log-likelihood among survivors — no interpretability/likelihood trade-off to resolve.,regime_core,pipeline,2,8,diag,7,0.3819738966481328,0.05710773113220666,0.6180261033518676,0.9428922688685221
2021-03-26,2021-03-26,1,1,project,Best interpretable candidate also has the best validation log-likelihood among survivors — no interpretability/likelihood trade-off to resolve.,regime_core,pipeline,2,8,diag,7,0.011369994999238178,0.001168150284097731,0.9886300050005452,0.998831849716059
2021-04-02,2021-04-01,1,1,project,Best interpretable candidate also has the best validation log-likelihood among survivors — no interpretability/likelihood trade-off to resolve.,regime_core,pipeline,2,8,diag,7,0.003060662404737199,0.00030347402232274345,0.9969393375956677,0.9996965259768535
2021-04-09,2021-04-09,1,1,project,Best interpretable candidate also has the best validation log-likelihood among survivors — no interpretability/likelihood trade-off to resolve.,regime_core,pipeline,2,8,diag,7,0.0011716537223612075,0.00012695003071898727,0.9988283462777336,0.9998730499690148
2021-04-16,2021-04-16,1,1,project,Best interpretable candidate also has the best validation log-likelihood among survivors — no interpretability/likelihood trade-off to resolve.,regime_core,pipeline,2,8,diag,7,0.004947682192531382,0.0005358761217640369,0.9950523178078369,0.9994641238791425
2021-04-23,2021-04-23,1,1,project,Best interpretable candidate also has the best validation log-likelihood among survivors — no interpretability/likelihood trade-off to resolve.,regime_core,pipeline,2,8,diag,7,0.003685889237267095,0.0005622477900703455,0.9963141107628548,0.9994377522101734
2021-04-30,2021-04-30,1,1,project,Best interpretable candidate also has the best validation log-likelihood among survivors — no interpretability/likelihood trade-off to resolve.,regime_core,pipeline,2,8,diag,7,0.007023671629247796,0.0026160876906918444,0.9929763283705811,0.9973839123093462
2021-05-07,2021-05-07,1,1,project,Best interpretable candidate also has the best validation log-likelihood among survivors — no interpretability/likelihood trade-off to resolve.,regime_core,pipeline,2,8,diag,7,0.01438985796962678,0.013749156869958265,0.9856101420300578,0.9862508431308159
2021-05-14,2021-05-14,1,1,project,Best interpretable candidate also has the best validation log-likelihood among survivors — no interpretability/likelihood trade-off to resolve.,regime_core,pipeline,2,8,diag,7,0.05063007597391035,0.04890277746947883,0.9493699240261954,0.9510972225302733
2021-05-21,2021-05-21,1,1,project,Best interpretable candidate also has the best validation log-likelihood among survivors — no interpretability/likelihood trade-off to resolve.,regime_core,pipeline,2,8,diag,7,0.04027346337562165,0.07977536132937503,0.9597265366248021,0.9202246386710814
2021-05-28,2021-05-28,1,1,project,Best interpretable candidate also has the best validation log-likelihood among survivors — no interpretability/likelihood trade-off to resolve.,regime_core,pipeline,2,8,diag,7,0.05908910456405362,0.15446816283436146,0.9409108954359829,0.8455318371653973
2021-06-04,2021-06-04,1,1,project,Best interpretable candidate also has the best validation log-likelihood among survivors — no interpretability/likelihood trade-off to resolve.,regime_core,pipeline,2,8,diag,7,0.028078557327320827,0.2524478716359629,0.9719214426729086,0.7475521283639521
2021-06-11,2021-06-11,1,0,project,Best interpretable candidate also has the best validation log-likelihood among survivors — no interpretability/likelihood trade-off to resolve.,regime_core,pipeline,2,8,diag,7,0.06916413602241712,0.6247732735733017,0.9308358639774711,0.3752267264266665
2021-06-18,2021-06-18,0,0,project,Best interpretable candidate also has the best validation log-likelihood among survivors — no interpretability/likelihood trade-off to resolve.,regime_core,pipeline,2,8,diag,7,0.7503057258583783,0.9853634213723731,0.24969427414120726,0.014636578628058703
2021-06-25,2021-06-25,0,0,project,Best interpretable candidate also has the best validation log-likelihood among survivors — no interpretability/likelihood trade-off to resolve.,regime_core,pipeline,2,8,diag,7,0.9964367444327082,0.9992654408152202,0.0035632555669439445,0.0007345591850731719
2021-07-02,2021-07-02,0,0,project,Best interpretable candidate also has the best validation log-likelihood among survivors — no interpretability/likelihood trade-off to resolve.,regime_core,pipeline,2,8,diag,7,0.9333808504864964,0.9837267260480934,0.06661914951336417,0.016273273951715055
2021-07-09,2021-07-09,0,0,project,Best interpretable candidate also has the best validation log-likelihood among survivors — no interpretability/likelihood trade-off to resolve.,regime_core,pipeline,2,8,diag,7,0.7774182292478501,0.9687500532076764,0.22258177075224642,0.03124994679213404
2021-07-16,2021-07-16,0,0,project,Best interpretable candidate also has the best validation log-likelihood among survivors — no interpretability/likelihood trade-off to resolve.,regime_core,pipeline,2,8,diag,7,0.8017112334153089,0.9740460846078159,0.19828876658461086,0.025953915392390815
2021-07-23,2021-07-23,0,0,project,Best interpretable candidate also has the best validation log-likelihood among survivors — no interpretability/likelihood trade-off to resolve.,regime_core,pipeline,2,8,diag,7,0.8847004792329074,0.9782222770443941,0.11529952076748902,0.021777722955933613
2021-07-30,2021-07-30,0,0,project,Best interpretable candidate also has the best validation log-likelihood among survivors — no interpretability/likelihood trade-off to resolve.,regime_core,pipeline,2,8,diag,7,0.9244767814154063,0.9715458262058007,0.07552321858438037,0.02845417379346299
2021-08-06,2021-08-06,0,0,project,Best interpretable candidate also has the best validation log-likelihood among survivors — no interpretability/likelihood trade-off to resolve.,regime_core,pipeline,2,8,diag,7,0.9557697974571535,0.9452498994458549,0.044230202543117526,0.05475010055465475
2021-08-13,2021-08-13,0,0,project,Best interpretable candidate also has the best validation log-likelihood among survivors — no interpretability/likelihood trade-off to resolve.,regime_core,pipeline,2,8,diag,7,0.7137277764060788,0.8366219223612776,0.28627222359430937,0.1633780776388545
2021-08-20,2021-08-20,0,0,project,Best interpretable candidate also has the best validation log-likelihood among survivors — no interpretability/likelihood trade-off to resolve.,regime_core,pipeline,2,8,diag,7,0.592988716507112,0.8145483405119054,0.40701128349298304,0.18545165948774175
2021-08-27,2021-08-27,0,0,project,Best interpretable candidate also has the best validation log-likelihood among survivors — no interpretability/likelihood trade-off to resolve.,regime_core,pipeline,2,8,diag,7,0.6016375094261548,0.815159172165207,0.3983624905741332,0.18484082783476588
2021-09-03,2021-09-03,1,0,project,Best interpretable candidate also has the best validation log-likelihood among survivors — no interpretability/likelihood trade-off to resolve.,regime_core,pipeline,2,8,diag,7,0.3066182016780846,0.8140759425029063,0.6933817983220844,0.18592405749667665
2021-09-10,2021-09-10,0,0,project,Best interpretable candidate also has the best validation log-likelihood among survivors — no interpretability/likelihood trade-off to resolve.,regime_core,pipeline,2,8,diag,7,0.6281877348698487,0.8880517192044232,0.3718122651302724,0.11194828079628276
2021-09-17,2021-09-17,0,0,project,Best interpretable candidate also has the best validation log-likelihood among survivors — no interpretability/likelihood trade-off to resolve.,regime_core,pipeline,2,8,diag,7,0.5441312095488784,0.8956533237563672,0.4558687904513928,0.10434667624323071
2021-09-24,2021-09-24,0,0,project,Best interpretable candidate also has the best validation log-likelihood among survivors — no interpretability/likelihood trade-off to resolve.,regime_core,pipeline,2,8,diag,7,0.85166974526142,0.9192351876320932,0.14833025473843087,0.08076481236860306
2021-10-01,2021-10-01,0,0,project,Best interpretable candidate also has the best validation log-likelihood among survivors — no interpretability/likelihood trade-off to resolve.,regime_core,pipeline,2,8,diag,7,0.9282779045975725,0.8848426065506417,0.07172209540203539,0.11515739344968429
2021-10-08,2021-10-08,0,0,project,Best interpretable candidate also has the best validation log-likelihood among survivors — no interpretability/likelihood trade-off to resolve.,regime_core,pipeline,2,8,diag,7,0.9662091169298264,0.747107146774959,0.033790883070413606,0.2528928532259245
2021-10-15,2021-10-15,1,1,project,Best interpretable candidate also has the best validation log-likelihood among survivors — no interpretability/likelihood trade-off to resolve.,regime_core,pipeline,2,8,diag,7,0.3223645478362508,0.05227780186737868,0.67763545216396,0.9477221981327818
2021-10-22,2021-10-22,1,1,project,Best interpretable candidate also has the best validation log-likelihood among survivors — no interpretability/likelihood trade-off to resolve.,regime_core,pipeline,2,8,diag,7,0.09086267795461019,0.00978458214786291,0.9091373220451766,0.9902154178514577
2021-10-29,2021-10-29,1,1,project,Best interpretable candidate also has the best validation log-likelihood among survivors — no interpretability/likelihood trade-off to resolve.,regime_core,pipeline,2,8,diag,7,0.0020561410078357174,0.000389091660659624,0.9979438589918792,0.9996109083389492
2021-11-05,2021-11-05,1,1,project,Best interpretable candidate also has the best validation log-likelihood among survivors — no interpretability/likelihood trade-off to resolve.,regime_core,pipeline,2,8,diag,7,0.004494406300130236,0.004187861020391405,0.9955055936995919,0.9958121389790848
2021-11-12,2021-11-12,1,1,project,Best interpretable candidate also has the best validation log-likelihood among survivors — no interpretability/likelihood trade-off to resolve.,regime_core,pipeline,2,8,diag,7,0.049509116797496755,0.039609915599427094,0.9504908832027541,0.9603900843997595
2021-11-19,2021-11-19,1,1,project,Best interpretable candidate also has the best validation log-likelihood among survivors — no interpretability/likelihood trade-off to resolve.,regime_core,pipeline,2,8,diag,7,0.005307344253094362,0.06372894707116739,0.9946926557464589,0.9362710529285506
2021-11-26,2021-11-26,1,0,project,Best interpretable candidate also has the best validation log-likelihood among survivors — no interpretability/likelihood trade-off to resolve.,regime_core,pipeline,2,8,diag,7,0.05669516773872971,0.574197548398052,0.943304832261283,0.4258024516026174
2021-12-03,2021-12-03,0,0,project,Best interpretable candidate also has the best validation log-likelihood among survivors — no interpretability/likelihood trade-off to resolve.,regime_core,pipeline,2,8,diag,7,0.7246164259737925,0.9839259500857434,0.27538357402620695,0.016074049913904806
2021-12-10,2021-12-10,0,0,project,Best interpretable candidate also has the best validation log-likelihood among survivors — no interpretability/likelihood trade-off to resolve.,regime_core,pipeline,2,8,diag,7,0.9999632140370083,0.9999610798593306,3.678596274271869e-05,3.892014064049819e-05
2021-12-17,2021-12-17,0,0,project,Best interpretable candidate also has the best validation log-likelihood among survivors — no interpretability/likelihood trade-off to resolve.,regime_core,pipeline,2,8,diag,7,0.9124756434389175,0.9019804651356484,0.08752435656107521,0.09801953486421677
2021-12-24,2021-12-23,0,0,project,Best interpretable candidate also has the best validation log-likelihood among survivors — no interpretability/likelihood trade-off to resolve.,regime_core,pipeline,2,8,diag,7,0.9205517318676831,0.8103972227610184,0.07944826813242331,0.18960277723876032
2021-12-31,2021-12-31,1,0,project,Best interpretable candidate also has the best validation log-likelihood among survivors — no interpretability/likelihood trade-off to resolve.,regime_core,pipeline,2,8,diag,7,0.09652618945947579,0.6039223017697114,0.9034738105404123,0.3960776982307633
2022-01-07,2022-01-07,0,0,project,Best interpretable candidate also has the best validation log-likelihood among survivors — no interpretability/likelihood trade-off to resolve.,regime_core,pipeline,2,8,diag,7,0.8905652450326149,0.8442229393597339,0.10943475496767,0.15577706064109514
2022-01-14,2022-01-14,1,0,project,Best interpretable candidate also has the best validation log-likelihood among survivors — no interpretability/likelihood trade-off to resolve.,regime_core,pipeline,2,8,diag,7,0.10377061214494623,0.7291768976012089,0.8962293878546587,0.27082310239828067
2022-01-21,2022-01-21,0,0,project,Best interpretable candidate also has the best validation log-likelihood among survivors — no interpretability/likelihood trade-off to resolve.,regime_core,pipeline,2,8,diag,7,0.9854635425704933,0.9993602679764548,0.014536457429213136,0.000639732022988163
2022-01-28,2022-01-28,0,0,project,Best interpretable candidate also has the best validation log-likelihood among survivors — no interpretability/likelihood trade-off to resolve.,regime_core,pipeline,2,8,diag,7,0.9987578102843783,0.9999451491949565,0.0012421897157346557,5.485080451956288e-05
2022-02-04,2022-02-04,0,0,project,Best interpretable candidate also has the best validation log-likelihood among survivors — no interpretability/likelihood trade-off to resolve.,regime_core,pipeline,2,8,diag,7,0.9996925774569847,0.9998826514230208,0.0003074225428226568,0.00011734857785419577
2022-02-11,2022-02-11,0,0,project,Best interpretable candidate also has the best validation log-likelihood among survivors — no interpretability/likelihood trade-off to resolve.,regime_core,pipeline,2,8,diag,7,0.983238687963884,0.967201620397376,0.01676131203626159,0.03279837960302772
2022-02-18,2022-02-18,0,0,project,Best interpretable candidate also has the best validation log-likelihood among survivors — no interpretability/likelihood trade-off to resolve.,regime_core,pipeline,2,8,diag,7,0.6811012947493346,0.7860646520770059,0.31889870525105557,0.21393534792311336
2022-02-25,2022-02-25,1,0,project,Best interpretable candidate also has the best validation log-likelihood among survivors — no interpretability/likelihood trade-off to resolve.,regime_core,pipeline,2,8,diag,7,0.1505342762723004,0.760184739617332,0.8494657237273325,0.23981526038190865
2022-03-04,2022-03-04,1,0,project,Best interpretable candidate also has the best validation log-likelihood among survivors — no interpretability/likelihood trade-off to resolve.,regime_core,pipeline,2,8,diag,7,0.41534111664904705,0.9430456612039236,0.584658883350518,0.056954338796949604
2022-03-11,2022-03-11,0,0,project,Best interpretable candidate also has the best validation log-likelihood among survivors — no interpretability/likelihood trade-off to resolve.,regime_core,pipeline,2,8,diag,7,0.9999998776147624,0.9999999943174771,1.2238495240556957e-07,5.6834239168604785e-09
2022-03-18,2022-03-18,0,0,project,Best interpretable candidate also has the best validation log-likelihood among survivors — no interpretability/likelihood trade-off to resolve.,regime_core,pipeline,2,8,diag,7,0.9966022465332098,0.999658773147352,0.0033977534664519074,0.0003412268530877385
2022-03-25,2022-03-25,0,0,project,Best interpretable candidate also has the best validation log-likelihood among survivors — no interpretability/likelihood trade-off to resolve.,regime_core,pipeline,2,8,diag,7,0.9993575055904677,0.9942831652527045,0.0006424944095713152,0.005716834746862359
2022-04-01,2022-04-01,1,1,project,Best interpretable candidate also has the best validation log-likelihood among survivors — no interpretability/likelihood trade-off to resolve.,regime_core,pipeline,2,8,diag,7,0.007595323013319889,0.14007232085242363,0.9924046769870415,0.8599276791480808
2022-04-08,2022-04-08,0,0,project,Best interpretable candidate also has the best validation log-likelihood among survivors — no interpretability/likelihood trade-off to resolve.,regime_core,pipeline,2,8,diag,7,0.5938910930465163,0.9249276494094304,0.4061089069532398,0.0750723505901333
2022-04-15,2022-04-14,0,0,project,Best interpretable candidate also has the best validation log-likelihood among survivors — no interpretability/likelihood trade-off to resolve.,regime_core,pipeline,2,8,diag,7,0.5220033006553312,0.9450979911213443,0.47799669934433225,0.05490200887921676
2022-04-22,2022-04-22,0,0,project,Best interpretable candidate also has the best validation log-likelihood among survivors — no interpretability/likelihood trade-off to resolve.,regime_core,pipeline,2,8,diag,7,0.6848834528020089,0.9802809755950327,0.3151165471978824,0.019719024404352577
2022-04-29,2022-04-29,0,0,project,Best interpretable candidate also has the best validation log-likelihood among survivors — no interpretability/likelihood trade-off to resolve.,regime_core,pipeline,2,8,diag,7,0.9896874905064712,0.9995531405018759,0.010312509493446292,0.0004468594981481082
2022-05-06,2022-05-06,0,0,project,Best interpretable candidate also has the best validation log-likelihood among survivors — no interpretability/likelihood trade-off to resolve.,regime_core,pipeline,2,8,diag,7,0.9999994105884898,0.999999974656021,5.894111211424958e-07,2.5343981747030142e-08
2022-05-13,2022-05-13,0,0,project,Best interpretable candidate also has the best validation log-likelihood among survivors — no interpretability/likelihood trade-off to resolve.,regime_core,pipeline,2,8,diag,7,0.9997865963805903,0.9999908368119214,0.00021340361944501902,9.16318723486292e-06
2022-05-20,2022-05-20,0,0,project,Best interpretable candidate also has the best validation log-likelihood among survivors — no interpretability/likelihood trade-off to resolve.,regime_core,pipeline,2,8,diag,7,0.9999582200258936,0.9999975178574342,4.177997443654237e-05,2.482142477215654e-06
2022-05-27,2022-05-27,0,0,project,Best interpretable candidate also has the best validation log-likelihood among survivors — no interpretability/likelihood trade-off to resolve.,regime_core,pipeline,2,8,diag,7,0.9643855350772617,0.9984062644011085,0.03561446492308645,0.0015937355995168218
2022-06-03,2022-06-03,0,0,project,Best interpretable candidate also has the best validation log-likelihood among survivors — no interpretability/likelihood trade-off to resolve.,regime_core,pipeline,2,8,diag,7,0.9990038460861722,0.9999571851874777,0.000996153913846546,4.281481224170458e-05
2022-06-10,2022-06-10,0,0,project,Best interpretable candidate also has the best validation log-likelihood among survivors — no interpretability/likelihood trade-off to resolve.,regime_core,pipeline,2,8,diag,7,0.9999198230654717,0.9999965598167422,8.017693438458172e-05,3.4401826710672447e-06
2022-06-17,2022-06-17,0,0,project,Best interpretable candidate also has the best validation log-likelihood among survivors — no interpretability/likelihood trade-off to resolve.,regime_core,pipeline,2,8,diag,7,0.999999492218323,0.9999999780175133,5.077816187863436e-07,2.19830504068526e-08
2022-06-24,2022-06-24,0,0,project,Best interpretable candidate also has the best validation log-likelihood among survivors — no interpretability/likelihood trade-off to resolve.,regime_core,pipeline,2,8,diag,7,0.9991277414009231,0.9999625044046587,0.0008722585993561769,3.749559578871258e-05
2022-07-01,2022-07-01,0,0,project,Best interpretable candidate also has the best validation log-likelihood among survivors — no interpretability/likelihood trade-off to resolve.,regime_core,pipeline,2,8,diag,7,0.999893240550893,0.9999954185673589,0.00010675944893567047,4.581433377042619e-06
2022-07-08,2022-07-08,0,0,project,Best interpretable candidate also has the best validation log-likelihood among survivors — no interpretability/likelihood trade-off to resolve.,regime_core,pipeline,2,8,diag,7,0.9999934734582142,0.9999994820920142,6.526542177801965e-06,5.179082777203042e-07
2022-07-15,2022-07-15,0,0,project,Best interpretable candidate also has the best validation log-likelihood among survivors — no interpretability/likelihood trade-off to resolve.,regime_core,pipeline,2,8,diag,7,0.9854842352750134,0.9964813750828599,0.014515764725074645,0.0035186249163115186
2022-07-22,2022-07-22,0,0,project,Best interpretable candidate also has the best validation log-likelihood among survivors — no interpretability/likelihood trade-off to resolve.,regime_core,pipeline,2,8,diag,7,0.8521848985074352,0.9781674467462328,0.14781510149227584,0.021832553253196257
2022-07-29,2022-07-29,0,0,project,Best interpretable candidate also has the best validation log-likelihood among survivors — no interpretability/likelihood trade-off to resolve.,regime_core,pipeline,2,8,diag,7,0.6716724177112805,0.9772877546556527,0.3283275822886748,0.02271224534362024
2022-08-05,2022-08-05,0,0,project,Best interpretable candidate also has the best validation log-likelihood among survivors — no interpretability/likelihood trade-off to resolve.,regime_core,pipeline,2,8,diag,7,0.9661427007652753,0.9973369157758328,0.033857299234710495,0.002663084224450534
2022-08-12,2022-08-12,0,0,project,Best interpretable candidate also has the best validation log-likelihood among survivors — no interpretability/likelihood trade-off to resolve.,regime_core,pipeline,2,8,diag,7,0.9090948517575658,0.9956265819566553,0.0909051482425289,0.004373418043769051
2022-08-19,2022-08-19,0,0,project,Best interpretable candidate also has the best validation log-likelihood among survivors — no interpretability/likelihood trade-off to resolve.,regime_core,pipeline,2,8,diag,7,0.9953628605781181,0.9997991176239053,0.004637139421892534,0.00020088237652657144
2022-08-26,2022-08-26,0,0,project,Best interpretable candidate also has the best validation log-likelihood among survivors — no interpretability/likelihood trade-off to resolve.,regime_core,pipeline,2,8,diag,7,0.9994714630603396,0.9999773105437497,0.0005285369393913027,2.268945587177772e-05
2022-09-02,2022-09-02,0,0,project,Best interpretable candidate also has the best validation log-likelihood among survivors — no interpretability/likelihood trade-off to resolve.,regime_core,pipeline,2,8,diag,7,0.9999927838422332,0.9999996877796126,7.216158165822419e-06,3.122204356762853e-07
2022-09-09,2022-09-09,0,0,project,Best interpretable candidate also has the best validation log-likelihood among survivors — no interpretability/likelihood trade-off to resolve.,regime_core,pipeline,2,8,diag,7,0.9991845913370304,0.9999649884465828,0.0008154086625763662,3.501155355911717e-05
2022-09-16,2022-09-16,0,0,project,Best interpretable candidate also has the best validation log-likelihood among survivors — no interpretability/likelihood trade-off to resolve.,regime_core,pipeline,2,8,diag,7,0.9999998725270497,0.9999999945302989,1.2747271623415172e-07,5.46907298526167e-09
2022-09-23,2022-09-23,0,0,project,Best interpretable candidate also has the best validation log-likelihood among survivors — no interpretability/likelihood trade-off to resolve.,regime_core,pipeline,2,8,diag,7,0.9999999999863576,1.0,1.352259281338709e-11,5.801715690310965e-13
2022-09-30,2022-09-30,0,0,project,Best interpretable candidate also has the best validation log-likelihood among survivors — no interpretability/likelihood trade-off to resolve.,regime_core,pipeline,2,8,diag,7,0.9999999898564056,0.9999999995652615,1.01439942455191e-08,4.3521675498824374e-10
2022-10-07,2022-10-07,0,0,project,Best interpretable candidate also has the best validation log-likelihood among survivors — no interpretability/likelihood trade-off to resolve.,regime_core,pipeline,2,8,diag,7,0.999999959537491,0.9999999982646841,4.046277871338843e-08,1.7360097574965032e-09
2022-10-14,2022-10-14,0,0,project,Best interpretable candidate also has the best validation log-likelihood among survivors — no interpretability/likelihood trade-off to resolve.,regime_core,pipeline,2,8,diag,7,0.9999999966476025,0.9999999998562998,3.3527636493078784e-09,1.4384652548722236e-10
2022-10-21,2022-10-21,0,0,project,Best interpretable candidate also has the best validation log-likelihood among survivors — no interpretability/likelihood trade-off to resolve.,regime_core,pipeline,2,8,diag,7,0.9999999978681444,0.9999999999090505,2.132279540371999e-09,9.149900421152433e-11
2022-10-28,2022-10-28,0,0,project,Best interpretable candidate also has the best validation log-likelihood among survivors — no interpretability/likelihood trade-off to resolve.,regime_core,pipeline,2,8,diag,7,0.9999831512005289,0.9999992771084064,1.68487991448857e-05,7.228909372703938e-07
2022-11-04,2022-11-04,0,0,project,Best interpretable candidate also has the best validation log-likelihood among survivors — no interpretability/likelihood trade-off to resolve.,regime_core,pipeline,2,8,diag,7,0.9999999116298607,0.9999999962092261,8.837000457011577e-08,3.79148209388176e-09
2022-11-11,2022-11-11,0,0,project,Best interpretable candidate also has the best validation log-likelihood among survivors — no interpretability/likelihood trade-off to resolve.,regime_core,pipeline,2,8,diag,7,0.9999983058883825,0.9999999268675337,1.6941119953465466e-06,7.313163843084212e-08
2022-11-18,2022-11-18,0,0,project,Best interpretable candidate also has the best validation log-likelihood among survivors — no interpretability/likelihood trade-off to resolve.,regime_core,pipeline,2,8,diag,7,0.9994088937719651,0.9999744981883265,0.0005911062280545655,2.5501811623021424e-05
2022-11-25,2022-11-25,0,0,project,Best interpretable candidate also has the best validation log-likelihood among survivors — no interpretability/likelihood trade-off to resolve.,regime_core,pipeline,2,8,diag,7,0.9995154927522693,0.9999791923164825,0.0004845072478072155,2.0807682676679383e-05
2022-12-02,2022-12-02,0,0,project,Best interpretable candidate also has the best validation log-likelihood among survivors — no interpretability/likelihood trade-off to resolve.,regime_core,pipeline,2,8,diag,7,0.9999497190346354,0.9999978375440794,5.028096520801968e-05,2.1624555009410045e-06
2022-12-09,2022-12-09,0,0,project,Best interpretable candidate also has the best validation log-likelihood among survivors — no interpretability/likelihood trade-off to resolve.,regime_core,pipeline,2,8,diag,7,0.9997718741937252,0.9999901971430788,0.00022812580625296308,9.802857231147508e-06
2022-12-16,2022-12-16,0,0,project,Best interpretable candidate also has the best validation log-likelihood among survivors — no interpretability/likelihood trade-off to resolve.,regime_core,pipeline,2,8,diag,7,0.9998691507321221,0.9999943853484462,0.00013084926801370224,5.614650914239891e-06
2022-12-23,2022-12-23,0,0,project,Best interpretable candidate also has the best validation log-likelihood among survivors — no interpretability/likelihood trade-off to resolve.,regime_core,pipeline,2,8,diag,7,0.9999998567545947,0.9999999938536348,1.4324537580820577e-07,6.145789926553443e-09
2022-12-30,2022-12-30,0,0,project,Best interpretable candidate also has the best validation log-likelihood among survivors — no interpretability/likelihood trade-off to resolve.,regime_core,pipeline,2,8,diag,7,0.9999998634584792,0.9999999941392161,1.3654193617531894e-07,5.860005354990098e-09
2023-01-06,2023-01-06,0,0,project,Best interpretable candidate also has the best validation log-likelihood among survivors — no interpretability/likelihood trade-off to resolve.,regime_core,pipeline,2,8,diag,7,0.9999699283245329,0.9999987079417385,3.007167495524682e-05,1.2920584475074911e-06
2023-01-13,2023-01-13,0,0,project,Best interpretable candidate also has the best validation log-likelihood among survivors — no interpretability/likelihood trade-off to resolve.,regime_core,pipeline,2,8,diag,7,0.9998631319426216,0.9999941235682713,0.00013686805794476902,5.876431862370798e-06
2023-01-20,2023-01-20,0,0,project,Best interpretable candidate also has the best validation log-likelihood among survivors — no interpretability/likelihood trade-off to resolve.,regime_core,pipeline,2,8,diag,7,0.9999425559164286,0.9999975328404128,5.744408305792313e-05,2.4671591847253715e-06
2023-01-27,2023-01-27,0,0,project,Best interpretable candidate also has the best validation log-likelihood among survivors — no interpretability/likelihood trade-off to resolve.,regime_core,pipeline,2,8,diag,7,0.9999040607694595,0.9999958801339118,9.593922965988088e-05,4.11986679207433e-06
2023-02-03,2023-02-03,0,0,project,Best interpretable candidate also has the best validation log-likelihood among survivors — no interpretability/likelihood trade-off to resolve.,regime_core,pipeline,2,8,diag,7,0.9999219626243709,0.9999966516426535,7.8037376282698e-05,3.348357510635631e-06
2023-02-10,2023-02-10,0,0,project,Best interpretable candidate also has the best validation log-likelihood among survivors — no interpretability/likelihood trade-off to resolve.,regime_core,pipeline,2,8,diag,7,0.9999999336178029,0.9999999971514626,6.638202546614532e-08,2.848098708383104e-09
2023-02-17,2023-02-17,0,0,project,Best interpretable candidate also has the best validation log-likelihood among survivors — no interpretability/likelihood trade-off to resolve.,regime_core,pipeline,2,8,diag,7,0.9999982033112016,0.99999992291487,1.7966887314902656e-06,7.708509835019548e-08
2023-02-24,2023-02-24,0,0,project,Best interpretable candidate also has the best validation log-likelihood among survivors — no interpretability/likelihood trade-off to resolve.,regime_core,pipeline,2,8,diag,7,0.9999999079973392,0.999999996052793,9.200332539891143e-08,3.947692323944519e-09
2023-03-03,2023-03-03,0,0,project,Best interpretable candidate also has the best validation log-likelihood among survivors — no interpretability/likelihood trade-off to resolve.,regime_core,pipeline,2,8,diag,7,0.9999903739835106,0.9999995870003602,9.626017069908405e-06,4.130003144265992e-07
2023-03-10,2023-03-10,0,0,project,Best interpretable candidate also has the best validation log-likelihood among survivors — no interpretability/likelihood trade-off to resolve.,regime_core,pipeline,2,8,diag,7,0.9999992604210098,0.9999999682659114,7.395786090257198e-07,3.1734629001703526e-08
2023-03-17,2023-03-17,0,0,project,Best interpretable candidate also has the best validation log-likelihood among survivors — no interpretability/likelihood trade-off to resolve.,regime_core,pipeline,2,8,diag,7,0.9999883651147878,0.9999995007584739,1.163488506399675e-05,4.992420325320457e-07
2023-03-24,2023-03-24,0,0,project,Best interpretable candidate also has the best validation log-likelihood among survivors — no interpretability/likelihood trade-off to resolve.,regime_core,pipeline,2,8,diag,7,0.9999893787680946,0.9999995442668607,1.0621231451266632e-05,4.557322951023108e-07
2023-03-31,2023-03-31,0,0,project,Best interpretable candidate also has the best validation log-likelihood among survivors — no interpretability/likelihood trade-off to resolve.,regime_core,pipeline,2,8,diag,7,0.9999924217004927,0.999999674855697,7.578299926913045e-06,3.2514440796819107e-07
2023-04-07,2023-04-06,0,0,project,Best interpretable candidate also has the best validation log-likelihood among survivors — no interpretability/likelihood trade-off to resolve.,regime_core,pipeline,2,8,diag,7,0.9999989055674254,0.9999999530446086,1.0944321472783686e-06,4.6955638839605584e-08
2023-04-14,2023-04-14,0,0,project,Best interpretable candidate also has the best validation log-likelihood among survivors — no interpretability/likelihood trade-off to resolve.,regime_core,pipeline,2,8,diag,7,0.999999548523294,0.9999999806295821,4.514769452960934e-07,1.93705059228893e-08
2023-04-21,2023-04-21,0,0,project,Best interpretable candidate also has the best validation log-likelihood among survivors — no interpretability/likelihood trade-off to resolve.,regime_core,pipeline,2,8,diag,7,0.9999980509420205,0.9999999163483189,1.949057290427733e-06,8.365188935474825e-08
2023-04-28,2023-04-28,0,0,project,Best interpretable candidate also has the best validation log-likelihood among survivors — no interpretability/likelihood trade-off to resolve.,regime_core,pipeline,2,8,diag,7,0.9999657855565368,0.9999985320129642,3.421444427214823e-05,1.4679868185216677e-06
2023-05-05,2023-05-05,0,0,project,Best interpretable candidate also has the best validation log-likelihood among survivors — no interpretability/likelihood trade-off to resolve.,regime_core,pipeline,2,8,diag,7,0.9999995514227618,0.9999999807532733,4.4857799551044444e-07,1.9247028325629756e-08
2023-05-12,2023-05-12,0,0,project,Best interpretable candidate also has the best validation log-likelihood among survivors — no interpretability/likelihood trade-off to resolve.,regime_core,pipeline,2,8,diag,7,0.999993530435868,0.9999997224295315,6.469564831340289e-06,2.7757130495976894e-07
2023-05-19,2023-05-19,0,0,project,Best interpretable candidate also has the best validation log-likelihood among survivors — no interpretability/likelihood trade-off to resolve.,regime_core,pipeline,2,8,diag,7,0.9999999149367832,0.9999999963511073,8.506256373075284e-08,3.6495172487351196e-09
2023-05-26,2023-05-26,0,0,project,Best interpretable candidate also has the best validation log-likelihood among survivors — no interpretability/likelihood trade-off to resolve.,regime_core,pipeline,2,8,diag,7,0.9999998908133481,0.9999999953161023,1.0918692190406532e-07,4.684550695891418e-09
2023-06-02,2023-06-02,0,0,project,Best interpretable candidate also has the best validation log-likelihood among survivors — no interpretability/likelihood trade-off to resolve.,regime_core,pipeline,2,8,diag,7,0.9999998113380748,0.9999999919054972,1.8866199788063479e-07,8.094427520140884e-09
2023-06-09,2023-06-09,0,0,project,Best interpretable candidate also has the best validation log-likelihood among survivors — no interpretability/likelihood trade-off to resolve.,regime_core,pipeline,2,8,diag,7,0.9999988433871617,0.9999999503652374,1.1566119510267609e-06,4.96341595422729e-08
2023-06-16,2023-06-16,0,0,project,Best interpretable candidate also has the best validation log-likelihood among survivors — no interpretability/likelihood trade-off to resolve.,regime_core,pipeline,2,8,diag,7,0.9999786490394555,0.9999990835844634,2.135096043735247e-05,9.16415093810805e-07
2023-06-23,2023-06-23,0,0,project,Best interpretable candidate also has the best validation log-likelihood among survivors — no interpretability/likelihood trade-off to resolve.,regime_core,pipeline,2,8,diag,7,0.9999623101748151,0.9999983828342354,3.768982576168973e-05,1.6171661591742564e-06
2023-06-30,2023-06-30,0,0,project,Best interpretable candidate also has the best validation log-likelihood among survivors — no interpretability/likelihood trade-off to resolve.,regime_core,pipeline,2,8,diag,7,0.9999959040280585,0.9999998242528972,4.095971176107297e-06,1.7574653617045498e-07
2023-07-07,2023-07-07,0,0,project,Best interpretable candidate also has the best validation log-likelihood among survivors — no interpretability/likelihood trade-off to resolve.,regime_core,pipeline,2,8,diag,7,0.9999929423332867,0.9999996971765089,7.057666162564709e-06,3.028239610818842e-07
2023-07-14,2023-07-14,0,0,project,Best interpretable candidate also has the best validation log-likelihood among survivors — no interpretability/likelihood trade-off to resolve.,regime_core,pipeline,2,8,diag,7,0.9999933869494655,0.9999997161394679,6.613049642766901e-06,2.8386096119003004e-07
2023-07-21,2023-07-21,0,0,project,Best interpretable candidate also has the best validation log-likelihood among survivors — no interpretability/likelihood trade-off to resolve.,regime_core,pipeline,2,8,diag,7,0.9999544915122817,0.9999980473040488,4.5508488350815616e-05,1.95269528901888e-06
2023-07-28,2023-07-28,0,0,project,Best interpretable candidate also has the best validation log-likelihood among survivors — no interpretability/likelihood trade-off to resolve.,regime_core,pipeline,2,8,diag,7,0.9999940569754628,0.9999997450159169,5.943024677219134e-06,2.549848269074704e-07
2023-08-04,2023-08-04,0,0,project,Best interpretable candidate also has the best validation log-likelihood among survivors — no interpretability/likelihood trade-off to resolve.,regime_core,pipeline,2,8,diag,7,0.9999982422629715,0.9999999245828832,1.757737576942213e-06,7.541695361440282e-08
2023-08-11,2023-08-11,0,0,project,Best interpretable candidate also has the best validation log-likelihood among survivors — no interpretability/likelihood trade-off to resolve.,regime_core,pipeline,2,8,diag,7,0.9999960454611913,0.9999998303337778,3.954538690420718e-06,1.6966607236030617e-07
2023-08-18,2023-08-18,0,0,project,Best interpretable candidate also has the best validation log-likelihood among survivors — no interpretability/likelihood trade-off to resolve.,regime_core,pipeline,2,8,diag,7,0.9999997540144553,0.9999999894371285,2.4598467196019664e-07,1.0562525430552378e-08
2023-08-25,2023-08-25,0,0,project,Best interpretable candidate also has the best validation log-likelihood among survivors — no interpretability/likelihood trade-off to resolve.,regime_core,pipeline,2,8,diag,7,0.9999193538239499,0.9999965351749778,8.064617689676136e-05,3.4648246933988284e-06
2023-09-01,2023-09-01,0,0,project,Best interpretable candidate also has the best validation log-likelihood among survivors — no interpretability/likelihood trade-off to resolve.,regime_core,pipeline,2,8,diag,7,0.9998737219804936,0.9999945799974284,0.000126278018831051,5.420003298023889e-06
2023-09-08,2023-09-08,0,0,project,Best interpretable candidate also has the best validation log-likelihood among survivors — no interpretability/likelihood trade-off to resolve.,regime_core,pipeline,2,8,diag,7,0.999972686240788,0.9999988265924521,2.731375922122831e-05,1.1734067286436221e-06
2023-09-15,2023-09-15,0,0,project,Best interpretable candidate also has the best validation log-likelihood among survivors — no interpretability/likelihood trade-off to resolve.,regime_core,pipeline,2,8,diag,7,0.9998755893119204,0.9999946614604306,0.000124410687442613,5.338539004492588e-06
2023-09-22,2023-09-22,0,0,project,Best interpretable candidate also has the best validation log-likelihood among survivors — no interpretability/likelihood trade-off to resolve.,regime_core,pipeline,2,8,diag,7,0.999996308215025,0.9999998416078723,3.691784144968372e-06,1.5839282212303913e-07
2023-09-29,2023-09-29,0,0,project,Best interpretable candidate also has the best validation log-likelihood among survivors — no interpretability/likelihood trade-off to resolve.,regime_core,pipeline,2,8,diag,7,0.999999725298077,0.9999999882147677,2.747022433554082e-07,1.1785792082667061e-08
2023-10-06,2023-10-06,0,0,project,Best interpretable candidate also has the best validation log-likelihood among survivors — no interpretability/likelihood trade-off to resolve.,regime_core,pipeline,2,8,diag,7,0.9999999935680535,0.9999999997235136,6.432150812468122e-09,2.760055920711207e-10
2023-10-13,2023-10-13,0,0,project,Best interpretable candidate also has the best validation log-likelihood among survivors — no interpretability/likelihood trade-off to resolve.,regime_core,pipeline,2,8,diag,7,0.9999855001275002,0.9999993778912656,1.4499871948151523e-05,6.221092038928473e-07
2023-10-20,2023-10-20,0,0,project,Best interpretable candidate also has the best validation log-likelihood among survivors — no interpretability/likelihood trade-off to resolve.,regime_core,pipeline,2,8,diag,7,0.9999999985338945,0.9999999999363354,1.4662656792044553e-09,6.292266945439877e-11
2023-10-27,2023-10-27,0,0,project,Best interpretable candidate also has the best validation log-likelihood among survivors — no interpretability/likelihood trade-off to resolve.,regime_core,pipeline,2,8,diag,7,0.9999782081041081,0.9999990649671241,2.1791896785744052e-05,9.350326896404994e-07
2023-11-03,2023-11-03,0,0,project,Best interpretable candidate also has the best validation log-likelihood among survivors — no interpretability/likelihood trade-off to resolve.,regime_core,pipeline,2,8,diag,7,0.9999941867141194,0.9999997493614815,5.813285919671314e-06,2.506387444563483e-07
2023-11-10,2023-11-10,0,0,project,Best interpretable candidate also has the best validation log-likelihood among survivors — no interpretability/likelihood trade-off to resolve.,regime_core,pipeline,2,8,diag,7,0.9995271494820841,0.9999796596998316,0.0004728505187894633,2.0340299537958864e-05
2023-11-17,2023-11-17,0,0,project,Best interpretable candidate also has the best validation log-likelihood among survivors — no interpretability/likelihood trade-off to resolve.,regime_core,pipeline,2,8,diag,7,0.9997904095936286,0.9999909780133278,0.0002095904070330911,9.021987373695453e-06
2023-11-24,2023-11-24,0,0,project,Best interpretable candidate also has the best validation log-likelihood among survivors — no interpretability/likelihood trade-off to resolve.,regime_core,pipeline,2,8,diag,7,0.9996996202874356,0.9999871046870059,0.00030037971259794265,1.2895312725195736e-05
2023-12-01,2023-12-01,0,0,project,Best interpretable candidate also has the best validation log-likelihood among survivors — no interpretability/likelihood trade-off to resolve.,regime_core,pipeline,2,8,diag,7,0.9999694125148006,0.9999986607717674,3.0587484593625776e-05,1.3392289310688907e-06
2023-12-08,2023-12-08,0,0,project,Best interpretable candidate also has the best validation log-likelihood among survivors — no interpretability/likelihood trade-off to resolve.,regime_core,pipeline,2,8,diag,7,0.9980271346800847,0.9999151827115855,0.001972865319313523,8.481728855155663e-05
2023-12-15,2023-12-15,0,0,project,Best interpretable candidate also has the best validation log-likelihood among survivors — no interpretability/likelihood trade-off to resolve.,regime_core,pipeline,2,8,diag,7,0.9999844689688049,0.999999321620865,1.553103038809475e-05,6.783797506682247e-07
2023-12-22,2023-12-22,0,0,project,Best interpretable candidate also has the best validation log-likelihood among survivors — no interpretability/likelihood trade-off to resolve.,regime_core,pipeline,2,8,diag,7,0.9982987141862791,0.9999252300800304,0.0017012858129900933,7.476991928703556e-05
2023-12-29,2023-12-29,0,0,project,Best interpretable candidate also has the best validation log-likelihood among survivors — no interpretability/likelihood trade-off to resolve.,regime_core,pipeline,2,8,diag,7,0.9977759371154367,0.9999043517835221,0.0022240628844900933,9.564821634619587e-05
2024-01-05,2024-01-05,0,0,project,Best interpretable candidate also has the best validation log-likelihood among survivors — no interpretability/likelihood trade-off to resolve.,regime_core,pipeline,2,8,diag,7,0.9999755216735254,0.999998946658352,2.4478326657703672e-05,1.0533418998668465e-06
2024-01-12,2024-01-12,0,0,project,Best interpretable candidate also has the best validation log-likelihood among survivors — no interpretability/likelihood trade-off to resolve.,regime_core,pipeline,2,8,diag,7,0.9997148663463173,0.9999877630819558,0.0002851336543136346,1.2236917326070711e-05
2024-01-19,2024-01-19,0,0,project,Best interpretable candidate also has the best validation log-likelihood among survivors — no interpretability/likelihood trade-off to resolve.,regime_core,pipeline,2,8,diag,7,0.9999980863503999,0.9999999178962786,1.9136499727454307e-06,8.21041952246596e-08
2024-01-26,2024-01-26,0,0,project,Best interpretable candidate also has the best validation log-likelihood among survivors — no interpretability/likelihood trade-off to resolve.,regime_core,pipeline,2,8,diag,7,0.9999987504514669,0.9999999463743748,1.2495481247462239e-06,5.3626486291693606e-08
2024-02-02,2024-02-02,0,0,project,Best interpretable candidate also has the best validation log-likelihood among survivors — no interpretability/likelihood trade-off to resolve.,regime_core,pipeline,2,8,diag,7,0.9999712358756941,0.9999987657673386,2.876412446060301e-05,1.2342332119951086e-06
2024-02-09,2024-02-09,0,0,project,Best interpretable candidate also has the best validation log-likelihood among survivors — no interpretability/likelihood trade-off to resolve.,regime_core,pipeline,2,8,diag,7,0.9999916278889339,0.9999996404986369,8.372111767450037e-06,3.5950213884585243e-07
2024-02-16,2024-02-16,0,0,project,Best interpretable candidate also has the best validation log-likelihood among survivors — no interpretability/likelihood trade-off to resolve.,regime_core,pipeline,2,8,diag,7,0.9999188455557594,0.9999965027988981,8.115444348942336e-05,3.4972019244728976e-06
2024-02-23,2024-02-23,0,0,project,Best interpretable candidate also has the best validation log-likelihood among survivors — no interpretability/likelihood trade-off to resolve.,regime_core,pipeline,2,8,diag,7,0.9995815906573751,0.9999820353563554,0.0004184093433651768,1.796464293466251e-05
2024-03-01,2024-03-01,0,0,project,Best interpretable candidate also has the best validation log-likelihood among survivors — no interpretability/likelihood trade-off to resolve.,regime_core,pipeline,2,8,diag,7,0.9999673608414702,0.9999985934365101,3.263915791721134e-05,1.4065630527493908e-06
2024-03-08,2024-03-08,0,0,project,Best interpretable candidate also has the best validation log-likelihood among survivors — no interpretability/likelihood trade-off to resolve.,regime_core,pipeline,2,8,diag,7,0.999574640596508,0.999981737620468,0.0004253594032849849,1.826238005913208e-05
2024-03-15,2024-03-15,0,0,project,Best interpretable candidate also has the best validation log-likelihood among survivors — no interpretability/likelihood trade-off to resolve.,regime_core,pipeline,2,8,diag,7,0.9999715637082349,0.9999987731433316,2.8436291793679033e-05,1.2268558677148172e-06
2024-03-22,2024-03-22,0,0,project,Best interpretable candidate also has the best validation log-likelihood among survivors — no interpretability/likelihood trade-off to resolve.,regime_core,pipeline,2,8,diag,7,0.9994639818976625,0.9999769254361254,0.0005360181018828724,2.3074563221455463e-05
2024-03-29,2024-03-28,0,0,project,Best interpretable candidate also has the best validation log-likelihood among survivors — no interpretability/likelihood trade-off to resolve.,regime_core,pipeline,2,8,diag,7,0.9997237186283744,0.9999881430715404,0.00027628137244904726,1.1856929101495705e-05
2024-04-05,2024-04-05,0,0,project,Best interpretable candidate also has the best validation log-likelihood among survivors — no interpretability/likelihood trade-off to resolve.,regime_core,pipeline,2,8,diag,7,0.9999979197021995,0.9999999107021762,2.0802969934085517e-06,8.929804555264257e-08
2024-04-12,2024-04-12,0,0,project,Best interpretable candidate also has the best validation log-likelihood among survivors — no interpretability/likelihood trade-off to resolve.,regime_core,pipeline,2,8,diag,7,0.9999512600207112,0.9999979080043031,4.873997937228249e-05,2.09199566553592e-06
2024-04-19,2024-04-19,0,0,project,Best interpretable candidate also has the best validation log-likelihood among survivors — no interpretability/likelihood trade-off to resolve.,regime_core,pipeline,2,8,diag,7,0.9999647334368675,0.9999984851031164,3.526656311541705e-05,1.5148972877833787e-06
2024-04-26,2024-04-26,0,0,project,Best interpretable candidate also has the best validation log-likelihood among survivors — no interpretability/likelihood trade-off to resolve.,regime_core,pipeline,2,8,diag,7,0.9998880657099667,0.9999951419476698,0.0001119342896152936,4.858052376260516e-06
2024-05-03,2024-05-03,0,0,project,Best interpretable candidate also has the best validation log-likelihood among survivors — no interpretability/likelihood trade-off to resolve.,regime_core,pipeline,2,8,diag,7,0.9989024657303262,0.9999524133081266,0.001097534269113907,4.7586692045918104e-05
2024-05-10,2024-05-10,0,0,project,Best interpretable candidate also has the best validation log-likelihood among survivors — no interpretability/likelihood trade-off to resolve.,regime_core,pipeline,2,8,diag,7,0.9990748831115426,0.9999601270520121,0.0009251168888148713,3.987294779246008e-05
2024-05-17,2024-05-17,0,0,project,Best interpretable candidate also has the best validation log-likelihood among survivors — no interpretability/likelihood trade-off to resolve.,regime_core,pipeline,2,8,diag,7,0.9996465902621158,0.9999845613993201,0.0003534097371582336,1.5438600638830353e-05
2024-05-24,2024-05-24,0,0,project,Best interpretable candidate also has the best validation log-likelihood among survivors — no interpretability/likelihood trade-off to resolve.,regime_core,pipeline,2,8,diag,7,0.9982850941531096,0.99992578222769,0.001714905846736207,7.421777293890182e-05
2024-05-31,2024-05-31,0,0,project,Best interpretable candidate also has the best validation log-likelihood among survivors — no interpretability/likelihood trade-off to resolve.,regime_core,pipeline,2,8,diag,7,0.9993114546705358,0.9999702153488325,0.0006885453291356513,2.978465096502723e-05
2024-06-07,2024-06-07,0,0,project,Best interpretable candidate also has the best validation log-likelihood among survivors — no interpretability/likelihood trade-off to resolve.,regime_core,pipeline,2,8,diag,7,0.9992661961794836,0.9999684054389825,0.0007338038202773801,3.1594560271760704e-05
2024-06-14,2024-06-14,0,0,project,Best interpretable candidate also has the best validation log-likelihood among survivors — no interpretability/likelihood trade-off to resolve.,regime_core,pipeline,2,8,diag,7,0.9997265089203105,0.9999881568174804,0.0002734910803439107,1.1843181757785089e-05
2024-06-21,2024-06-21,0,0,project,Best interpretable candidate also has the best validation log-likelihood among survivors — no interpretability/likelihood trade-off to resolve.,regime_core,pipeline,2,8,diag,7,0.9991292902372942,0.9999623905238277,0.0008707097631932307,3.760947701360101e-05
2024-06-28,2024-06-28,0,0,project,Best interpretable candidate also has the best validation log-likelihood among survivors — no interpretability/likelihood trade-off to resolve.,regime_core,pipeline,2,8,diag,7,0.9994245189747176,0.9999752420126086,0.000575481025541807,2.4757987548671497e-05
2024-07-05,2024-07-05,0,0,project,Best interpretable candidate also has the best validation log-likelihood among survivors — no interpretability/likelihood trade-off to resolve.,regime_core,pipeline,2,8,diag,7,0.9997889576906717,0.9999908898149693,0.00021104230881739192,9.110185577856007e-06
2024-07-12,2024-07-12,0,0,project,Best interpretable candidate also has the best validation log-likelihood among survivors — no interpretability/likelihood trade-off to resolve.,regime_core,pipeline,2,8,diag,7,0.9994260805304651,0.9999753321704092,0.00057391946873259,2.466782956072441e-05
2024-07-19,2024-07-19,0,0,project,Best interpretable candidate also has the best validation log-likelihood among survivors — no interpretability/likelihood trade-off to resolve.,regime_core,pipeline,2,8,diag,7,0.9998798424566482,0.999994769256811,0.00012015754418759574,5.230743397423097e-06
2024-07-26,2024-07-26,0,0,project,Best interpretable candidate also has the best validation log-likelihood among survivors — no interpretability/likelihood trade-off to resolve.,regime_core,pipeline,2,8,diag,7,0.9985973551873996,0.9999397398682044,0.0014026448134886683,6.026013122660279e-05
2024-08-02,2024-08-02,0,0,project,Best interpretable candidate also has the best validation log-likelihood among survivors — no interpretability/likelihood trade-off to resolve.,regime_core,pipeline,2,8,diag,7,0.9999994333267537,0.9999999756219043,5.666732181681314e-07,2.4377839507529463e-08
2024-08-09,2024-08-09,0,0,project,Best interpretable candidate also has the best validation log-likelihood among survivors — no interpretability/likelihood trade-off to resolve.,regime_core,pipeline,2,8,diag,7,0.9997432974732992,0.9999888674648296,0.00025670252670434375,1.1132534647568411e-05
2024-08-16,2024-08-16,0,0,project,Best interpretable candidate also has the best validation log-likelihood among survivors — no interpretability/likelihood trade-off to resolve.,regime_core,pipeline,2,8,diag,7,0.9989912939075819,0.9999561631179689,0.001008706092199033,4.3836881222059894e-05
2024-08-23,2024-08-23,0,0,project,Best interpretable candidate also has the best validation log-likelihood among survivors — no interpretability/likelihood trade-off to resolve.,regime_core,pipeline,2,8,diag,7,0.998836189548109,0.999949990312387,0.001163810451635993,5.000968837897515e-05
2024-08-30,2024-08-30,0,0,project,Best interpretable candidate also has the best validation log-likelihood among survivors — no interpretability/likelihood trade-off to resolve.,regime_core,pipeline,2,8,diag,7,0.9999569377100441,0.9999981518375333,4.306229068215411e-05,1.8481627067291638e-06
2024-09-06,2024-09-06,0,0,project,Best interpretable candidate also has the best validation log-likelihood among survivors — no interpretability/likelihood trade-off to resolve.,regime_core,pipeline,2,8,diag,7,0.9999722248450071,0.9999987715371659,2.777515458170374e-05,1.2284620241393488e-06
2024-09-13,2024-09-13,0,0,project,Best interpretable candidate also has the best validation log-likelihood among survivors — no interpretability/likelihood trade-off to resolve.,regime_core,pipeline,2,8,diag,7,0.9972551318488073,0.9998721838602316,0.0027448681518865595,0.00012781614005154222
2024-09-20,2024-09-20,0,0,project,Best interpretable candidate also has the best validation log-likelihood among survivors — no interpretability/likelihood trade-off to resolve.,regime_core,pipeline,2,8,diag,7,0.9926736095424051,0.9996485808226181,0.007326390458286966,0.00035141917675585735
2024-09-27,2024-09-27,0,0,project,Best interpretable candidate also has the best validation log-likelihood among survivors — no interpretability/likelihood trade-off to resolve.,regime_core,pipeline,2,8,diag,7,0.988676343951717,0.9995087892265921,0.011323656048051517,0.0004912107725497269
2024-10-04,2024-10-04,0,0,project,Best interpretable candidate also has the best validation log-likelihood among survivors — no interpretability/likelihood trade-off to resolve.,regime_core,pipeline,2,8,diag,7,0.9999870129310919,0.9999994419578535,1.2987069726713526e-05,5.58041472505049e-07
2024-10-11,2024-10-11,0,0,project,Best interpretable candidate also has the best validation log-likelihood among survivors — no interpretability/likelihood trade-off to resolve.,regime_core,pipeline,2,8,diag,7,0.9998587418820366,0.999993762970358,0.00014125811711412274,6.237030366145264e-06
2024-10-18,2024-10-18,0,0,project,Best interpretable candidate also has the best validation log-likelihood among survivors — no interpretability/likelihood trade-off to resolve.,regime_core,pipeline,2,8,diag,7,0.9972083740193362,0.9998797832538404,0.002791625980516695,0.00012021674565897402
2024-10-25,2024-10-25,0,0,project,Best interpretable candidate also has the best validation log-likelihood among survivors — no interpretability/likelihood trade-off to resolve.,regime_core,pipeline,2,8,diag,7,0.999898793246232,0.9999955876434825,0.00010120675331204505,4.41235635040013e-06
2024-11-01,2024-11-01,0,0,project,Best interpretable candidate also has the best validation log-likelihood among survivors — no interpretability/likelihood trade-off to resolve.,regime_core,pipeline,2,8,diag,7,0.9985818317055213,0.9999333880636708,0.001418168293614474,6.661193595987127e-05
2024-11-08,2024-11-08,0,0,project,Best interpretable candidate also has the best validation log-likelihood among survivors — no interpretability/likelihood trade-off to resolve.,regime_core,pipeline,2,8,diag,7,0.9911392545693263,0.9996079155609303,0.008860745430047424,0.0003920844384139345
2024-11-15,2024-11-15,0,0,project,Best interpretable candidate also has the best validation log-likelihood among survivors — no interpretability/likelihood trade-off to resolve.,regime_core,pipeline,2,8,diag,7,0.9982136559397763,0.9998976115054625,0.001786344059394854,0.00010238849485002311
2024-11-22,2024-11-22,0,0,project,Best interpretable candidate also has the best validation log-likelihood among survivors — no interpretability/likelihood trade-off to resolve.,regime_core,pipeline,2,8,diag,7,0.9705032760689587,0.9985924467698187,0.0294967239307231,0.0014075532307652923
2024-11-29,2024-11-29,0,0,project,Best interpretable candidate also has the best validation log-likelihood among survivors — no interpretability/likelihood trade-off to resolve.,regime_core,pipeline,2,8,diag,7,0.9963193130831547,0.99955941230527,0.0036806869166640574,0.0004405876953836701
2024-12-06,2024-12-06,0,0,project,Best interpretable candidate also has the best validation log-likelihood among survivors — no interpretability/likelihood trade-off to resolve.,regime_core,pipeline,2,8,diag,7,0.8521421782075979,0.9923442359990122,0.14785782179321327,0.007655764000846479
2024-12-13,2024-12-13,0,0,project,Best interpretable candidate also has the best validation log-likelihood among survivors — no interpretability/likelihood trade-off to resolve.,regime_core,pipeline,2,8,diag,7,0.9919470158038501,0.9995812154787589,0.008052984196740696,0.0004187845210434729
2024-12-20,2024-12-20,0,0,project,Best interpretable candidate also has the best validation log-likelihood among survivors — no interpretability/likelihood trade-off to resolve.,regime_core,pipeline,2,8,diag,7,0.9808689939803675,0.9990894025247263,0.019131006018786544,0.0009105974745208909
2024-12-27,2024-12-27,0,0,project,Best interpretable candidate also has the best validation log-likelihood among survivors — no interpretability/likelihood trade-off to resolve.,regime_core,pipeline,2,8,diag,7,0.9906536571112571,0.9995561513395393,0.009346342888270567,0.0004438486597063583
2025-01-03,2025-01-03,0,0,project,Best interpretable candidate also has the best validation log-likelihood among survivors — no interpretability/likelihood trade-off to resolve.,regime_core,pipeline,2,8,diag,7,0.9899545446428488,0.9995590010912339,0.010045455356475115,0.0004409989088967213
2025-01-10,2025-01-10,0,0,project,Best interpretable candidate also has the best validation log-likelihood among survivors — no interpretability/likelihood trade-off to resolve.,regime_core,pipeline,2,8,diag,7,0.9996729458281539,0.9999387025634164,0.00032705417175445833,6.129743601200816e-05
2025-01-17,2025-01-17,0,0,project,Best interpretable candidate also has the best validation log-likelihood among survivors — no interpretability/likelihood trade-off to resolve.,regime_core,pipeline,2,8,diag,7,0.9438972044150422,0.9860082330324148,0.0561027955841393,0.013991766967622065
2025-01-24,2025-01-24,0,0,project,Best interpretable candidate also has the best validation log-likelihood among survivors — no interpretability/likelihood trade-off to resolve.,regime_core,pipeline,2,8,diag,7,0.9214052238683237,0.9698357853808349,0.07859477613245798,0.030164214618475536
2025-01-31,2025-01-31,0,0,project,Best interpretable candidate also has the best validation log-likelihood among survivors — no interpretability/likelihood trade-off to resolve.,regime_core,pipeline,2,8,diag,7,0.8682883803939849,0.9431564774113579,0.1317116196066611,0.056843522588215845
2025-02-07,2025-02-07,0,0,project,Best interpretable candidate also has the best validation log-likelihood among survivors — no interpretability/likelihood trade-off to resolve.,regime_core,pipeline,2,8,diag,7,0.7594743955714744,0.9168189176448258,0.24052560442838772,0.08318108235558086
2025-02-14,2025-02-14,0,0,project,Best interpretable candidate also has the best validation log-likelihood among survivors — no interpretability/likelihood trade-off to resolve.,regime_core,pipeline,2,8,diag,7,0.7267957329927512,0.9074276086241869,0.2732042670070715,0.09257239137607522
2025-02-21,2025-02-21,0,0,project,Best interpretable candidate also has the best validation log-likelihood among survivors — no interpretability/likelihood trade-off to resolve.,regime_core,pipeline,2,8,diag,7,0.5900661188877162,0.9017261311085433,0.40993388111254037,0.09827386889161321
2025-02-28,2025-02-28,1,0,project,Best interpretable candidate also has the best validation log-likelihood among survivors — no interpretability/likelihood trade-off to resolve.,regime_core,pipeline,2,8,diag,7,0.40133689818128854,0.9183876303027336,0.5986631018195263,0.08161236969793338
2025-03-07,2025-03-07,0,0,project,Best interpretable candidate also has the best validation log-likelihood among survivors — no interpretability/likelihood trade-off to resolve.,regime_core,pipeline,2,8,diag,7,0.7628215698550438,0.9755906990292074,0.23717843014528503,0.024409300969908863
2025-03-14,2025-03-14,0,0,project,Best interpretable candidate also has the best validation log-likelihood among survivors — no interpretability/likelihood trade-off to resolve.,regime_core,pipeline,2,8,diag,7,0.8508604964729439,0.9850200159658429,0.14913950352772398,0.01497998403371652
2025-03-21,2025-03-21,0,0,project,Best interpretable candidate also has the best validation log-likelihood among survivors — no interpretability/likelihood trade-off to resolve.,regime_core,pipeline,2,8,diag,7,0.7939294342900968,0.9882261088457237,0.2060705657106218,0.011773891153790522
2025-03-28,2025-03-28,0,0,project,Best interpretable candidate also has the best validation log-likelihood among survivors — no interpretability/likelihood trade-off to resolve.,regime_core,pipeline,2,8,diag,7,0.9759058964055602,0.9989418689128069,0.02409410359519672,0.0010581310864666296
2025-04-04,2025-04-04,0,0,project,Best interpretable candidate also has the best validation log-likelihood among survivors — no interpretability/likelihood trade-off to resolve.,regime_core,pipeline,2,8,diag,7,1.0,1.0,4.778476211393398e-19,2.0501510235662416e-20
2025-04-11,2025-04-11,0,0,project,Best interpretable candidate also has the best validation log-likelihood among survivors — no interpretability/likelihood trade-off to resolve.,regime_core,pipeline,2,8,diag,7,1.0,1.0,1.0614977692283861e-13,4.554255958263465e-15
2025-04-18,2025-04-17,0,0,project,Best interpretable candidate also has the best validation log-likelihood among survivors — no interpretability/likelihood trade-off to resolve.,regime_core,pipeline,2,8,diag,7,0.9999995726157981,0.9999999816591301,4.273843836308926e-07,1.8340436703077015e-08
2025-04-25,2025-04-25,0,0,project,Best interpretable candidate also has the best validation log-likelihood among survivors — no interpretability/likelihood trade-off to resolve.,regime_core,pipeline,2,8,diag,7,0.9999790476316295,0.9999990995260721,2.0952369145589617e-05,9.004738384689167e-07
2025-05-02,2025-05-02,0,0,project,Best interpretable candidate also has the best validation log-likelihood among survivors — no interpretability/likelihood trade-off to resolve.,regime_core,pipeline,2,8,diag,7,0.9998539502428009,0.9999930044258727,0.0001460497571711271,6.995573593325988e-06
2025-05-09,2025-05-09,0,0,project,Best interpretable candidate also has the best validation log-likelihood among survivors — no interpretability/likelihood trade-off to resolve.,regime_core,pipeline,2,8,diag,7,0.9889618673905849,0.9995177919853114,0.011038132609562885,0.0004822080148198346
2025-05-16,2025-05-16,0,0,project,Best interpretable candidate also has the best validation log-likelihood among survivors — no interpretability/likelihood trade-off to resolve.,regime_core,pipeline,2,8,diag,7,0.9992037291797656,0.9999654962889533,0.0007962708202693966,3.450371038342868e-05
2025-05-23,2025-05-23,0,0,project,Best interpretable candidate also has the best validation log-likelihood among survivors — no interpretability/likelihood trade-off to resolve.,regime_core,pipeline,2,8,diag,7,0.9994849799117648,0.9999615812898436,0.0005150200881948619,3.8418709991305647e-05
2025-05-30,2025-05-30,0,0,project,Best interpretable candidate also has the best validation log-likelihood among survivors — no interpretability/likelihood trade-off to resolve.,regime_core,pipeline,2,8,diag,7,0.9836556846026819,0.9969279756924092,0.016344315397458065,0.003072024307647548
2025-06-06,2025-06-06,0,0,project,Best interpretable candidate also has the best validation log-likelihood among survivors — no interpretability/likelihood trade-off to resolve.,regime_core,pipeline,2,8,diag,7,0.9691714407316321,0.9839111987438593,0.030828559267685116,0.016088801255459816
2025-06-13,2025-06-13,0,0,project,Best interpretable candidate also has the best validation log-likelihood among survivors — no interpretability/likelihood trade-off to resolve.,regime_core,pipeline,2,8,diag,7,0.9101401185973049,0.9404452250011776,0.0898598814018535,0.05955477499901608
2025-06-20,2025-06-20,0,0,project,Best interpretable candidate also has the best validation log-likelihood among survivors — no interpretability/likelihood trade-off to resolve.,regime_core,pipeline,2,8,diag,7,0.580515484362397,0.8898688181972318,0.4194845156377415,0.11013118180301637
2025-06-27,2025-06-27,0,0,project,Best interpretable candidate also has the best validation log-likelihood among survivors — no interpretability/likelihood trade-off to resolve.,regime_core,pipeline,2,8,diag,7,0.5905100861152772,0.9060890486111722,0.40948991388429634,0.09391095138961557
2025-07-04,2025-07-03,0,0,project,Best interpretable candidate also has the best validation log-likelihood among survivors — no interpretability/likelihood trade-off to resolve.,regime_core,pipeline,2,8,diag,7,0.7060695944639863,0.9234497483950933,0.29393040553642774,0.07655025160533821
2025-07-11,2025-07-11,0,0,project,Best interpretable candidate also has the best validation log-likelihood among survivors — no interpretability/likelihood trade-off to resolve.,regime_core,pipeline,2,8,diag,7,0.7288862905768742,0.9257686666831929,0.27111370942275775,0.07423133331753501
2025-07-18,2025-07-18,0,0,project,Best interpretable candidate also has the best validation log-likelihood among survivors — no interpretability/likelihood trade-off to resolve.,regime_core,pipeline,2,8,diag,7,0.8480557915046458,0.9248662460705506,0.15194420849582552,0.07513375392879527
2025-07-25,2025-07-25,0,0,project,Best interpretable candidate also has the best validation log-likelihood among survivors — no interpretability/likelihood trade-off to resolve.,regime_core,pipeline,2,8,diag,7,0.873976147466093,0.8950457519092859,0.12602385253363158,0.10495424809132871
2025-08-01,2025-08-01,0,0,project,Best interpretable candidate also has the best validation log-likelihood among survivors — no interpretability/likelihood trade-off to resolve.,regime_core,pipeline,2,8,diag,7,0.8595058694706915,0.8336201042989881,0.14049413053019055,0.16637989570012707
2025-08-08,2025-08-08,0,0,project,Best interpretable candidate also has the best validation log-likelihood among survivors — no interpretability/likelihood trade-off to resolve.,regime_core,pipeline,2,8,diag,7,0.8326522018076036,0.7440021606895008,0.16734779819197193,0.25599783930987724
2025-08-15,2025-08-15,0,0,project,Best interpretable candidate also has the best validation log-likelihood among survivors — no interpretability/likelihood trade-off to resolve.,regime_core,pipeline,2,8,diag,7,0.5969076796965553,0.6295152592774164,0.4030923203027092,0.3704847407218022
2025-08-22,2025-08-22,1,0,project,Best interpretable candidate also has the best validation log-likelihood among survivors — no interpretability/likelihood trade-off to resolve.,regime_core,pipeline,2,8,diag,7,0.26477065215007906,0.5959457467919697,0.7352293478495066,0.4040542532072384
2025-08-29,2025-08-29,1,0,project,Best interpretable candidate also has the best validation log-likelihood among survivors — no interpretability/likelihood trade-off to resolve.,regime_core,pipeline,2,8,diag,7,0.3253441411345819,0.6539886869398428,0.6746558588653927,0.34601131306051036
2025-09-05,2025-09-05,1,0,project,Best interpretable candidate also has the best validation log-likelihood among survivors — no interpretability/likelihood trade-off to resolve.,regime_core,pipeline,2,8,diag,7,0.23114621648024636,0.6975829893325779,0.7688537835203831,0.30241701066820326
2025-09-12,2025-09-12,1,0,project,Best interpretable candidate also has the best validation log-likelihood among survivors — no interpretability/likelihood trade-off to resolve.,regime_core,pipeline,2,8,diag,7,0.29440560322408504,0.7904076186268176,0.705594396775295,0.2095923813730751
2025-09-19,2025-09-19,0,0,project,Best interpretable candidate also has the best validation log-likelihood among survivors — no interpretability/likelihood trade-off to resolve.,regime_core,pipeline,2,8,diag,7,0.6347914864761158,0.8659831061026821,0.36520851352399053,0.13401689389726407
2025-09-26,2025-09-26,0,0,project,Best interpretable candidate also has the best validation log-likelihood among survivors — no interpretability/likelihood trade-off to resolve.,regime_core,pipeline,2,8,diag,7,0.6983539847319785,0.8679931772694164,0.30164601526795265,0.13200682273062223
2025-10-03,2025-10-03,0,0,project,Best interpretable candidate also has the best validation log-likelihood among survivors — no interpretability/likelihood trade-off to resolve.,regime_core,pipeline,2,8,diag,7,0.6434778230191608,0.857693246217039,0.3565221769800934,0.14230675378355812
2025-10-10,2025-10-10,0,0,project,Best interpretable candidate also has the best validation log-likelihood among survivors — no interpretability/likelihood trade-off to resolve.,regime_core,pipeline,2,8,diag,7,0.8402966783589745,0.8563361517372954,0.15970332164157813,0.14366384826308445
2025-10-17,2025-10-17,0,0,project,Best interpretable candidate also has the best validation log-likelihood among survivors — no interpretability/likelihood trade-off to resolve.,regime_core,pipeline,2,8,diag,7,0.9356844813991343,0.7933342000025756,0.06431551860035689,0.20666579999832957
2025-10-24,2025-10-24,0,1,project,Best interpretable candidate also has the best validation log-likelihood among survivors — no interpretability/likelihood trade-off to resolve.,regime_core,pipeline,2,8,diag,7,0.8560217304103452,0.5078909020619458,0.14397826958977045,0.4921090979387421
2025-10-31,2025-10-31,0,1,project,Best interpretable candidate also has the best validation log-likelihood among survivors — no interpretability/likelihood trade-off to resolve.,regime_core,pipeline,2,8,diag,7,0.5822187849536546,0.22921509445474167,0.4177812150457466,0.7707849055444087
2025-11-07,2025-11-07,1,1,project,Best interpretable candidate also has the best validation log-likelihood among survivors — no interpretability/likelihood trade-off to resolve.,regime_core,pipeline,2,8,diag,7,0.2780917158234496,0.1303724877400454,0.7219082841767314,0.8696275122607852
2025-11-14,2025-11-14,1,1,project,Best interpretable candidate also has the best validation log-likelihood among survivors — no interpretability/likelihood trade-off to resolve.,regime_core,pipeline,2,8,diag,7,0.2228813308806536,0.10955531321639361,0.7771186691184385,0.8904446867836091
2025-11-21,2025-11-21,1,1,project,Best interpretable candidate also has the best validation log-likelihood among survivors — no interpretability/likelihood trade-off to resolve.,regime_core,pipeline,2,8,diag,7,0.13077525191914918,0.09812648721252862,0.8692247480808997,0.9018735127867861
2025-11-28,2025-11-28,1,1,project,Best interpretable candidate also has the best validation log-likelihood among survivors — no interpretability/likelihood trade-off to resolve.,regime_core,pipeline,2,8,diag,7,0.3673151251740268,0.10979895590132624,0.6326848748268397,0.8902010440987488
2025-12-05,2025-12-05,1,1,project,Best interpretable candidate also has the best validation log-likelihood among survivors — no interpretability/likelihood trade-off to resolve.,regime_core,pipeline,2,8,diag,7,0.35490089428532107,0.0648277268894614,0.6450991057140036,0.9351722731101175
2025-12-12,2025-12-12,1,1,project,Best interpretable candidate also has the best validation log-likelihood among survivors — no interpretability/likelihood trade-off to resolve.,regime_core,pipeline,2,8,diag,7,0.1056600759035038,0.016638293886058118,0.8943399240961871,0.9833617061144507
2025-12-19,2025-12-19,1,1,project,Best interpretable candidate also has the best validation log-likelihood among survivors — no interpretability/likelihood trade-off to resolve.,regime_core,pipeline,2,8,diag,7,0.04071148772784012,0.007487733790405614,0.9592885122723471,0.9925122662103891
2025-12-26,2025-12-26,1,1,project,Best interpretable candidate also has the best validation log-likelihood among survivors — no interpretability/likelihood trade-off to resolve.,regime_core,pipeline,2,8,diag,7,0.05317289315484286,0.006943576511236914,0.9468271068451417,0.9930564234883038
2026-01-02,2026-01-02,1,1,project,Best interpretable candidate also has the best validation log-likelihood among survivors — no interpretability/likelihood trade-off to resolve.,regime_core,pipeline,2,8,diag,7,0.02121847282638762,0.002803153606717829,0.9787815271729577,0.9971968463938186
2026-01-09,2026-01-09,1,1,project,Best interpretable candidate also has the best validation log-likelihood among survivors — no interpretability/likelihood trade-off to resolve.,regime_core,pipeline,2,8,diag,7,0.010927377189462248,0.0021690067008698043,0.9890726228108109,0.9978309932992009
2026-01-16,2026-01-16,1,1,project,Best interpretable candidate also has the best validation log-likelihood among survivors — no interpretability/likelihood trade-off to resolve.,regime_core,pipeline,2,8,diag,7,0.01709324165848348,0.005439405586784801,0.9829067583421656,0.9945605944139556
2026-01-23,2026-01-23,1,1,project,Best interpretable candidate also has the best validation log-likelihood among survivors — no interpretability/likelihood trade-off to resolve.,regime_core,pipeline,2,8,diag,7,0.05648742420487523,0.013148618785125897,0.9435125757946313,0.9868513812140562
2026-01-30,2026-01-30,1,1,project,Best interpretable candidate also has the best validation log-likelihood among survivors — no interpretability/likelihood trade-off to resolve.,regime_core,pipeline,2,8,diag,7,0.08286344943562055,0.012874798052949261,0.9171365505641322,0.9871252019477337
2026-02-06,2026-02-06,1,1,project,Best interpretable candidate also has the best validation log-likelihood among survivors — no interpretability/likelihood trade-off to resolve.,regime_core,pipeline,2,8,diag,7,0.04721655930506249,0.006370193252970568,0.9527834406954793,0.9936298067476284
2026-02-13,2026-02-13,1,1,project,Best interpretable candidate also has the best validation log-likelihood among survivors — no interpretability/likelihood trade-off to resolve.,regime_core,pipeline,2,8,diag,7,0.019119157880880002,0.00306640395902352,0.9808808421193104,0.9969335960413139
2026-02-20,2026-02-20,1,1,project,Best interpretable candidate also has the best validation log-likelihood among survivors — no interpretability/likelihood trade-off to resolve.,regime_core,pipeline,2,8,diag,7,0.004402700666787389,0.0038521876628965935,0.9955972993333709,0.9961478123371772
2026-02-27,2026-02-27,1,1,project,Best interpretable candidate also has the best validation log-likelihood among survivors — no interpretability/likelihood trade-off to resolve.,regime_core,pipeline,2,8,diag,7,0.0025862619092187045,0.03684618213419634,0.9974137380904617,0.9631538178650213
2026-03-06,2026-03-06,0,0,project,Best interpretable candidate also has the best validation log-likelihood among survivors — no interpretability/likelihood trade-off to resolve.,regime_core,pipeline,2,8,diag,7,0.6079493870199744,0.6449594805717553,0.3920506129799394,0.3550405194287033
2026-03-13,2026-03-13,0,0,project,Best interpretable candidate also has the best validation log-likelihood among survivors — no interpretability/likelihood trade-off to resolve.,regime_core,pipeline,2,8,diag,7,0.6109348399743026,0.6109348399743026,0.3890651600248703,0.3890651600248703
